"Statistic Label","Year","Age","Sex","Criteria for Projection","UNIT","VALUE"
"Population Projections based on Census 2022","2022","Under 1 year","Male","Method - M2","Number","29546"
"Population Projections based on Census 2022","2022","Under 1 year","Female","Method - M2","Number","28138"
"Population Projections based on Census 2022","2022","1 year","Male","Method - M2","Number","28985"
"Population Projections based on Census 2022","2022","1 year","Female","Method - M2","Number","27646"
"Population Projections based on Census 2022","2022","2 years","Male","Method - M2","Number","30263"
"Population Projections based on Census 2022","2022","2 years","Female","Method - M2","Number","28987"
"Population Projections based on Census 2022","2022","3 years","Male","Method - M2","Number","31050"
"Population Projections based on Census 2022","2022","3 years","Female","Method - M2","Number","29546"
"Population Projections based on Census 2022","2022","4 years","Male","Method - M2","Number","31743"
"Population Projections based on Census 2022","2022","4 years","Female","Method - M2","Number","29930"
"Population Projections based on Census 2022","2022","5 years","Male","Method - M2","Number","32787"
"Population Projections based on Census 2022","2022","5 years","Female","Method - M2","Number","31445"
"Population Projections based on Census 2022","2022","6 years","Male","Method - M2","Number","34168"
"Population Projections based on Census 2022","2022","6 years","Female","Method - M2","Number","32735"
"Population Projections based on Census 2022","2022","7 years","Male","Method - M2","Number","35529"
"Population Projections based on Census 2022","2022","7 years","Female","Method - M2","Number","33655"
"Population Projections based on Census 2022","2022","8 years","Male","Method - M2","Number","36369"
"Population Projections based on Census 2022","2022","8 years","Female","Method - M2","Number","34547"
"Population Projections based on Census 2022","2022","9 years","Male","Method - M2","Number","37048"
"Population Projections based on Census 2022","2022","9 years","Female","Method - M2","Number","35296"
"Population Projections based on Census 2022","2022","10 years","Male","Method - M2","Number","38187"
"Population Projections based on Census 2022","2022","10 years","Female","Method - M2","Number","36175"
"Population Projections based on Census 2022","2022","11 years","Male","Method - M2","Number","38391"
"Population Projections based on Census 2022","2022","11 years","Female","Method - M2","Number","36918"
"Population Projections based on Census 2022","2022","12 years","Male","Method - M2","Number","39036"
"Population Projections based on Census 2022","2022","12 years","Female","Method - M2","Number","37373"
"Population Projections based on Census 2022","2022","13 years","Male","Method - M2","Number","38484"
"Population Projections based on Census 2022","2022","13 years","Female","Method - M2","Number","36847"
"Population Projections based on Census 2022","2022","14 years","Male","Method - M2","Number","37415"
"Population Projections based on Census 2022","2022","14 years","Female","Method - M2","Number","36053"
"Population Projections based on Census 2022","2022","15 years","Male","Method - M2","Number","35939"
"Population Projections based on Census 2022","2022","15 years","Female","Method - M2","Number","34346"
"Population Projections based on Census 2022","2022","16 years","Male","Method - M2","Number","34734"
"Population Projections based on Census 2022","2022","16 years","Female","Method - M2","Number","33188"
"Population Projections based on Census 2022","2022","17 years","Male","Method - M2","Number","34981"
"Population Projections based on Census 2022","2022","17 years","Female","Method - M2","Number","32859"
"Population Projections based on Census 2022","2022","18 years","Male","Method - M2","Number","33907"
"Population Projections based on Census 2022","2022","18 years","Female","Method - M2","Number","32760"
"Population Projections based on Census 2022","2022","19 years","Male","Method - M2","Number","33066"
"Population Projections based on Census 2022","2022","19 years","Female","Method - M2","Number","31996"
"Population Projections based on Census 2022","2022","20 years","Male","Method - M2","Number","32481"
"Population Projections based on Census 2022","2022","20 years","Female","Method - M2","Number","31804"
"Population Projections based on Census 2022","2022","21 years","Male","Method - M2","Number","31460"
"Population Projections based on Census 2022","2022","21 years","Female","Method - M2","Number","30556"
"Population Projections based on Census 2022","2022","22 years","Male","Method - M2","Number","31905"
"Population Projections based on Census 2022","2022","22 years","Female","Method - M2","Number","31243"
"Population Projections based on Census 2022","2022","23 years","Male","Method - M2","Number","31423"
"Population Projections based on Census 2022","2022","23 years","Female","Method - M2","Number","30487"
"Population Projections based on Census 2022","2022","24 years","Male","Method - M2","Number","30737"
"Population Projections based on Census 2022","2022","24 years","Female","Method - M2","Number","29845"
"Population Projections based on Census 2022","2022","25 years","Male","Method - M2","Number","30489"
"Population Projections based on Census 2022","2022","25 years","Female","Method - M2","Number","29810"
"Population Projections based on Census 2022","2022","26 years","Male","Method - M2","Number","29700"
"Population Projections based on Census 2022","2022","26 years","Female","Method - M2","Number","29228"
"Population Projections based on Census 2022","2022","27 years","Male","Method - M2","Number","29492"
"Population Projections based on Census 2022","2022","27 years","Female","Method - M2","Number","29882"
"Population Projections based on Census 2022","2022","28 years","Male","Method - M2","Number","29191"
"Population Projections based on Census 2022","2022","28 years","Female","Method - M2","Number","30009"
"Population Projections based on Census 2022","2022","29 years","Male","Method - M2","Number","30220"
"Population Projections based on Census 2022","2022","29 years","Female","Method - M2","Number","31113"
"Population Projections based on Census 2022","2022","30 years","Male","Method - M2","Number","31289"
"Population Projections based on Census 2022","2022","30 years","Female","Method - M2","Number","33291"
"Population Projections based on Census 2022","2022","31 years","Male","Method - M2","Number","32386"
"Population Projections based on Census 2022","2022","31 years","Female","Method - M2","Number","33897"
"Population Projections based on Census 2022","2022","32 years","Male","Method - M2","Number","32518"
"Population Projections based on Census 2022","2022","32 years","Female","Method - M2","Number","34641"
"Population Projections based on Census 2022","2022","33 years","Male","Method - M2","Number","32003"
"Population Projections based on Census 2022","2022","33 years","Female","Method - M2","Number","34714"
"Population Projections based on Census 2022","2022","34 years","Male","Method - M2","Number","33231"
"Population Projections based on Census 2022","2022","34 years","Female","Method - M2","Number","36556"
"Population Projections based on Census 2022","2022","35 years","Male","Method - M2","Number","35118"
"Population Projections based on Census 2022","2022","35 years","Female","Method - M2","Number","38447"
"Population Projections based on Census 2022","2022","36 years","Male","Method - M2","Number","35934"
"Population Projections based on Census 2022","2022","36 years","Female","Method - M2","Number","39277"
"Population Projections based on Census 2022","2022","37 years","Male","Method - M2","Number","36580"
"Population Projections based on Census 2022","2022","37 years","Female","Method - M2","Number","39571"
"Population Projections based on Census 2022","2022","38 years","Male","Method - M2","Number","37770"
"Population Projections based on Census 2022","2022","38 years","Female","Method - M2","Number","41246"
"Population Projections based on Census 2022","2022","39 years","Male","Method - M2","Number","38941"
"Population Projections based on Census 2022","2022","39 years","Female","Method - M2","Number","42926"
"Population Projections based on Census 2022","2022","40 years","Male","Method - M2","Number","40992"
"Population Projections based on Census 2022","2022","40 years","Female","Method - M2","Number","43855"
"Population Projections based on Census 2022","2022","41 years","Male","Method - M2","Number","41594"
"Population Projections based on Census 2022","2022","41 years","Female","Method - M2","Number","43916"
"Population Projections based on Census 2022","2022","42 years","Male","Method - M2","Number","41906"
"Population Projections based on Census 2022","2022","42 years","Female","Method - M2","Number","43656"
"Population Projections based on Census 2022","2022","43 years","Male","Method - M2","Number","39469"
"Population Projections based on Census 2022","2022","43 years","Female","Method - M2","Number","41612"
"Population Projections based on Census 2022","2022","44 years","Male","Method - M2","Number","38112"
"Population Projections based on Census 2022","2022","44 years","Female","Method - M2","Number","39614"
"Population Projections based on Census 2022","2022","45 years","Male","Method - M2","Number","38181"
"Population Projections based on Census 2022","2022","45 years","Female","Method - M2","Number","38925"
"Population Projections based on Census 2022","2022","46 years","Male","Method - M2","Number","37494"
"Population Projections based on Census 2022","2022","46 years","Female","Method - M2","Number","38327"
"Population Projections based on Census 2022","2022","47 years","Male","Method - M2","Number","37191"
"Population Projections based on Census 2022","2022","47 years","Female","Method - M2","Number","37661"
"Population Projections based on Census 2022","2022","48 years","Male","Method - M2","Number","36716"
"Population Projections based on Census 2022","2022","48 years","Female","Method - M2","Number","37348"
"Population Projections based on Census 2022","2022","49 years","Male","Method - M2","Number","36901"
"Population Projections based on Census 2022","2022","49 years","Female","Method - M2","Number","37261"
"Population Projections based on Census 2022","2022","50 years","Male","Method - M2","Number","36699"
"Population Projections based on Census 2022","2022","50 years","Female","Method - M2","Number","36829"
"Population Projections based on Census 2022","2022","51 years","Male","Method - M2","Number","35102"
"Population Projections based on Census 2022","2022","51 years","Female","Method - M2","Number","35246"
"Population Projections based on Census 2022","2022","52 years","Male","Method - M2","Number","34538"
"Population Projections based on Census 2022","2022","52 years","Female","Method - M2","Number","34618"
"Population Projections based on Census 2022","2022","53 years","Male","Method - M2","Number","32837"
"Population Projections based on Census 2022","2022","53 years","Female","Method - M2","Number","32392"
"Population Projections based on Census 2022","2022","54 years","Male","Method - M2","Number","32266"
"Population Projections based on Census 2022","2022","54 years","Female","Method - M2","Number","32352"
"Population Projections based on Census 2022","2022","55 years","Male","Method - M2","Number","31799"
"Population Projections based on Census 2022","2022","55 years","Female","Method - M2","Number","31962"
"Population Projections based on Census 2022","2022","56 years","Male","Method - M2","Number","30921"
"Population Projections based on Census 2022","2022","56 years","Female","Method - M2","Number","31438"
"Population Projections based on Census 2022","2022","57 years","Male","Method - M2","Number","31079"
"Population Projections based on Census 2022","2022","57 years","Female","Method - M2","Number","32022"
"Population Projections based on Census 2022","2022","58 years","Male","Method - M2","Number","30029"
"Population Projections based on Census 2022","2022","58 years","Female","Method - M2","Number","30879"
"Population Projections based on Census 2022","2022","59 years","Male","Method - M2","Number","29408"
"Population Projections based on Census 2022","2022","59 years","Female","Method - M2","Number","30207"
"Population Projections based on Census 2022","2022","60 years","Male","Method - M2","Number","29163"
"Population Projections based on Census 2022","2022","60 years","Female","Method - M2","Number","29757"
"Population Projections based on Census 2022","2022","61 years","Male","Method - M2","Number","28010"
"Population Projections based on Census 2022","2022","61 years","Female","Method - M2","Number","29099"
"Population Projections based on Census 2022","2022","62 years","Male","Method - M2","Number","27386"
"Population Projections based on Census 2022","2022","62 years","Female","Method - M2","Number","28139"
"Population Projections based on Census 2022","2022","63 years","Male","Method - M2","Number","26138"
"Population Projections based on Census 2022","2022","63 years","Female","Method - M2","Number","26509"
"Population Projections based on Census 2022","2022","64 years","Male","Method - M2","Number","25318"
"Population Projections based on Census 2022","2022","64 years","Female","Method - M2","Number","26315"
"Population Projections based on Census 2022","2022","65 years","Male","Method - M2","Number","25345"
"Population Projections based on Census 2022","2022","65 years","Female","Method - M2","Number","25646"
"Population Projections based on Census 2022","2022","66 years","Male","Method - M2","Number","24004"
"Population Projections based on Census 2022","2022","66 years","Female","Method - M2","Number","24867"
"Population Projections based on Census 2022","2022","67 years","Male","Method - M2","Number","23827"
"Population Projections based on Census 2022","2022","67 years","Female","Method - M2","Number","24674"
"Population Projections based on Census 2022","2022","68 years","Male","Method - M2","Number","22711"
"Population Projections based on Census 2022","2022","68 years","Female","Method - M2","Number","23179"
"Population Projections based on Census 2022","2022","69 years","Male","Method - M2","Number","22708"
"Population Projections based on Census 2022","2022","69 years","Female","Method - M2","Number","23521"
"Population Projections based on Census 2022","2022","70 years","Male","Method - M2","Number","21647"
"Population Projections based on Census 2022","2022","70 years","Female","Method - M2","Number","22366"
"Population Projections based on Census 2022","2022","71 years","Male","Method - M2","Number","20585"
"Population Projections based on Census 2022","2022","71 years","Female","Method - M2","Number","21348"
"Population Projections based on Census 2022","2022","72 years","Male","Method - M2","Number","20118"
"Population Projections based on Census 2022","2022","72 years","Female","Method - M2","Number","21294"
"Population Projections based on Census 2022","2022","73 years","Male","Method - M2","Number","19247"
"Population Projections based on Census 2022","2022","73 years","Female","Method - M2","Number","20250"
"Population Projections based on Census 2022","2022","74 years","Male","Method - M2","Number","18570"
"Population Projections based on Census 2022","2022","74 years","Female","Method - M2","Number","19259"
"Population Projections based on Census 2022","2022","75 years","Male","Method - M2","Number","17638"
"Population Projections based on Census 2022","2022","75 years","Female","Method - M2","Number","18449"
"Population Projections based on Census 2022","2022","76 years","Male","Method - M2","Number","16193"
"Population Projections based on Census 2022","2022","76 years","Female","Method - M2","Number","17744"
"Population Projections based on Census 2022","2022","77 years","Male","Method - M2","Number","14671"
"Population Projections based on Census 2022","2022","77 years","Female","Method - M2","Number","16015"
"Population Projections based on Census 2022","2022","78 years","Male","Method - M2","Number","13423"
"Population Projections based on Census 2022","2022","78 years","Female","Method - M2","Number","14696"
"Population Projections based on Census 2022","2022","79 years","Male","Method - M2","Number","12212"
"Population Projections based on Census 2022","2022","79 years","Female","Method - M2","Number","13976"
"Population Projections based on Census 2022","2022","80 years","Male","Method - M2","Number","10769"
"Population Projections based on Census 2022","2022","80 years","Female","Method - M2","Number","12231"
"Population Projections based on Census 2022","2022","81 years","Male","Method - M2","Number","9486"
"Population Projections based on Census 2022","2022","81 years","Female","Method - M2","Number","11186"
"Population Projections based on Census 2022","2022","82 years","Male","Method - M2","Number","8794"
"Population Projections based on Census 2022","2022","82 years","Female","Method - M2","Number","10761"
"Population Projections based on Census 2022","2022","83 years","Male","Method - M2","Number","7920"
"Population Projections based on Census 2022","2022","83 years","Female","Method - M2","Number","9970"
"Population Projections based on Census 2022","2022","84 years","Male","Method - M2","Number","6755"
"Population Projections based on Census 2022","2022","84 years","Female","Method - M2","Number","8886"
"Population Projections based on Census 2022","2022","85 years","Male","Method - M2","Number","6174"
"Population Projections based on Census 2022","2022","85 years","Female","Method - M2","Number","8312"
"Population Projections based on Census 2022","2022","86 years","Male","Method - M2","Number","5365"
"Population Projections based on Census 2022","2022","86 years","Female","Method - M2","Number","7491"
"Population Projections based on Census 2022","2022","87 years","Male","Method - M2","Number","4499"
"Population Projections based on Census 2022","2022","87 years","Female","Method - M2","Number","6756"
"Population Projections based on Census 2022","2022","88 years","Male","Method - M2","Number","3772"
"Population Projections based on Census 2022","2022","88 years","Female","Method - M2","Number","5924"
"Population Projections based on Census 2022","2022","89 years","Male","Method - M2","Number","3023"
"Population Projections based on Census 2022","2022","89 years","Female","Method - M2","Number","4942"
"Population Projections based on Census 2022","2022","90 years","Male","Method - M2","Number","2446"
"Population Projections based on Census 2022","2022","90 years","Female","Method - M2","Number","4278"
"Population Projections based on Census 2022","2022","91 years","Male","Method - M2","Number","1941"
"Population Projections based on Census 2022","2022","91 years","Female","Method - M2","Number","3779"
"Population Projections based on Census 2022","2022","92 years","Male","Method - M2","Number","1297"
"Population Projections based on Census 2022","2022","92 years","Female","Method - M2","Number","2797"
"Population Projections based on Census 2022","2022","93 years","Male","Method - M2","Number","937"
"Population Projections based on Census 2022","2022","93 years","Female","Method - M2","Number","2314"
"Population Projections based on Census 2022","2022","94 years","Male","Method - M2","Number","717"
"Population Projections based on Census 2022","2022","94 years","Female","Method - M2","Number","1736"
"Population Projections based on Census 2022","2022","95 years","Male","Method - M2","Number","481"
"Population Projections based on Census 2022","2022","95 years","Female","Method - M2","Number","1340"
"Population Projections based on Census 2022","2022","96 years","Male","Method - M2","Number","327"
"Population Projections based on Census 2022","2022","96 years","Female","Method - M2","Number","955"
"Population Projections based on Census 2022","2022","97 years","Male","Method - M2","Number","218"
"Population Projections based on Census 2022","2022","97 years","Female","Method - M2","Number","731"
"Population Projections based on Census 2022","2022","98 years","Male","Method - M2","Number","130"
"Population Projections based on Census 2022","2022","98 years","Female","Method - M2","Number","491"
"Population Projections based on Census 2022","2022","99 years and over","Male","Method - M2","Number","259"
"Population Projections based on Census 2022","2022","99 years and over","Female","Method - M2","Number","926"
"Population Projections based on Census 2022","2023","Under 1 year","Male","Method - M2","Number","29793"
"Population Projections based on Census 2022","2023","Under 1 year","Female","Method - M2","Number","28271"
"Population Projections based on Census 2022","2023","1 year","Male","Method - M2","Number","29912"
"Population Projections based on Census 2022","2023","1 year","Female","Method - M2","Number","28496"
"Population Projections based on Census 2022","2023","2 years","Male","Method - M2","Number","29367"
"Population Projections based on Census 2022","2023","2 years","Female","Method - M2","Number","28001"
"Population Projections based on Census 2022","2023","3 years","Male","Method - M2","Number","30613"
"Population Projections based on Census 2022","2023","3 years","Female","Method - M2","Number","29303"
"Population Projections based on Census 2022","2023","4 years","Male","Method - M2","Number","31395"
"Population Projections based on Census 2022","2023","4 years","Female","Method - M2","Number","29887"
"Population Projections based on Census 2022","2023","5 years","Male","Method - M2","Number","32125"
"Population Projections based on Census 2022","2023","5 years","Female","Method - M2","Number","30242"
"Population Projections based on Census 2022","2023","6 years","Male","Method - M2","Number","33145"
"Population Projections based on Census 2022","2023","6 years","Female","Method - M2","Number","31781"
"Population Projections based on Census 2022","2023","7 years","Male","Method - M2","Number","34520"
"Population Projections based on Census 2022","2023","7 years","Female","Method - M2","Number","33060"
"Population Projections based on Census 2022","2023","8 years","Male","Method - M2","Number","35861"
"Population Projections based on Census 2022","2023","8 years","Female","Method - M2","Number","33980"
"Population Projections based on Census 2022","2023","9 years","Male","Method - M2","Number","36710"
"Population Projections based on Census 2022","2023","9 years","Female","Method - M2","Number","34860"
"Population Projections based on Census 2022","2023","10 years","Male","Method - M2","Number","37396"
"Population Projections based on Census 2022","2023","10 years","Female","Method - M2","Number","35626"
"Population Projections based on Census 2022","2023","11 years","Male","Method - M2","Number","38540"
"Population Projections based on Census 2022","2023","11 years","Female","Method - M2","Number","36496"
"Population Projections based on Census 2022","2023","12 years","Male","Method - M2","Number","38741"
"Population Projections based on Census 2022","2023","12 years","Female","Method - M2","Number","37249"
"Population Projections based on Census 2022","2023","13 years","Male","Method - M2","Number","39382"
"Population Projections based on Census 2022","2023","13 years","Female","Method - M2","Number","37709"
"Population Projections based on Census 2022","2023","14 years","Male","Method - M2","Number","38743"
"Population Projections based on Census 2022","2023","14 years","Female","Method - M2","Number","37093"
"Population Projections based on Census 2022","2023","15 years","Male","Method - M2","Number","37921"
"Population Projections based on Census 2022","2023","15 years","Female","Method - M2","Number","36782"
"Population Projections based on Census 2022","2023","16 years","Male","Method - M2","Number","36463"
"Population Projections based on Census 2022","2023","16 years","Female","Method - M2","Number","35096"
"Population Projections based on Census 2022","2023","17 years","Male","Method - M2","Number","35296"
"Population Projections based on Census 2022","2023","17 years","Female","Method - M2","Number","33877"
"Population Projections based on Census 2022","2023","18 years","Male","Method - M2","Number","35459"
"Population Projections based on Census 2022","2023","18 years","Female","Method - M2","Number","33545"
"Population Projections based on Census 2022","2023","19 years","Male","Method - M2","Number","34354"
"Population Projections based on Census 2022","2023","19 years","Female","Method - M2","Number","33444"
"Population Projections based on Census 2022","2023","20 years","Male","Method - M2","Number","33489"
"Population Projections based on Census 2022","2023","20 years","Female","Method - M2","Number","32654"
"Population Projections based on Census 2022","2023","21 years","Male","Method - M2","Number","32886"
"Population Projections based on Census 2022","2023","21 years","Female","Method - M2","Number","32404"
"Population Projections based on Census 2022","2023","22 years","Male","Method - M2","Number","31852"
"Population Projections based on Census 2022","2023","22 years","Female","Method - M2","Number","31139"
"Population Projections based on Census 2022","2023","23 years","Male","Method - M2","Number","32289"
"Population Projections based on Census 2022","2023","23 years","Female","Method - M2","Number","31834"
"Population Projections based on Census 2022","2023","24 years","Male","Method - M2","Number","31837"
"Population Projections based on Census 2022","2023","24 years","Female","Method - M2","Number","31050"
"Population Projections based on Census 2022","2023","25 years","Male","Method - M2","Number","31831"
"Population Projections based on Census 2022","2023","25 years","Female","Method - M2","Number","31031"
"Population Projections based on Census 2022","2023","26 years","Male","Method - M2","Number","31528"
"Population Projections based on Census 2022","2023","26 years","Female","Method - M2","Number","30962"
"Population Projections based on Census 2022","2023","27 years","Male","Method - M2","Number","30717"
"Population Projections based on Census 2022","2023","27 years","Female","Method - M2","Number","30364"
"Population Projections based on Census 2022","2023","28 years","Male","Method - M2","Number","30499"
"Population Projections based on Census 2022","2023","28 years","Female","Method - M2","Number","30981"
"Population Projections based on Census 2022","2023","29 years","Male","Method - M2","Number","30187"
"Population Projections based on Census 2022","2023","29 years","Female","Method - M2","Number","31065"
"Population Projections based on Census 2022","2023","30 years","Male","Method - M2","Number","31184"
"Population Projections based on Census 2022","2023","30 years","Female","Method - M2","Number","32155"
"Population Projections based on Census 2022","2023","31 years","Male","Method - M2","Number","32225"
"Population Projections based on Census 2022","2023","31 years","Female","Method - M2","Number","34309"
"Population Projections based on Census 2022","2023","32 years","Male","Method - M2","Number","33298"
"Population Projections based on Census 2022","2023","32 years","Female","Method - M2","Number","34926"
"Population Projections based on Census 2022","2023","33 years","Male","Method - M2","Number","33398"
"Population Projections based on Census 2022","2023","33 years","Female","Method - M2","Number","35663"
"Population Projections based on Census 2022","2023","34 years","Male","Method - M2","Number","32922"
"Population Projections based on Census 2022","2023","34 years","Female","Method - M2","Number","35761"
"Population Projections based on Census 2022","2023","35 years","Male","Method - M2","Number","34077"
"Population Projections based on Census 2022","2023","35 years","Female","Method - M2","Number","37558"
"Population Projections based on Census 2022","2023","36 years","Male","Method - M2","Number","35971"
"Population Projections based on Census 2022","2023","36 years","Female","Method - M2","Number","39458"
"Population Projections based on Census 2022","2023","37 years","Male","Method - M2","Number","36765"
"Population Projections based on Census 2022","2023","37 years","Female","Method - M2","Number","40254"
"Population Projections based on Census 2022","2023","38 years","Male","Method - M2","Number","37397"
"Population Projections based on Census 2022","2023","38 years","Female","Method - M2","Number","40553"
"Population Projections based on Census 2022","2023","39 years","Male","Method - M2","Number","38598"
"Population Projections based on Census 2022","2023","39 years","Female","Method - M2","Number","42256"
"Population Projections based on Census 2022","2023","40 years","Male","Method - M2","Number","39774"
"Population Projections based on Census 2022","2023","40 years","Female","Method - M2","Number","43925"
"Population Projections based on Census 2022","2023","41 years","Male","Method - M2","Number","41804"
"Population Projections based on Census 2022","2023","41 years","Female","Method - M2","Number","44874"
"Population Projections based on Census 2022","2023","42 years","Male","Method - M2","Number","42474"
"Population Projections based on Census 2022","2023","42 years","Female","Method - M2","Number","44969"
"Population Projections based on Census 2022","2023","43 years","Male","Method - M2","Number","42767"
"Population Projections based on Census 2022","2023","43 years","Female","Method - M2","Number","44702"
"Population Projections based on Census 2022","2023","44 years","Male","Method - M2","Number","40372"
"Population Projections based on Census 2022","2023","44 years","Female","Method - M2","Number","42647"
"Population Projections based on Census 2022","2023","45 years","Male","Method - M2","Number","38276"
"Population Projections based on Census 2022","2023","45 years","Female","Method - M2","Number","39769"
"Population Projections based on Census 2022","2023","46 years","Male","Method - M2","Number","38292"
"Population Projections based on Census 2022","2023","46 years","Female","Method - M2","Number","39068"
"Population Projections based on Census 2022","2023","47 years","Male","Method - M2","Number","37624"
"Population Projections based on Census 2022","2023","47 years","Female","Method - M2","Number","38467"
"Population Projections based on Census 2022","2023","48 years","Male","Method - M2","Number","37327"
"Population Projections based on Census 2022","2023","48 years","Female","Method - M2","Number","37827"
"Population Projections based on Census 2022","2023","49 years","Male","Method - M2","Number","36884"
"Population Projections based on Census 2022","2023","49 years","Female","Method - M2","Number","37511"
"Population Projections based on Census 2022","2023","50 years","Male","Method - M2","Number","37061"
"Population Projections based on Census 2022","2023","50 years","Female","Method - M2","Number","37429"
"Population Projections based on Census 2022","2023","51 years","Male","Method - M2","Number","36854"
"Population Projections based on Census 2022","2023","51 years","Female","Method - M2","Number","36989"
"Population Projections based on Census 2022","2023","52 years","Male","Method - M2","Number","35262"
"Population Projections based on Census 2022","2023","52 years","Female","Method - M2","Number","35395"
"Population Projections based on Census 2022","2023","53 years","Male","Method - M2","Number","34688"
"Population Projections based on Census 2022","2023","53 years","Female","Method - M2","Number","34766"
"Population Projections based on Census 2022","2023","54 years","Male","Method - M2","Number","33000"
"Population Projections based on Census 2022","2023","54 years","Female","Method - M2","Number","32545"
"Population Projections based on Census 2022","2023","55 years","Male","Method - M2","Number","32413"
"Population Projections based on Census 2022","2023","55 years","Female","Method - M2","Number","32514"
"Population Projections based on Census 2022","2023","56 years","Male","Method - M2","Number","31944"
"Population Projections based on Census 2022","2023","56 years","Female","Method - M2","Number","32112"
"Population Projections based on Census 2022","2023","57 years","Male","Method - M2","Number","31057"
"Population Projections based on Census 2022","2023","57 years","Female","Method - M2","Number","31570"
"Population Projections based on Census 2022","2023","58 years","Male","Method - M2","Number","31203"
"Population Projections based on Census 2022","2023","58 years","Female","Method - M2","Number","32161"
"Population Projections based on Census 2022","2023","59 years","Male","Method - M2","Number","30143"
"Population Projections based on Census 2022","2023","59 years","Female","Method - M2","Number","31037"
"Population Projections based on Census 2022","2023","60 years","Male","Method - M2","Number","29516"
"Population Projections based on Census 2022","2023","60 years","Female","Method - M2","Number","30352"
"Population Projections based on Census 2022","2023","61 years","Male","Method - M2","Number","29270"
"Population Projections based on Census 2022","2023","61 years","Female","Method - M2","Number","29881"
"Population Projections based on Census 2022","2023","62 years","Male","Method - M2","Number","28093"
"Population Projections based on Census 2022","2023","62 years","Female","Method - M2","Number","29211"
"Population Projections based on Census 2022","2023","63 years","Male","Method - M2","Number","27493"
"Population Projections based on Census 2022","2023","63 years","Female","Method - M2","Number","28254"
"Population Projections based on Census 2022","2023","64 years","Male","Method - M2","Number","26223"
"Population Projections based on Census 2022","2023","64 years","Female","Method - M2","Number","26625"
"Population Projections based on Census 2022","2023","65 years","Male","Method - M2","Number","25120"
"Population Projections based on Census 2022","2023","65 years","Female","Method - M2","Number","26223"
"Population Projections based on Census 2022","2023","66 years","Male","Method - M2","Number","25136"
"Population Projections based on Census 2022","2023","66 years","Female","Method - M2","Number","25528"
"Population Projections based on Census 2022","2023","67 years","Male","Method - M2","Number","23798"
"Population Projections based on Census 2022","2023","67 years","Female","Method - M2","Number","24761"
"Population Projections based on Census 2022","2023","68 years","Male","Method - M2","Number","23596"
"Population Projections based on Census 2022","2023","68 years","Female","Method - M2","Number","24557"
"Population Projections based on Census 2022","2023","69 years","Male","Method - M2","Number","22458"
"Population Projections based on Census 2022","2023","69 years","Female","Method - M2","Number","23042"
"Population Projections based on Census 2022","2023","70 years","Male","Method - M2","Number","22425"
"Population Projections based on Census 2022","2023","70 years","Female","Method - M2","Number","23376"
"Population Projections based on Census 2022","2023","71 years","Male","Method - M2","Number","21349"
"Population Projections based on Census 2022","2023","71 years","Female","Method - M2","Number","22193"
"Population Projections based on Census 2022","2023","72 years","Male","Method - M2","Number","20270"
"Population Projections based on Census 2022","2023","72 years","Female","Method - M2","Number","21167"
"Population Projections based on Census 2022","2023","73 years","Male","Method - M2","Number","19755"
"Population Projections based on Census 2022","2023","73 years","Female","Method - M2","Number","21069"
"Population Projections based on Census 2022","2023","74 years","Male","Method - M2","Number","18851"
"Population Projections based on Census 2022","2023","74 years","Female","Method - M2","Number","20010"
"Population Projections based on Census 2022","2023","75 years","Male","Method - M2","Number","18126"
"Population Projections based on Census 2022","2023","75 years","Female","Method - M2","Number","18985"
"Population Projections based on Census 2022","2023","76 years","Male","Method - M2","Number","17110"
"Population Projections based on Census 2022","2023","76 years","Female","Method - M2","Number","18104"
"Population Projections based on Census 2022","2023","77 years","Male","Method - M2","Number","15645"
"Population Projections based on Census 2022","2023","77 years","Female","Method - M2","Number","17363"
"Population Projections based on Census 2022","2023","78 years","Male","Method - M2","Number","14123"
"Population Projections based on Census 2022","2023","78 years","Female","Method - M2","Number","15629"
"Population Projections based on Census 2022","2023","79 years","Male","Method - M2","Number","12865"
"Population Projections based on Census 2022","2023","79 years","Female","Method - M2","Number","14300"
"Population Projections based on Census 2022","2023","80 years","Male","Method - M2","Number","11650"
"Population Projections based on Census 2022","2023","80 years","Female","Method - M2","Number","13546"
"Population Projections based on Census 2022","2023","81 years","Male","Method - M2","Number","10221"
"Population Projections based on Census 2022","2023","81 years","Female","Method - M2","Number","11805"
"Population Projections based on Census 2022","2023","82 years","Male","Method - M2","Number","8947"
"Population Projections based on Census 2022","2023","82 years","Female","Method - M2","Number","10738"
"Population Projections based on Census 2022","2023","83 years","Male","Method - M2","Number","8213"
"Population Projections based on Census 2022","2023","83 years","Female","Method - M2","Number","10251"
"Population Projections based on Census 2022","2023","84 years","Male","Method - M2","Number","7331"
"Population Projections based on Census 2022","2023","84 years","Female","Method - M2","Number","9437"
"Population Projections based on Census 2022","2023","85 years","Male","Method - M2","Number","6192"
"Population Projections based on Census 2022","2023","85 years","Female","Method - M2","Number","8338"
"Population Projections based on Census 2022","2023","86 years","Male","Method - M2","Number","5574"
"Population Projections based on Census 2022","2023","86 years","Female","Method - M2","Number","7702"
"Population Projections based on Census 2022","2023","87 years","Male","Method - M2","Number","4783"
"Population Projections based on Census 2022","2023","87 years","Female","Method - M2","Number","6873"
"Population Projections based on Census 2022","2023","88 years","Male","Method - M2","Number","3957"
"Population Projections based on Census 2022","2023","88 years","Female","Method - M2","Number","6123"
"Population Projections based on Census 2022","2023","89 years","Male","Method - M2","Number","3269"
"Population Projections based on Census 2022","2023","89 years","Female","Method - M2","Number","5301"
"Population Projections based on Census 2022","2023","90 years","Male","Method - M2","Number","2586"
"Population Projections based on Census 2022","2023","90 years","Female","Method - M2","Number","4358"
"Population Projections based on Census 2022","2023","91 years","Male","Method - M2","Number","2051"
"Population Projections based on Census 2022","2023","91 years","Female","Method - M2","Number","3714"
"Population Projections based on Census 2022","2023","92 years","Male","Method - M2","Number","1607"
"Population Projections based on Census 2022","2023","92 years","Female","Method - M2","Number","3226"
"Population Projections based on Census 2022","2023","93 years","Male","Method - M2","Number","1052"
"Population Projections based on Census 2022","2023","93 years","Female","Method - M2","Number","2345"
"Population Projections based on Census 2022","2023","94 years","Male","Method - M2","Number","753"
"Population Projections based on Census 2022","2023","94 years","Female","Method - M2","Number","1903"
"Population Projections based on Census 2022","2023","95 years","Male","Method - M2","Number","572"
"Population Projections based on Census 2022","2023","95 years","Female","Method - M2","Number","1399"
"Population Projections based on Census 2022","2023","96 years","Male","Method - M2","Number","373"
"Population Projections based on Census 2022","2023","96 years","Female","Method - M2","Number","1046"
"Population Projections based on Census 2022","2023","97 years","Male","Method - M2","Number","255"
"Population Projections based on Census 2022","2023","97 years","Female","Method - M2","Number","732"
"Population Projections based on Census 2022","2023","98 years","Male","Method - M2","Number","170"
"Population Projections based on Census 2022","2023","98 years","Female","Method - M2","Number","555"
"Population Projections based on Census 2022","2023","99 years and over","Male","Method - M2","Number","298"
"Population Projections based on Census 2022","2023","99 years and over","Female","Method - M2","Number","974"
"Population Projections based on Census 2022","2024","Under 1 year","Male","Method - M2","Number","28689"
"Population Projections based on Census 2022","2024","Under 1 year","Female","Method - M2","Number","27226"
"Population Projections based on Census 2022","2024","1 year","Male","Method - M2","Number","30082"
"Population Projections based on Census 2022","2024","1 year","Female","Method - M2","Number","28557"
"Population Projections based on Census 2022","2024","2 years","Male","Method - M2","Number","30215"
"Population Projections based on Census 2022","2024","2 years","Female","Method - M2","Number","28779"
"Population Projections based on Census 2022","2024","3 years","Male","Method - M2","Number","29639"
"Population Projections based on Census 2022","2024","3 years","Female","Method - M2","Number","28246"
"Population Projections based on Census 2022","2024","4 years","Male","Method - M2","Number","30880"
"Population Projections based on Census 2022","2024","4 years","Female","Method - M2","Number","29571"
"Population Projections based on Census 2022","2024","5 years","Male","Method - M2","Number","31693"
"Population Projections based on Census 2022","2024","5 years","Female","Method - M2","Number","30126"
"Population Projections based on Census 2022","2024","6 years","Male","Method - M2","Number","32402"
"Population Projections based on Census 2022","2024","6 years","Female","Method - M2","Number","30502"
"Population Projections based on Census 2022","2024","7 years","Male","Method - M2","Number","33416"
"Population Projections based on Census 2022","2024","7 years","Female","Method - M2","Number","32029"
"Population Projections based on Census 2022","2024","8 years","Male","Method - M2","Number","34772"
"Population Projections based on Census 2022","2024","8 years","Female","Method - M2","Number","33309"
"Population Projections based on Census 2022","2024","9 years","Male","Method - M2","Number","36120"
"Population Projections based on Census 2022","2024","9 years","Female","Method - M2","Number","34218"
"Population Projections based on Census 2022","2024","10 years","Male","Method - M2","Number","36973"
"Population Projections based on Census 2022","2024","10 years","Female","Method - M2","Number","35115"
"Population Projections based on Census 2022","2024","11 years","Male","Method - M2","Number","37666"
"Population Projections based on Census 2022","2024","11 years","Female","Method - M2","Number","35871"
"Population Projections based on Census 2022","2024","12 years","Male","Method - M2","Number","38808"
"Population Projections based on Census 2022","2024","12 years","Female","Method - M2","Number","36750"
"Population Projections based on Census 2022","2024","13 years","Male","Method - M2","Number","39006"
"Population Projections based on Census 2022","2024","13 years","Female","Method - M2","Number","37510"
"Population Projections based on Census 2022","2024","14 years","Male","Method - M2","Number","39572"
"Population Projections based on Census 2022","2024","14 years","Female","Method - M2","Number","37890"
"Population Projections based on Census 2022","2024","15 years","Male","Method - M2","Number","39033"
"Population Projections based on Census 2022","2024","15 years","Female","Method - M2","Number","37587"
"Population Projections based on Census 2022","2024","16 years","Male","Method - M2","Number","38222"
"Population Projections based on Census 2022","2024","16 years","Female","Method - M2","Number","37288"
"Population Projections based on Census 2022","2024","17 years","Male","Method - M2","Number","36802"
"Population Projections based on Census 2022","2024","17 years","Female","Method - M2","Number","35540"
"Population Projections based on Census 2022","2024","18 years","Male","Method - M2","Number","35553"
"Population Projections based on Census 2022","2024","18 years","Female","Method - M2","Number","34313"
"Population Projections based on Census 2022","2024","19 years","Male","Method - M2","Number","35682"
"Population Projections based on Census 2022","2024","19 years","Female","Method - M2","Number","33979"
"Population Projections based on Census 2022","2024","20 years","Male","Method - M2","Number","34557"
"Population Projections based on Census 2022","2024","20 years","Female","Method - M2","Number","33851"
"Population Projections based on Census 2022","2024","21 years","Male","Method - M2","Number","33673"
"Population Projections based on Census 2022","2024","21 years","Female","Method - M2","Number","33003"
"Population Projections based on Census 2022","2024","22 years","Male","Method - M2","Number","33056"
"Population Projections based on Census 2022","2024","22 years","Female","Method - M2","Number","32734"
"Population Projections based on Census 2022","2024","23 years","Male","Method - M2","Number","32011"
"Population Projections based on Census 2022","2024","23 years","Female","Method - M2","Number","31475"
"Population Projections based on Census 2022","2024","24 years","Male","Method - M2","Number","32471"
"Population Projections based on Census 2022","2024","24 years","Female","Method - M2","Number","32138"
"Population Projections based on Census 2022","2024","25 years","Male","Method - M2","Number","32684"
"Population Projections based on Census 2022","2024","25 years","Female","Method - M2","Number","32003"
"Population Projections based on Census 2022","2024","26 years","Male","Method - M2","Number","32622"
"Population Projections based on Census 2022","2024","26 years","Female","Method - M2","Number","31949"
"Population Projections based on Census 2022","2024","27 years","Male","Method - M2","Number","32292"
"Population Projections based on Census 2022","2024","27 years","Female","Method - M2","Number","31861"
"Population Projections based on Census 2022","2024","28 years","Male","Method - M2","Number","31470"
"Population Projections based on Census 2022","2024","28 years","Female","Method - M2","Number","31226"
"Population Projections based on Census 2022","2024","29 years","Male","Method - M2","Number","31237"
"Population Projections based on Census 2022","2024","29 years","Female","Method - M2","Number","31795"
"Population Projections based on Census 2022","2024","30 years","Male","Method - M2","Number","30889"
"Population Projections based on Census 2022","2024","30 years","Female","Method - M2","Number","31864"
"Population Projections based on Census 2022","2024","31 years","Male","Method - M2","Number","31864"
"Population Projections based on Census 2022","2024","31 years","Female","Method - M2","Number","32931"
"Population Projections based on Census 2022","2024","32 years","Male","Method - M2","Number","32878"
"Population Projections based on Census 2022","2024","32 years","Female","Method - M2","Number","35092"
"Population Projections based on Census 2022","2024","33 years","Male","Method - M2","Number","33916"
"Population Projections based on Census 2022","2024","33 years","Female","Method - M2","Number","35700"
"Population Projections based on Census 2022","2024","34 years","Male","Method - M2","Number","34052"
"Population Projections based on Census 2022","2024","34 years","Female","Method - M2","Number","36459"
"Population Projections based on Census 2022","2024","35 years","Male","Method - M2","Number","33507"
"Population Projections based on Census 2022","2024","35 years","Female","Method - M2","Number","36517"
"Population Projections based on Census 2022","2024","36 years","Male","Method - M2","Number","34669"
"Population Projections based on Census 2022","2024","36 years","Female","Method - M2","Number","38320"
"Population Projections based on Census 2022","2024","37 years","Male","Method - M2","Number","36535"
"Population Projections based on Census 2022","2024","37 years","Female","Method - M2","Number","40188"
"Population Projections based on Census 2022","2024","38 years","Male","Method - M2","Number","37316"
"Population Projections based on Census 2022","2024","38 years","Female","Method - M2","Number","40988"
"Population Projections based on Census 2022","2024","39 years","Male","Method - M2","Number","37961"
"Population Projections based on Census 2022","2024","39 years","Female","Method - M2","Number","41315"
"Population Projections based on Census 2022","2024","40 years","Male","Method - M2","Number","39170"
"Population Projections based on Census 2022","2024","40 years","Female","Method - M2","Number","43012"
"Population Projections based on Census 2022","2024","41 years","Male","Method - M2","Number","40332"
"Population Projections based on Census 2022","2024","41 years","Female","Method - M2","Number","44701"
"Population Projections based on Census 2022","2024","42 years","Male","Method - M2","Number","42423"
"Population Projections based on Census 2022","2024","42 years","Female","Method - M2","Number","45681"
"Population Projections based on Census 2022","2024","43 years","Male","Method - M2","Number","43083"
"Population Projections based on Census 2022","2024","43 years","Female","Method - M2","Number","45774"
"Population Projections based on Census 2022","2024","44 years","Male","Method - M2","Number","43403"
"Population Projections based on Census 2022","2024","44 years","Female","Method - M2","Number","45499"
"Population Projections based on Census 2022","2024","45 years","Male","Method - M2","Number","40460"
"Population Projections based on Census 2022","2024","45 years","Female","Method - M2","Number","42731"
"Population Projections based on Census 2022","2024","46 years","Male","Method - M2","Number","38323"
"Population Projections based on Census 2022","2024","46 years","Female","Method - M2","Number","39853"
"Population Projections based on Census 2022","2024","47 years","Male","Method - M2","Number","38360"
"Population Projections based on Census 2022","2024","47 years","Female","Method - M2","Number","39149"
"Population Projections based on Census 2022","2024","48 years","Male","Method - M2","Number","37703"
"Population Projections based on Census 2022","2024","48 years","Female","Method - M2","Number","38576"
"Population Projections based on Census 2022","2024","49 years","Male","Method - M2","Number","37434"
"Population Projections based on Census 2022","2024","49 years","Female","Method - M2","Number","37935"
"Population Projections based on Census 2022","2024","50 years","Male","Method - M2","Number","36986"
"Population Projections based on Census 2022","2024","50 years","Female","Method - M2","Number","37626"
"Population Projections based on Census 2022","2024","51 years","Male","Method - M2","Number","37158"
"Population Projections based on Census 2022","2024","51 years","Female","Method - M2","Number","37537"
"Population Projections based on Census 2022","2024","52 years","Male","Method - M2","Number","36951"
"Population Projections based on Census 2022","2024","52 years","Female","Method - M2","Number","37085"
"Population Projections based on Census 2022","2024","53 years","Male","Method - M2","Number","35354"
"Population Projections based on Census 2022","2024","53 years","Female","Method - M2","Number","35492"
"Population Projections based on Census 2022","2024","54 years","Male","Method - M2","Number","34788"
"Population Projections based on Census 2022","2024","54 years","Female","Method - M2","Number","34865"
"Population Projections based on Census 2022","2024","55 years","Male","Method - M2","Number","33088"
"Population Projections based on Census 2022","2024","55 years","Female","Method - M2","Number","32657"
"Population Projections based on Census 2022","2024","56 years","Male","Method - M2","Number","32500"
"Population Projections based on Census 2022","2024","56 years","Female","Method - M2","Number","32614"
"Population Projections based on Census 2022","2024","57 years","Male","Method - M2","Number","32020"
"Population Projections based on Census 2022","2024","57 years","Female","Method - M2","Number","32195"
"Population Projections based on Census 2022","2024","58 years","Male","Method - M2","Number","31125"
"Population Projections based on Census 2022","2024","58 years","Female","Method - M2","Number","31661"
"Population Projections based on Census 2022","2024","59 years","Male","Method - M2","Number","31256"
"Population Projections based on Census 2022","2024","59 years","Female","Method - M2","Number","32264"
"Population Projections based on Census 2022","2024","60 years","Male","Method - M2","Number","30191"
"Population Projections based on Census 2022","2024","60 years","Female","Method - M2","Number","31130"
"Population Projections based on Census 2022","2024","61 years","Male","Method - M2","Number","29567"
"Population Projections based on Census 2022","2024","61 years","Female","Method - M2","Number","30426"
"Population Projections based on Census 2022","2024","62 years","Male","Method - M2","Number","29291"
"Population Projections based on Census 2022","2024","62 years","Female","Method - M2","Number","29942"
"Population Projections based on Census 2022","2024","63 years","Male","Method - M2","Number","28138"
"Population Projections based on Census 2022","2024","63 years","Female","Method - M2","Number","29273"
"Population Projections based on Census 2022","2024","64 years","Male","Method - M2","Number","27513"
"Population Projections based on Census 2022","2024","64 years","Female","Method - M2","Number","28312"
"Population Projections based on Census 2022","2024","65 years","Male","Method - M2","Number","25990"
"Population Projections based on Census 2022","2024","65 years","Female","Method - M2","Number","26503"
"Population Projections based on Census 2022","2024","66 years","Male","Method - M2","Number","24891"
"Population Projections based on Census 2022","2024","66 years","Female","Method - M2","Number","26077"
"Population Projections based on Census 2022","2024","67 years","Male","Method - M2","Number","24895"
"Population Projections based on Census 2022","2024","67 years","Female","Method - M2","Number","25393"
"Population Projections based on Census 2022","2024","68 years","Male","Method - M2","Number","23546"
"Population Projections based on Census 2022","2024","68 years","Female","Method - M2","Number","24621"
"Population Projections based on Census 2022","2024","69 years","Male","Method - M2","Number","23310"
"Population Projections based on Census 2022","2024","69 years","Female","Method - M2","Number","24386"
"Population Projections based on Census 2022","2024","70 years","Male","Method - M2","Number","22159"
"Population Projections based on Census 2022","2024","70 years","Female","Method - M2","Number","22880"
"Population Projections based on Census 2022","2024","71 years","Male","Method - M2","Number","22094"
"Population Projections based on Census 2022","2024","71 years","Female","Method - M2","Number","23170"
"Population Projections based on Census 2022","2024","72 years","Male","Method - M2","Number","20999"
"Population Projections based on Census 2022","2024","72 years","Female","Method - M2","Number","21980"
"Population Projections based on Census 2022","2024","73 years","Male","Method - M2","Number","19884"
"Population Projections based on Census 2022","2024","73 years","Female","Method - M2","Number","20924"
"Population Projections based on Census 2022","2024","74 years","Male","Method - M2","Number","19327"
"Population Projections based on Census 2022","2024","74 years","Female","Method - M2","Number","20798"
"Population Projections based on Census 2022","2024","75 years","Male","Method - M2","Number","18382"
"Population Projections based on Census 2022","2024","75 years","Female","Method - M2","Number","19705"
"Population Projections based on Census 2022","2024","76 years","Male","Method - M2","Number","17573"
"Population Projections based on Census 2022","2024","76 years","Female","Method - M2","Number","18619"
"Population Projections based on Census 2022","2024","77 years","Male","Method - M2","Number","16519"
"Population Projections based on Census 2022","2024","77 years","Female","Method - M2","Number","17704"
"Population Projections based on Census 2022","2024","78 years","Male","Method - M2","Number","15048"
"Population Projections based on Census 2022","2024","78 years","Female","Method - M2","Number","16931"
"Population Projections based on Census 2022","2024","79 years","Male","Method - M2","Number","13524"
"Population Projections based on Census 2022","2024","79 years","Female","Method - M2","Number","15194"
"Population Projections based on Census 2022","2024","80 years","Male","Method - M2","Number","12261"
"Population Projections based on Census 2022","2024","80 years","Female","Method - M2","Number","13849"
"Population Projections based on Census 2022","2024","81 years","Male","Method - M2","Number","11044"
"Population Projections based on Census 2022","2024","81 years","Female","Method - M2","Number","13059"
"Population Projections based on Census 2022","2024","82 years","Male","Method - M2","Number","9627"
"Population Projections based on Census 2022","2024","82 years","Female","Method - M2","Number","11319"
"Population Projections based on Census 2022","2024","83 years","Male","Method - M2","Number","8346"
"Population Projections based on Census 2022","2024","83 years","Female","Method - M2","Number","10220"
"Population Projections based on Census 2022","2024","84 years","Male","Method - M2","Number","7591"
"Population Projections based on Census 2022","2024","84 years","Female","Method - M2","Number","9691"
"Population Projections based on Census 2022","2024","85 years","Male","Method - M2","Number","6706"
"Population Projections based on Census 2022","2024","85 years","Female","Method - M2","Number","8843"
"Population Projections based on Census 2022","2024","86 years","Male","Method - M2","Number","5586"
"Population Projections based on Census 2022","2024","86 years","Female","Method - M2","Number","7720"
"Population Projections based on Census 2022","2024","87 years","Male","Method - M2","Number","4963"
"Population Projections based on Census 2022","2024","87 years","Female","Method - M2","Number","7060"
"Population Projections based on Census 2022","2024","88 years","Male","Method - M2","Number","4200"
"Population Projections based on Census 2022","2024","88 years","Female","Method - M2","Number","6224"
"Population Projections based on Census 2022","2024","89 years","Male","Method - M2","Number","3423"
"Population Projections based on Census 2022","2024","89 years","Female","Method - M2","Number","5473"
"Population Projections based on Census 2022","2024","90 years","Male","Method - M2","Number","2787"
"Population Projections based on Census 2022","2024","90 years","Female","Method - M2","Number","4667"
"Population Projections based on Census 2022","2024","91 years","Male","Method - M2","Number","2162"
"Population Projections based on Census 2022","2024","91 years","Female","Method - M2","Number","3778"
"Population Projections based on Census 2022","2024","92 years","Male","Method - M2","Number","1691"
"Population Projections based on Census 2022","2024","92 years","Female","Method - M2","Number","3166"
"Population Projections based on Census 2022","2024","93 years","Male","Method - M2","Number","1293"
"Population Projections based on Census 2022","2024","93 years","Female","Method - M2","Number","2694"
"Population Projections based on Census 2022","2024","94 years","Male","Method - M2","Number","836"
"Population Projections based on Census 2022","2024","94 years","Female","Method - M2","Number","1923"
"Population Projections based on Census 2022","2024","95 years","Male","Method - M2","Number","594"
"Population Projections based on Census 2022","2024","95 years","Female","Method - M2","Number","1525"
"Population Projections based on Census 2022","2024","96 years","Male","Method - M2","Number","436"
"Population Projections based on Census 2022","2024","96 years","Female","Method - M2","Number","1088"
"Population Projections based on Census 2022","2024","97 years","Male","Method - M2","Number","284"
"Population Projections based on Census 2022","2024","97 years","Female","Method - M2","Number","797"
"Population Projections based on Census 2022","2024","98 years","Male","Method - M2","Number","193"
"Population Projections based on Census 2022","2024","98 years","Female","Method - M2","Number","552"
"Population Projections based on Census 2022","2024","99 years and over","Male","Method - M2","Number","341"
"Population Projections based on Census 2022","2024","99 years and over","Female","Method - M2","Number","1043"
"Population Projections based on Census 2022","2025","Under 1 year","Male","Method - M2","Number","28404"
"Population Projections based on Census 2022","2025","Under 1 year","Female","Method - M2","Number","26955"
"Population Projections based on Census 2022","2025","1 year","Male","Method - M2","Number","28958"
"Population Projections based on Census 2022","2025","1 year","Female","Method - M2","Number","27493"
"Population Projections based on Census 2022","2025","2 years","Male","Method - M2","Number","30364"
"Population Projections based on Census 2022","2025","2 years","Female","Method - M2","Number","28821"
"Population Projections based on Census 2022","2025","3 years","Male","Method - M2","Number","30467"
"Population Projections based on Census 2022","2025","3 years","Female","Method - M2","Number","29006"
"Population Projections based on Census 2022","2025","4 years","Male","Method - M2","Number","29886"
"Population Projections based on Census 2022","2025","4 years","Female","Method - M2","Number","28495"
"Population Projections based on Census 2022","2025","5 years","Male","Method - M2","Number","31156"
"Population Projections based on Census 2022","2025","5 years","Female","Method - M2","Number","29791"
"Population Projections based on Census 2022","2025","6 years","Male","Method - M2","Number","31948"
"Population Projections based on Census 2022","2025","6 years","Female","Method - M2","Number","30367"
"Population Projections based on Census 2022","2025","7 years","Male","Method - M2","Number","32652"
"Population Projections based on Census 2022","2025","7 years","Female","Method - M2","Number","30730"
"Population Projections based on Census 2022","2025","8 years","Male","Method - M2","Number","33647"
"Population Projections based on Census 2022","2025","8 years","Female","Method - M2","Number","32258"
"Population Projections based on Census 2022","2025","9 years","Male","Method - M2","Number","35010"
"Population Projections based on Census 2022","2025","9 years","Female","Method - M2","Number","33528"
"Population Projections based on Census 2022","2025","10 years","Male","Method - M2","Number","36363"
"Population Projections based on Census 2022","2025","10 years","Female","Method - M2","Number","34453"
"Population Projections based on Census 2022","2025","11 years","Male","Method - M2","Number","37221"
"Population Projections based on Census 2022","2025","11 years","Female","Method - M2","Number","35340"
"Population Projections based on Census 2022","2025","12 years","Male","Method - M2","Number","37913"
"Population Projections based on Census 2022","2025","12 years","Female","Method - M2","Number","36105"
"Population Projections based on Census 2022","2025","13 years","Male","Method - M2","Number","39052"
"Population Projections based on Census 2022","2025","13 years","Female","Method - M2","Number","36991"
"Population Projections based on Census 2022","2025","14 years","Male","Method - M2","Number","39179"
"Population Projections based on Census 2022","2025","14 years","Female","Method - M2","Number","37675"
"Population Projections based on Census 2022","2025","15 years","Male","Method - M2","Number","39813"
"Population Projections based on Census 2022","2025","15 years","Female","Method - M2","Number","38328"
"Population Projections based on Census 2022","2025","16 years","Male","Method - M2","Number","39283"
"Population Projections based on Census 2022","2025","16 years","Female","Method - M2","Number","38035"
"Population Projections based on Census 2022","2025","17 years","Male","Method - M2","Number","38509"
"Population Projections based on Census 2022","2025","17 years","Female","Method - M2","Number","37674"
"Population Projections based on Census 2022","2025","18 years","Male","Method - M2","Number","37009"
"Population Projections based on Census 2022","2025","18 years","Female","Method - M2","Number","35918"
"Population Projections based on Census 2022","2025","19 years","Male","Method - M2","Number","35726"
"Population Projections based on Census 2022","2025","19 years","Female","Method - M2","Number","34688"
"Population Projections based on Census 2022","2025","20 years","Male","Method - M2","Number","35836"
"Population Projections based on Census 2022","2025","20 years","Female","Method - M2","Number","34327"
"Population Projections based on Census 2022","2025","21 years","Male","Method - M2","Number","34692"
"Population Projections based on Census 2022","2025","21 years","Female","Method - M2","Number","34143"
"Population Projections based on Census 2022","2025","22 years","Male","Method - M2","Number","33794"
"Population Projections based on Census 2022","2025","22 years","Female","Method - M2","Number","33275"
"Population Projections based on Census 2022","2025","23 years","Male","Method - M2","Number","33165"
"Population Projections based on Census 2022","2025","23 years","Female","Method - M2","Number","33011"
"Population Projections based on Census 2022","2025","24 years","Male","Method - M2","Number","32143"
"Population Projections based on Census 2022","2025","24 years","Female","Method - M2","Number","31720"
"Population Projections based on Census 2022","2025","25 years","Male","Method - M2","Number","33254"
"Population Projections based on Census 2022","2025","25 years","Female","Method - M2","Number","33029"
"Population Projections based on Census 2022","2025","26 years","Male","Method - M2","Number","33412"
"Population Projections based on Census 2022","2025","26 years","Female","Method - M2","Number","32858"
"Population Projections based on Census 2022","2025","27 years","Male","Method - M2","Number","33321"
"Population Projections based on Census 2022","2025","27 years","Female","Method - M2","Number","32785"
"Population Projections based on Census 2022","2025","28 years","Male","Method - M2","Number","32980"
"Population Projections based on Census 2022","2025","28 years","Female","Method - M2","Number","32661"
"Population Projections based on Census 2022","2025","29 years","Male","Method - M2","Number","32144"
"Population Projections based on Census 2022","2025","29 years","Female","Method - M2","Number","31978"
"Population Projections based on Census 2022","2025","30 years","Male","Method - M2","Number","31874"
"Population Projections based on Census 2022","2025","30 years","Female","Method - M2","Number","32530"
"Population Projections based on Census 2022","2025","31 years","Male","Method - M2","Number","31505"
"Population Projections based on Census 2022","2025","31 years","Female","Method - M2","Number","32577"
"Population Projections based on Census 2022","2025","32 years","Male","Method - M2","Number","32454"
"Population Projections based on Census 2022","2025","32 years","Female","Method - M2","Number","33652"
"Population Projections based on Census 2022","2025","33 years","Male","Method - M2","Number","33433"
"Population Projections based on Census 2022","2025","33 years","Female","Method - M2","Number","35801"
"Population Projections based on Census 2022","2025","34 years","Male","Method - M2","Number","34505"
"Population Projections based on Census 2022","2025","34 years","Female","Method - M2","Number","36433"
"Population Projections based on Census 2022","2025","35 years","Male","Method - M2","Number","34575"
"Population Projections based on Census 2022","2025","35 years","Female","Method - M2","Number","37153"
"Population Projections based on Census 2022","2025","36 years","Male","Method - M2","Number","34036"
"Population Projections based on Census 2022","2025","36 years","Female","Method - M2","Number","37215"
"Population Projections based on Census 2022","2025","37 years","Male","Method - M2","Number","35171"
"Population Projections based on Census 2022","2025","37 years","Female","Method - M2","Number","38988"
"Population Projections based on Census 2022","2025","38 years","Male","Method - M2","Number","37023"
"Population Projections based on Census 2022","2025","38 years","Female","Method - M2","Number","40860"
"Population Projections based on Census 2022","2025","39 years","Male","Method - M2","Number","37817"
"Population Projections based on Census 2022","2025","39 years","Female","Method - M2","Number","41687"
"Population Projections based on Census 2022","2025","40 years","Male","Method - M2","Number","38472"
"Population Projections based on Census 2022","2025","40 years","Female","Method - M2","Number","42009"
"Population Projections based on Census 2022","2025","41 years","Male","Method - M2","Number","39667"
"Population Projections based on Census 2022","2025","41 years","Female","Method - M2","Number","43728"
"Population Projections based on Census 2022","2025","42 years","Male","Method - M2","Number","40890"
"Population Projections based on Census 2022","2025","42 years","Female","Method - M2","Number","45446"
"Population Projections based on Census 2022","2025","43 years","Male","Method - M2","Number","42970"
"Population Projections based on Census 2022","2025","43 years","Female","Method - M2","Number","46423"
"Population Projections based on Census 2022","2025","44 years","Male","Method - M2","Number","43654"
"Population Projections based on Census 2022","2025","44 years","Female","Method - M2","Number","46509"
"Population Projections based on Census 2022","2025","45 years","Male","Method - M2","Number","43471"
"Population Projections based on Census 2022","2025","45 years","Female","Method - M2","Number","45566"
"Population Projections based on Census 2022","2025","46 years","Male","Method - M2","Number","40491"
"Population Projections based on Census 2022","2025","46 years","Female","Method - M2","Number","42799"
"Population Projections based on Census 2022","2025","47 years","Male","Method - M2","Number","38378"
"Population Projections based on Census 2022","2025","47 years","Female","Method - M2","Number","39921"
"Population Projections based on Census 2022","2025","48 years","Male","Method - M2","Number","38425"
"Population Projections based on Census 2022","2025","48 years","Female","Method - M2","Number","39244"
"Population Projections based on Census 2022","2025","49 years","Male","Method - M2","Number","37796"
"Population Projections based on Census 2022","2025","49 years","Female","Method - M2","Number","38672"
"Population Projections based on Census 2022","2025","50 years","Male","Method - M2","Number","37522"
"Population Projections based on Census 2022","2025","50 years","Female","Method - M2","Number","38037"
"Population Projections based on Census 2022","2025","51 years","Male","Method - M2","Number","37071"
"Population Projections based on Census 2022","2025","51 years","Female","Method - M2","Number","37723"
"Population Projections based on Census 2022","2025","52 years","Male","Method - M2","Number","37242"
"Population Projections based on Census 2022","2025","52 years","Female","Method - M2","Number","37622"
"Population Projections based on Census 2022","2025","53 years","Male","Method - M2","Number","37025"
"Population Projections based on Census 2022","2025","53 years","Female","Method - M2","Number","37167"
"Population Projections based on Census 2022","2025","54 years","Male","Method - M2","Number","35440"
"Population Projections based on Census 2022","2025","54 years","Female","Method - M2","Number","35579"
"Population Projections based on Census 2022","2025","55 years","Male","Method - M2","Number","34857"
"Population Projections based on Census 2022","2025","55 years","Female","Method - M2","Number","34960"
"Population Projections based on Census 2022","2025","56 years","Male","Method - M2","Number","33161"
"Population Projections based on Census 2022","2025","56 years","Female","Method - M2","Number","32745"
"Population Projections based on Census 2022","2025","57 years","Male","Method - M2","Number","32563"
"Population Projections based on Census 2022","2025","57 years","Female","Method - M2","Number","32686"
"Population Projections based on Census 2022","2025","58 years","Male","Method - M2","Number","32072"
"Population Projections based on Census 2022","2025","58 years","Female","Method - M2","Number","32274"
"Population Projections based on Census 2022","2025","59 years","Male","Method - M2","Number","31168"
"Population Projections based on Census 2022","2025","59 years","Female","Method - M2","Number","31756"
"Population Projections based on Census 2022","2025","60 years","Male","Method - M2","Number","31287"
"Population Projections based on Census 2022","2025","60 years","Female","Method - M2","Number","32342"
"Population Projections based on Census 2022","2025","61 years","Male","Method - M2","Number","30227"
"Population Projections based on Census 2022","2025","61 years","Female","Method - M2","Number","31191"
"Population Projections based on Census 2022","2025","62 years","Male","Method - M2","Number","29576"
"Population Projections based on Census 2022","2025","62 years","Female","Method - M2","Number","30475"
"Population Projections based on Census 2022","2025","63 years","Male","Method - M2","Number","29316"
"Population Projections based on Census 2022","2025","63 years","Female","Method - M2","Number","29991"
"Population Projections based on Census 2022","2025","64 years","Male","Method - M2","Number","28144"
"Population Projections based on Census 2022","2025","64 years","Female","Method - M2","Number","29316"
"Population Projections based on Census 2022","2025","65 years","Male","Method - M2","Number","27267"
"Population Projections based on Census 2022","2025","65 years","Female","Method - M2","Number","28177"
"Population Projections based on Census 2022","2025","66 years","Male","Method - M2","Number","25754"
"Population Projections based on Census 2022","2025","66 years","Female","Method - M2","Number","26354"
"Population Projections based on Census 2022","2025","67 years","Male","Method - M2","Number","24655"
"Population Projections based on Census 2022","2025","67 years","Female","Method - M2","Number","25937"
"Population Projections based on Census 2022","2025","68 years","Male","Method - M2","Number","24631"
"Population Projections based on Census 2022","2025","68 years","Female","Method - M2","Number","25248"
"Population Projections based on Census 2022","2025","69 years","Male","Method - M2","Number","23262"
"Population Projections based on Census 2022","2025","69 years","Female","Method - M2","Number","24450"
"Population Projections based on Census 2022","2025","70 years","Male","Method - M2","Number","23002"
"Population Projections based on Census 2022","2025","70 years","Female","Method - M2","Number","24210"
"Population Projections based on Census 2022","2025","71 years","Male","Method - M2","Number","21838"
"Population Projections based on Census 2022","2025","71 years","Female","Method - M2","Number","22681"
"Population Projections based on Census 2022","2025","72 years","Male","Method - M2","Number","21735"
"Population Projections based on Census 2022","2025","72 years","Female","Method - M2","Number","22947"
"Population Projections based on Census 2022","2025","73 years","Male","Method - M2","Number","20604"
"Population Projections based on Census 2022","2025","73 years","Female","Method - M2","Number","21728"
"Population Projections based on Census 2022","2025","74 years","Male","Method - M2","Number","19460"
"Population Projections based on Census 2022","2025","74 years","Female","Method - M2","Number","20658"
"Population Projections based on Census 2022","2025","75 years","Male","Method - M2","Number","18854"
"Population Projections based on Census 2022","2025","75 years","Female","Method - M2","Number","20484"
"Population Projections based on Census 2022","2025","76 years","Male","Method - M2","Number","17832"
"Population Projections based on Census 2022","2025","76 years","Female","Method - M2","Number","19331"
"Population Projections based on Census 2022","2025","77 years","Male","Method - M2","Number","16979"
"Population Projections based on Census 2022","2025","77 years","Female","Method - M2","Number","18216"
"Population Projections based on Census 2022","2025","78 years","Male","Method - M2","Number","15900"
"Population Projections based on Census 2022","2025","78 years","Female","Method - M2","Number","17271"
"Population Projections based on Census 2022","2025","79 years","Male","Method - M2","Number","14421"
"Population Projections based on Census 2022","2025","79 years","Female","Method - M2","Number","16467"
"Population Projections based on Census 2022","2025","80 years","Male","Method - M2","Number","12901"
"Population Projections based on Census 2022","2025","80 years","Female","Method - M2","Number","14722"
"Population Projections based on Census 2022","2025","81 years","Male","Method - M2","Number","11635"
"Population Projections based on Census 2022","2025","81 years","Female","Method - M2","Number","13361"
"Population Projections based on Census 2022","2025","82 years","Male","Method - M2","Number","10412"
"Population Projections based on Census 2022","2025","82 years","Female","Method - M2","Number","12528"
"Population Projections based on Census 2022","2025","83 years","Male","Method - M2","Number","8992"
"Population Projections based on Census 2022","2025","83 years","Female","Method - M2","Number","10783"
"Population Projections based on Census 2022","2025","84 years","Male","Method - M2","Number","7727"
"Population Projections based on Census 2022","2025","84 years","Female","Method - M2","Number","9673"
"Population Projections based on Census 2022","2025","85 years","Male","Method - M2","Number","6957"
"Population Projections based on Census 2022","2025","85 years","Female","Method - M2","Number","9094"
"Population Projections based on Census 2022","2025","86 years","Male","Method - M2","Number","6062"
"Population Projections based on Census 2022","2025","86 years","Female","Method - M2","Number","8202"
"Population Projections based on Census 2022","2025","87 years","Male","Method - M2","Number","4988"
"Population Projections based on Census 2022","2025","87 years","Female","Method - M2","Number","7091"
"Population Projections based on Census 2022","2025","88 years","Male","Method - M2","Number","4371"
"Population Projections based on Census 2022","2025","88 years","Female","Method - M2","Number","6407"
"Population Projections based on Census 2022","2025","89 years","Male","Method - M2","Number","3644"
"Population Projections based on Census 2022","2025","89 years","Female","Method - M2","Number","5577"
"Population Projections based on Census 2022","2025","90 years","Male","Method - M2","Number","2928"
"Population Projections based on Census 2022","2025","90 years","Female","Method - M2","Number","4833"
"Population Projections based on Census 2022","2025","91 years","Male","Method - M2","Number","2339"
"Population Projections based on Census 2022","2025","91 years","Female","Method - M2","Number","4058"
"Population Projections based on Census 2022","2025","92 years","Male","Method - M2","Number","1788"
"Population Projections based on Census 2022","2025","92 years","Female","Method - M2","Number","3231"
"Population Projections based on Census 2022","2025","93 years","Male","Method - M2","Number","1365"
"Population Projections based on Census 2022","2025","93 years","Female","Method - M2","Number","2655"
"Population Projections based on Census 2022","2025","94 years","Male","Method - M2","Number","1026"
"Population Projections based on Census 2022","2025","94 years","Female","Method - M2","Number","2212"
"Population Projections based on Census 2022","2025","95 years","Male","Method - M2","Number","659"
"Population Projections based on Census 2022","2025","95 years","Female","Method - M2","Number","1546"
"Population Projections based on Census 2022","2025","96 years","Male","Method - M2","Number","453"
"Population Projections based on Census 2022","2025","96 years","Female","Method - M2","Number","1188"
"Population Projections based on Census 2022","2025","97 years","Male","Method - M2","Number","328"
"Population Projections based on Census 2022","2025","97 years","Female","Method - M2","Number","830"
"Population Projections based on Census 2022","2025","98 years","Male","Method - M2","Number","212"
"Population Projections based on Census 2022","2025","98 years","Female","Method - M2","Number","599"
"Population Projections based on Census 2022","2025","99 years and over","Male","Method - M2","Number","380"
"Population Projections based on Census 2022","2025","99 years and over","Female","Method - M2","Number","1085"
"Population Projections based on Census 2022","2026","Under 1 year","Male","Method - M2","Number","28093"
"Population Projections based on Census 2022","2026","Under 1 year","Female","Method - M2","Number","26661"
"Population Projections based on Census 2022","2026","1 year","Male","Method - M2","Number","28633"
"Population Projections based on Census 2022","2026","1 year","Female","Method - M2","Number","27186"
"Population Projections based on Census 2022","2026","2 years","Male","Method - M2","Number","29198"
"Population Projections based on Census 2022","2026","2 years","Female","Method - M2","Number","27719"
"Population Projections based on Census 2022","2026","3 years","Male","Method - M2","Number","30576"
"Population Projections based on Census 2022","2026","3 years","Female","Method - M2","Number","29012"
"Population Projections based on Census 2022","2026","4 years","Male","Method - M2","Number","30674"
"Population Projections based on Census 2022","2026","4 years","Female","Method - M2","Number","29218"
"Population Projections based on Census 2022","2026","5 years","Male","Method - M2","Number","30119"
"Population Projections based on Census 2022","2026","5 years","Female","Method - M2","Number","28677"
"Population Projections based on Census 2022","2026","6 years","Male","Method - M2","Number","31371"
"Population Projections based on Census 2022","2026","6 years","Female","Method - M2","Number","29993"
"Population Projections based on Census 2022","2026","7 years","Male","Method - M2","Number","32156"
"Population Projections based on Census 2022","2026","7 years","Female","Method - M2","Number","30556"
"Population Projections based on Census 2022","2026","8 years","Male","Method - M2","Number","32843"
"Population Projections based on Census 2022","2026","8 years","Female","Method - M2","Number","30921"
"Population Projections based on Census 2022","2026","9 years","Male","Method - M2","Number","33843"
"Population Projections based on Census 2022","2026","9 years","Female","Method - M2","Number","32438"
"Population Projections based on Census 2022","2026","10 years","Male","Method - M2","Number","35210"
"Population Projections based on Census 2022","2026","10 years","Female","Method - M2","Number","33725"
"Population Projections based on Census 2022","2026","11 years","Male","Method - M2","Number","36569"
"Population Projections based on Census 2022","2026","11 years","Female","Method - M2","Number","34640"
"Population Projections based on Census 2022","2026","12 years","Male","Method - M2","Number","37426"
"Population Projections based on Census 2022","2026","12 years","Female","Method - M2","Number","35535"
"Population Projections based on Census 2022","2026","13 years","Male","Method - M2","Number","38117"
"Population Projections based on Census 2022","2026","13 years","Female","Method - M2","Number","36307"
"Population Projections based on Census 2022","2026","14 years","Male","Method - M2","Number","39191"
"Population Projections based on Census 2022","2026","14 years","Female","Method - M2","Number","37124"
"Population Projections based on Census 2022","2026","15 years","Male","Method - M2","Number","39316"
"Population Projections based on Census 2022","2026","15 years","Female","Method - M2","Number","37997"
"Population Projections based on Census 2022","2026","16 years","Male","Method - M2","Number","39956"
"Population Projections based on Census 2022","2026","16 years","Female","Method - M2","Number","38657"
"Population Projections based on Census 2022","2026","17 years","Male","Method - M2","Number","39462"
"Population Projections based on Census 2022","2026","17 years","Female","Method - M2","Number","38302"
"Population Projections based on Census 2022","2026","18 years","Male","Method - M2","Number","38610"
"Population Projections based on Census 2022","2026","18 years","Female","Method - M2","Number","37929"
"Population Projections based on Census 2022","2026","19 years","Male","Method - M2","Number","37077"
"Population Projections based on Census 2022","2026","19 years","Female","Method - M2","Number","36171"
"Population Projections based on Census 2022","2026","20 years","Male","Method - M2","Number","35775"
"Population Projections based on Census 2022","2026","20 years","Female","Method - M2","Number","34916"
"Population Projections based on Census 2022","2026","21 years","Male","Method - M2","Number","35866"
"Population Projections based on Census 2022","2026","21 years","Female","Method - M2","Number","34498"
"Population Projections based on Census 2022","2026","22 years","Male","Method - M2","Number","34708"
"Population Projections based on Census 2022","2026","22 years","Female","Method - M2","Number","34294"
"Population Projections based on Census 2022","2026","23 years","Male","Method - M2","Number","33797"
"Population Projections based on Census 2022","2026","23 years","Female","Method - M2","Number","33430"
"Population Projections based on Census 2022","2026","24 years","Male","Method - M2","Number","33188"
"Population Projections based on Census 2022","2026","24 years","Female","Method - M2","Number","33132"
"Population Projections based on Census 2022","2026","25 years","Male","Method - M2","Number","32800"
"Population Projections based on Census 2022","2026","25 years","Female","Method - M2","Number","32490"
"Population Projections based on Census 2022","2026","26 years","Male","Method - M2","Number","33857"
"Population Projections based on Census 2022","2026","26 years","Female","Method - M2","Number","33763"
"Population Projections based on Census 2022","2026","27 years","Male","Method - M2","Number","33984"
"Population Projections based on Census 2022","2026","27 years","Female","Method - M2","Number","33572"
"Population Projections based on Census 2022","2026","28 years","Male","Method - M2","Number","33880"
"Population Projections based on Census 2022","2026","28 years","Female","Method - M2","Number","33462"
"Population Projections based on Census 2022","2026","29 years","Male","Method - M2","Number","33525"
"Population Projections based on Census 2022","2026","29 years","Female","Method - M2","Number","33289"
"Population Projections based on Census 2022","2026","30 years","Male","Method - M2","Number","32649"
"Population Projections based on Census 2022","2026","30 years","Female","Method - M2","Number","32591"
"Population Projections based on Census 2022","2026","31 years","Male","Method - M2","Number","32362"
"Population Projections based on Census 2022","2026","31 years","Female","Method - M2","Number","33120"
"Population Projections based on Census 2022","2026","32 years","Male","Method - M2","Number","31967"
"Population Projections based on Census 2022","2026","32 years","Female","Method - M2","Number","33173"
"Population Projections based on Census 2022","2026","33 years","Male","Method - M2","Number","32880"
"Population Projections based on Census 2022","2026","33 years","Female","Method - M2","Number","34238"
"Population Projections based on Census 2022","2026","34 years","Male","Method - M2","Number","33891"
"Population Projections based on Census 2022","2026","34 years","Female","Method - M2","Number","36407"
"Population Projections based on Census 2022","2026","35 years","Male","Method - M2","Number","34899"
"Population Projections based on Census 2022","2026","35 years","Female","Method - M2","Number","37003"
"Population Projections based on Census 2022","2026","36 years","Male","Method - M2","Number","34974"
"Population Projections based on Census 2022","2026","36 years","Female","Method - M2","Number","37725"
"Population Projections based on Census 2022","2026","37 years","Male","Method - M2","Number","34407"
"Population Projections based on Census 2022","2026","37 years","Female","Method - M2","Number","37758"
"Population Projections based on Census 2022","2026","38 years","Male","Method - M2","Number","35529"
"Population Projections based on Census 2022","2026","38 years","Female","Method - M2","Number","39537"
"Population Projections based on Census 2022","2026","39 years","Male","Method - M2","Number","37394"
"Population Projections based on Census 2022","2026","39 years","Female","Method - M2","Number","41434"
"Population Projections based on Census 2022","2026","40 years","Male","Method - M2","Number","38200"
"Population Projections based on Census 2022","2026","40 years","Female","Method - M2","Number","42259"
"Population Projections based on Census 2022","2026","41 years","Male","Method - M2","Number","38844"
"Population Projections based on Census 2022","2026","41 years","Female","Method - M2","Number","42602"
"Population Projections based on Census 2022","2026","42 years","Male","Method - M2","Number","40097"
"Population Projections based on Census 2022","2026","42 years","Female","Method - M2","Number","44350"
"Population Projections based on Census 2022","2026","43 years","Male","Method - M2","Number","41315"
"Population Projections based on Census 2022","2026","43 years","Female","Method - M2","Number","46067"
"Population Projections based on Census 2022","2026","44 years","Male","Method - M2","Number","43412"
"Population Projections based on Census 2022","2026","44 years","Female","Method - M2","Number","47038"
"Population Projections based on Census 2022","2026","45 years","Male","Method - M2","Number","43689"
"Population Projections based on Census 2022","2026","45 years","Female","Method - M2","Number","46543"
"Population Projections based on Census 2022","2026","46 years","Male","Method - M2","Number","43468"
"Population Projections based on Census 2022","2026","46 years","Female","Method - M2","Number","45603"
"Population Projections based on Census 2022","2026","47 years","Male","Method - M2","Number","40513"
"Population Projections based on Census 2022","2026","47 years","Female","Method - M2","Number","42836"
"Population Projections based on Census 2022","2026","48 years","Male","Method - M2","Number","38417"
"Population Projections based on Census 2022","2026","48 years","Female","Method - M2","Number","39988"
"Population Projections based on Census 2022","2026","49 years","Male","Method - M2","Number","38489"
"Population Projections based on Census 2022","2026","49 years","Female","Method - M2","Number","39313"
"Population Projections based on Census 2022","2026","50 years","Male","Method - M2","Number","37856"
"Population Projections based on Census 2022","2026","50 years","Female","Method - M2","Number","38748"
"Population Projections based on Census 2022","2026","51 years","Male","Method - M2","Number","37578"
"Population Projections based on Census 2022","2026","51 years","Female","Method - M2","Number","38108"
"Population Projections based on Census 2022","2026","52 years","Male","Method - M2","Number","37128"
"Population Projections based on Census 2022","2026","52 years","Female","Method - M2","Number","37784"
"Population Projections based on Census 2022","2026","53 years","Male","Method - M2","Number","37289"
"Population Projections based on Census 2022","2026","53 years","Female","Method - M2","Number","37679"
"Population Projections based on Census 2022","2026","54 years","Male","Method - M2","Number","37080"
"Population Projections based on Census 2022","2026","54 years","Female","Method - M2","Number","37227"
"Population Projections based on Census 2022","2026","55 years","Male","Method - M2","Number","35482"
"Population Projections based on Census 2022","2026","55 years","Female","Method - M2","Number","35648"
"Population Projections based on Census 2022","2026","56 years","Male","Method - M2","Number","34898"
"Population Projections based on Census 2022","2026","56 years","Female","Method - M2","Number","35020"
"Population Projections based on Census 2022","2026","57 years","Male","Method - M2","Number","33196"
"Population Projections based on Census 2022","2026","57 years","Female","Method - M2","Number","32795"
"Population Projections based on Census 2022","2026","58 years","Male","Method - M2","Number","32587"
"Population Projections based on Census 2022","2026","58 years","Female","Method - M2","Number","32740"
"Population Projections based on Census 2022","2026","59 years","Male","Method - M2","Number","32085"
"Population Projections based on Census 2022","2026","59 years","Female","Method - M2","Number","32343"
"Population Projections based on Census 2022","2026","60 years","Male","Method - M2","Number","31176"
"Population Projections based on Census 2022","2026","60 years","Female","Method - M2","Number","31814"
"Population Projections based on Census 2022","2026","61 years","Male","Method - M2","Number","31291"
"Population Projections based on Census 2022","2026","61 years","Female","Method - M2","Number","32375"
"Population Projections based on Census 2022","2026","62 years","Male","Method - M2","Number","30210"
"Population Projections based on Census 2022","2026","62 years","Female","Method - M2","Number","31216"
"Population Projections based on Census 2022","2026","63 years","Male","Method - M2","Number","29574"
"Population Projections based on Census 2022","2026","63 years","Female","Method - M2","Number","30500"
"Population Projections based on Census 2022","2026","64 years","Male","Method - M2","Number","29289"
"Population Projections based on Census 2022","2026","64 years","Female","Method - M2","Number","30008"
"Population Projections based on Census 2022","2026","65 years","Male","Method - M2","Number","27886"
"Population Projections based on Census 2022","2026","65 years","Female","Method - M2","Number","29165"
"Population Projections based on Census 2022","2026","66 years","Male","Method - M2","Number","27014"
"Population Projections based on Census 2022","2026","66 years","Female","Method - M2","Number","28010"
"Population Projections based on Census 2022","2026","67 years","Male","Method - M2","Number","25503"
"Population Projections based on Census 2022","2026","67 years","Female","Method - M2","Number","26206"
"Population Projections based on Census 2022","2026","68 years","Male","Method - M2","Number","24392"
"Population Projections based on Census 2022","2026","68 years","Female","Method - M2","Number","25781"
"Population Projections based on Census 2022","2026","69 years","Male","Method - M2","Number","24331"
"Population Projections based on Census 2022","2026","69 years","Female","Method - M2","Number","25066"
"Population Projections based on Census 2022","2026","70 years","Male","Method - M2","Number","22953"
"Population Projections based on Census 2022","2026","70 years","Female","Method - M2","Number","24267"
"Population Projections based on Census 2022","2026","71 years","Male","Method - M2","Number","22666"
"Population Projections based on Census 2022","2026","71 years","Female","Method - M2","Number","23993"
"Population Projections based on Census 2022","2026","72 years","Male","Method - M2","Number","21484"
"Population Projections based on Census 2022","2026","72 years","Female","Method - M2","Number","22460"
"Population Projections based on Census 2022","2026","73 years","Male","Method - M2","Number","21326"
"Population Projections based on Census 2022","2026","73 years","Female","Method - M2","Number","22680"
"Population Projections based on Census 2022","2026","74 years","Male","Method - M2","Number","20164"
"Population Projections based on Census 2022","2026","74 years","Female","Method - M2","Number","21448"
"Population Projections based on Census 2022","2026","75 years","Male","Method - M2","Number","18987"
"Population Projections based on Census 2022","2026","75 years","Female","Method - M2","Number","20347"
"Population Projections based on Census 2022","2026","76 years","Male","Method - M2","Number","18298"
"Population Projections based on Census 2022","2026","76 years","Female","Method - M2","Number","20100"
"Population Projections based on Census 2022","2026","77 years","Male","Method - M2","Number","17239"
"Population Projections based on Census 2022","2026","77 years","Female","Method - M2","Number","18917"
"Population Projections based on Census 2022","2026","78 years","Male","Method - M2","Number","16353"
"Population Projections based on Census 2022","2026","78 years","Female","Method - M2","Number","17776"
"Population Projections based on Census 2022","2026","79 years","Male","Method - M2","Number","15248"
"Population Projections based on Census 2022","2026","79 years","Female","Method - M2","Number","16804"
"Population Projections based on Census 2022","2026","80 years","Male","Method - M2","Number","13766"
"Population Projections based on Census 2022","2026","80 years","Female","Method - M2","Number","15960"
"Population Projections based on Census 2022","2026","81 years","Male","Method - M2","Number","12252"
"Population Projections based on Census 2022","2026","81 years","Female","Method - M2","Number","14209"
"Population Projections based on Census 2022","2026","82 years","Male","Method - M2","Number","10980"
"Population Projections based on Census 2022","2026","82 years","Female","Method - M2","Number","12826"
"Population Projections based on Census 2022","2026","83 years","Male","Method - M2","Number","9736"
"Population Projections based on Census 2022","2026","83 years","Female","Method - M2","Number","11941"
"Population Projections based on Census 2022","2026","84 years","Male","Method - M2","Number","8334"
"Population Projections based on Census 2022","2026","84 years","Female","Method - M2","Number","10214"
"Population Projections based on Census 2022","2026","85 years","Male","Method - M2","Number","7093"
"Population Projections based on Census 2022","2026","85 years","Female","Method - M2","Number","9087"
"Population Projections based on Census 2022","2026","86 years","Male","Method - M2","Number","6301"
"Population Projections based on Census 2022","2026","86 years","Female","Method - M2","Number","8447"
"Population Projections based on Census 2022","2026","87 years","Male","Method - M2","Number","5424"
"Population Projections based on Census 2022","2026","87 years","Female","Method - M2","Number","7546"
"Population Projections based on Census 2022","2026","88 years","Male","Method - M2","Number","4404"
"Population Projections based on Census 2022","2026","88 years","Female","Method - M2","Number","6449"
"Population Projections based on Census 2022","2026","89 years","Male","Method - M2","Number","3802"
"Population Projections based on Census 2022","2026","89 years","Female","Method - M2","Number","5754"
"Population Projections based on Census 2022","2026","90 years","Male","Method - M2","Number","3125"
"Population Projections based on Census 2022","2026","90 years","Female","Method - M2","Number","4938"
"Population Projections based on Census 2022","2026","91 years","Male","Method - M2","Number","2465"
"Population Projections based on Census 2022","2026","91 years","Female","Method - M2","Number","4215"
"Population Projections based on Census 2022","2026","92 years","Male","Method - M2","Number","1938"
"Population Projections based on Census 2022","2026","92 years","Female","Method - M2","Number","3480"
"Population Projections based on Census 2022","2026","93 years","Male","Method - M2","Number","1447"
"Population Projections based on Census 2022","2026","93 years","Female","Method - M2","Number","2717"
"Population Projections based on Census 2022","2026","94 years","Male","Method - M2","Number","1084"
"Population Projections based on Census 2022","2026","94 years","Female","Method - M2","Number","2187"
"Population Projections based on Census 2022","2026","95 years","Male","Method - M2","Number","802"
"Population Projections based on Census 2022","2026","95 years","Female","Method - M2","Number","1779"
"Population Projections based on Census 2022","2026","96 years","Male","Method - M2","Number","500"
"Population Projections based on Census 2022","2026","96 years","Female","Method - M2","Number","1207"
"Population Projections based on Census 2022","2026","97 years","Male","Method - M2","Number","340"
"Population Projections based on Census 2022","2026","97 years","Female","Method - M2","Number","905"
"Population Projections based on Census 2022","2026","98 years","Male","Method - M2","Number","241"
"Population Projections based on Census 2022","2026","98 years","Female","Method - M2","Number","623"
"Population Projections based on Census 2022","2026","99 years and over","Male","Method - M2","Number","413"
"Population Projections based on Census 2022","2026","99 years and over","Female","Method - M2","Number","1142"
"Population Projections based on Census 2022","2027","Under 1 year","Male","Method - M2","Number","27691"
"Population Projections based on Census 2022","2027","Under 1 year","Female","Method - M2","Number","26281"
"Population Projections based on Census 2022","2027","1 year","Male","Method - M2","Number","28302"
"Population Projections based on Census 2022","2027","1 year","Female","Method - M2","Number","26872"
"Population Projections based on Census 2022","2027","2 years","Male","Method - M2","Number","28852"
"Population Projections based on Census 2022","2027","2 years","Female","Method - M2","Number","27393"
"Population Projections based on Census 2022","2027","3 years","Male","Method - M2","Number","29390"
"Population Projections based on Census 2022","2027","3 years","Female","Method - M2","Number","27891"
"Population Projections based on Census 2022","2027","4 years","Male","Method - M2","Number","30763"
"Population Projections based on Census 2022","2027","4 years","Female","Method - M2","Number","29204"
"Population Projections based on Census 2022","2027","5 years","Male","Method - M2","Number","30885"
"Population Projections based on Census 2022","2027","5 years","Female","Method - M2","Number","29381"
"Population Projections based on Census 2022","2027","6 years","Male","Method - M2","Number","30313"
"Population Projections based on Census 2022","2027","6 years","Female","Method - M2","Number","28859"
"Population Projections based on Census 2022","2027","7 years","Male","Method - M2","Number","31558"
"Population Projections based on Census 2022","2027","7 years","Female","Method - M2","Number","30164"
"Population Projections based on Census 2022","2027","8 years","Male","Method - M2","Number","32326"
"Population Projections based on Census 2022","2027","8 years","Female","Method - M2","Number","30727"
"Population Projections based on Census 2022","2027","9 years","Male","Method - M2","Number","33018"
"Population Projections based on Census 2022","2027","9 years","Female","Method - M2","Number","31082"
"Population Projections based on Census 2022","2027","10 years","Male","Method - M2","Number","34021"
"Population Projections based on Census 2022","2027","10 years","Female","Method - M2","Number","32615"
"Population Projections based on Census 2022","2027","11 years","Male","Method - M2","Number","35396"
"Population Projections based on Census 2022","2027","11 years","Female","Method - M2","Number","33892"
"Population Projections based on Census 2022","2027","12 years","Male","Method - M2","Number","36753"
"Population Projections based on Census 2022","2027","12 years","Female","Method - M2","Number","34815"
"Population Projections based on Census 2022","2027","13 years","Male","Method - M2","Number","37608"
"Population Projections based on Census 2022","2027","13 years","Female","Method - M2","Number","35717"
"Population Projections based on Census 2022","2027","14 years","Male","Method - M2","Number","38239"
"Population Projections based on Census 2022","2027","14 years","Female","Method - M2","Number","36424"
"Population Projections based on Census 2022","2027","15 years","Male","Method - M2","Number","39280"
"Population Projections based on Census 2022","2027","15 years","Female","Method - M2","Number","37389"
"Population Projections based on Census 2022","2027","16 years","Male","Method - M2","Number","39408"
"Population Projections based on Census 2022","2027","16 years","Female","Method - M2","Number","38268"
"Population Projections based on Census 2022","2027","17 years","Male","Method - M2","Number","40083"
"Population Projections based on Census 2022","2027","17 years","Female","Method - M2","Number","38866"
"Population Projections based on Census 2022","2027","18 years","Male","Method - M2","Number","39513"
"Population Projections based on Census 2022","2027","18 years","Female","Method - M2","Number","38498"
"Population Projections based on Census 2022","2027","19 years","Male","Method - M2","Number","38626"
"Population Projections based on Census 2022","2027","19 years","Female","Method - M2","Number","38123"
"Population Projections based on Census 2022","2027","20 years","Male","Method - M2","Number","37077"
"Population Projections based on Census 2022","2027","20 years","Female","Method - M2","Number","36340"
"Population Projections based on Census 2022","2027","21 years","Male","Method - M2","Number","35756"
"Population Projections based on Census 2022","2027","21 years","Female","Method - M2","Number","35030"
"Population Projections based on Census 2022","2027","22 years","Male","Method - M2","Number","35833"
"Population Projections based on Census 2022","2027","22 years","Female","Method - M2","Number","34590"
"Population Projections based on Census 2022","2027","23 years","Male","Method - M2","Number","34661"
"Population Projections based on Census 2022","2027","23 years","Female","Method - M2","Number","34391"
"Population Projections based on Census 2022","2027","24 years","Male","Method - M2","Number","33768"
"Population Projections based on Census 2022","2027","24 years","Female","Method - M2","Number","33492"
"Population Projections based on Census 2022","2027","25 years","Male","Method - M2","Number","33780"
"Population Projections based on Census 2022","2027","25 years","Female","Method - M2","Number","33838"
"Population Projections based on Census 2022","2027","26 years","Male","Method - M2","Number","33340"
"Population Projections based on Census 2022","2027","26 years","Female","Method - M2","Number","33162"
"Population Projections based on Census 2022","2027","27 years","Male","Method - M2","Number","34364"
"Population Projections based on Census 2022","2027","27 years","Female","Method - M2","Number","34415"
"Population Projections based on Census 2022","2027","28 years","Male","Method - M2","Number","34478"
"Population Projections based on Census 2022","2027","28 years","Female","Method - M2","Number","34188"
"Population Projections based on Census 2022","2027","29 years","Male","Method - M2","Number","34359"
"Population Projections based on Census 2022","2027","29 years","Female","Method - M2","Number","34028"
"Population Projections based on Census 2022","2027","30 years","Male","Method - M2","Number","33965"
"Population Projections based on Census 2022","2027","30 years","Female","Method - M2","Number","33839"
"Population Projections based on Census 2022","2027","31 years","Male","Method - M2","Number","33073"
"Population Projections based on Census 2022","2027","31 years","Female","Method - M2","Number","33119"
"Population Projections based on Census 2022","2027","32 years","Male","Method - M2","Number","32760"
"Population Projections based on Census 2022","2027","32 years","Female","Method - M2","Number","33653"
"Population Projections based on Census 2022","2027","33 years","Male","Method - M2","Number","32330"
"Population Projections based on Census 2022","2027","33 years","Female","Method - M2","Number","33695"
"Population Projections based on Census 2022","2027","34 years","Male","Method - M2","Number","33274"
"Population Projections based on Census 2022","2027","34 years","Female","Method - M2","Number","34780"
"Population Projections based on Census 2022","2027","35 years","Male","Method - M2","Number","34222"
"Population Projections based on Census 2022","2027","35 years","Female","Method - M2","Number","36915"
"Population Projections based on Census 2022","2027","36 years","Male","Method - M2","Number","35235"
"Population Projections based on Census 2022","2027","36 years","Female","Method - M2","Number","37511"
"Population Projections based on Census 2022","2027","37 years","Male","Method - M2","Number","35280"
"Population Projections based on Census 2022","2027","37 years","Female","Method - M2","Number","38206"
"Population Projections based on Census 2022","2027","38 years","Male","Method - M2","Number","34702"
"Population Projections based on Census 2022","2027","38 years","Female","Method - M2","Number","38245"
"Population Projections based on Census 2022","2027","39 years","Male","Method - M2","Number","35838"
"Population Projections based on Census 2022","2027","39 years","Female","Method - M2","Number","40048"
"Population Projections based on Census 2022","2027","40 years","Male","Method - M2","Number","37715"
"Population Projections based on Census 2022","2027","40 years","Female","Method - M2","Number","41944"
"Population Projections based on Census 2022","2027","41 years","Male","Method - M2","Number","38512"
"Population Projections based on Census 2022","2027","41 years","Female","Method - M2","Number","42789"
"Population Projections based on Census 2022","2027","42 years","Male","Method - M2","Number","39211"
"Population Projections based on Census 2022","2027","42 years","Female","Method - M2","Number","43161"
"Population Projections based on Census 2022","2027","43 years","Male","Method - M2","Number","40462"
"Population Projections based on Census 2022","2027","43 years","Female","Method - M2","Number","44909"
"Population Projections based on Census 2022","2027","44 years","Male","Method - M2","Number","41696"
"Population Projections based on Census 2022","2027","44 years","Female","Method - M2","Number","46622"
"Population Projections based on Census 2022","2027","45 years","Male","Method - M2","Number","43430"
"Population Projections based on Census 2022","2027","45 years","Female","Method - M2","Number","47057"
"Population Projections based on Census 2022","2027","46 years","Male","Method - M2","Number","43673"
"Population Projections based on Census 2022","2027","46 years","Female","Method - M2","Number","46566"
"Population Projections based on Census 2022","2027","47 years","Male","Method - M2","Number","43472"
"Population Projections based on Census 2022","2027","47 years","Female","Method - M2","Number","45624"
"Population Projections based on Census 2022","2027","48 years","Male","Method - M2","Number","40535"
"Population Projections based on Census 2022","2027","48 years","Female","Method - M2","Number","42887"
"Population Projections based on Census 2022","2027","49 years","Male","Method - M2","Number","38467"
"Population Projections based on Census 2022","2027","49 years","Female","Method - M2","Number","40045"
"Population Projections based on Census 2022","2027","50 years","Male","Method - M2","Number","38535"
"Population Projections based on Census 2022","2027","50 years","Female","Method - M2","Number","39375"
"Population Projections based on Census 2022","2027","51 years","Male","Method - M2","Number","37899"
"Population Projections based on Census 2022","2027","51 years","Female","Method - M2","Number","38806"
"Population Projections based on Census 2022","2027","52 years","Male","Method - M2","Number","37621"
"Population Projections based on Census 2022","2027","52 years","Female","Method - M2","Number","38157"
"Population Projections based on Census 2022","2027","53 years","Male","Method - M2","Number","37163"
"Population Projections based on Census 2022","2027","53 years","Female","Method - M2","Number","37830"
"Population Projections based on Census 2022","2027","54 years","Male","Method - M2","Number","37331"
"Population Projections based on Census 2022","2027","54 years","Female","Method - M2","Number","37727"
"Population Projections based on Census 2022","2027","55 years","Male","Method - M2","Number","37104"
"Population Projections based on Census 2022","2027","55 years","Female","Method - M2","Number","37280"
"Population Projections based on Census 2022","2027","56 years","Male","Method - M2","Number","35509"
"Population Projections based on Census 2022","2027","56 years","Female","Method - M2","Number","35696"
"Population Projections based on Census 2022","2027","57 years","Male","Method - M2","Number","34914"
"Population Projections based on Census 2022","2027","57 years","Female","Method - M2","Number","35052"
"Population Projections based on Census 2022","2027","58 years","Male","Method - M2","Number","33206"
"Population Projections based on Census 2022","2027","58 years","Female","Method - M2","Number","32839"
"Population Projections based on Census 2022","2027","59 years","Male","Method - M2","Number","32586"
"Population Projections based on Census 2022","2027","59 years","Female","Method - M2","Number","32796"
"Population Projections based on Census 2022","2027","60 years","Male","Method - M2","Number","32077"
"Population Projections based on Census 2022","2027","60 years","Female","Method - M2","Number","32387"
"Population Projections based on Census 2022","2027","61 years","Male","Method - M2","Number","31171"
"Population Projections based on Census 2022","2027","61 years","Female","Method - M2","Number","31839"
"Population Projections based on Census 2022","2027","62 years","Male","Method - M2","Number","31256"
"Population Projections based on Census 2022","2027","62 years","Female","Method - M2","Number","32385"
"Population Projections based on Census 2022","2027","63 years","Male","Method - M2","Number","30193"
"Population Projections based on Census 2022","2027","63 years","Female","Method - M2","Number","31228"
"Population Projections based on Census 2022","2027","64 years","Male","Method - M2","Number","29536"
"Population Projections based on Census 2022","2027","64 years","Female","Method - M2","Number","30505"
"Population Projections based on Census 2022","2027","65 years","Male","Method - M2","Number","29020"
"Population Projections based on Census 2022","2027","65 years","Female","Method - M2","Number","29851"
"Population Projections based on Census 2022","2027","66 years","Male","Method - M2","Number","27628"
"Population Projections based on Census 2022","2027","66 years","Female","Method - M2","Number","28990"
"Population Projections based on Census 2022","2027","67 years","Male","Method - M2","Number","26751"
"Population Projections based on Census 2022","2027","67 years","Female","Method - M2","Number","27849"
"Population Projections based on Census 2022","2027","68 years","Male","Method - M2","Number","25230"
"Population Projections based on Census 2022","2027","68 years","Female","Method - M2","Number","26047"
"Population Projections based on Census 2022","2027","69 years","Male","Method - M2","Number","24098"
"Population Projections based on Census 2022","2027","69 years","Female","Method - M2","Number","25595"
"Population Projections based on Census 2022","2027","70 years","Male","Method - M2","Number","24009"
"Population Projections based on Census 2022","2027","70 years","Female","Method - M2","Number","24878"
"Population Projections based on Census 2022","2027","71 years","Male","Method - M2","Number","22621"
"Population Projections based on Census 2022","2027","71 years","Female","Method - M2","Number","24051"
"Population Projections based on Census 2022","2027","72 years","Male","Method - M2","Number","22301"
"Population Projections based on Census 2022","2027","72 years","Female","Method - M2","Number","23757"
"Population Projections based on Census 2022","2027","73 years","Male","Method - M2","Number","21086"
"Population Projections based on Census 2022","2027","73 years","Female","Method - M2","Number","22203"
"Population Projections based on Census 2022","2027","74 years","Male","Method - M2","Number","20876"
"Population Projections based on Census 2022","2027","74 years","Female","Method - M2","Number","22389"
"Population Projections based on Census 2022","2027","75 years","Male","Method - M2","Number","19681"
"Population Projections based on Census 2022","2027","75 years","Female","Method - M2","Number","21126"
"Population Projections based on Census 2022","2027","76 years","Male","Method - M2","Number","18439"
"Population Projections based on Census 2022","2027","76 years","Female","Method - M2","Number","19972"
"Population Projections based on Census 2022","2027","77 years","Male","Method - M2","Number","17701"
"Population Projections based on Census 2022","2027","77 years","Female","Method - M2","Number","19678"
"Population Projections based on Census 2022","2027","78 years","Male","Method - M2","Number","16616"
"Population Projections based on Census 2022","2027","78 years","Female","Method - M2","Number","18468"
"Population Projections based on Census 2022","2027","79 years","Male","Method - M2","Number","15695"
"Population Projections based on Census 2022","2027","79 years","Female","Method - M2","Number","17303"
"Population Projections based on Census 2022","2027","80 years","Male","Method - M2","Number","14568"
"Population Projections based on Census 2022","2027","80 years","Female","Method - M2","Number","16296"
"Population Projections based on Census 2022","2027","81 years","Male","Method - M2","Number","13086"
"Population Projections based on Census 2022","2027","81 years","Female","Method - M2","Number","15412"
"Population Projections based on Census 2022","2027","82 years","Male","Method - M2","Number","11574"
"Population Projections based on Census 2022","2027","82 years","Female","Method - M2","Number","13650"
"Population Projections based on Census 2022","2027","83 years","Male","Method - M2","Number","10279"
"Population Projections based on Census 2022","2027","83 years","Female","Method - M2","Number","12237"
"Population Projections based on Census 2022","2027","84 years","Male","Method - M2","Number","9035"
"Population Projections based on Census 2022","2027","84 years","Female","Method - M2","Number","11319"
"Population Projections based on Census 2022","2027","85 years","Male","Method - M2","Number","7662"
"Population Projections based on Census 2022","2027","85 years","Female","Method - M2","Number","9607"
"Population Projections based on Census 2022","2027","86 years","Male","Method - M2","Number","6439"
"Population Projections based on Census 2022","2027","86 years","Female","Method - M2","Number","8454"
"Population Projections based on Census 2022","2027","87 years","Male","Method - M2","Number","5651"
"Population Projections based on Census 2022","2027","87 years","Female","Method - M2","Number","7785"
"Population Projections based on Census 2022","2027","88 years","Male","Method - M2","Number","4802"
"Population Projections based on Census 2022","2027","88 years","Female","Method - M2","Number","6876"
"Population Projections based on Census 2022","2027","89 years","Male","Method - M2","Number","3844"
"Population Projections based on Census 2022","2027","89 years","Female","Method - M2","Number","5805"
"Population Projections based on Census 2022","2027","90 years","Male","Method - M2","Number","3272"
"Population Projections based on Census 2022","2027","90 years","Female","Method - M2","Number","5109"
"Population Projections based on Census 2022","2027","91 years","Male","Method - M2","Number","2640"
"Population Projections based on Census 2022","2027","91 years","Female","Method - M2","Number","4319"
"Population Projections based on Census 2022","2027","92 years","Male","Method - M2","Number","2050"
"Population Projections based on Census 2022","2027","92 years","Female","Method - M2","Number","3626"
"Population Projections based on Census 2022","2027","93 years","Male","Method - M2","Number","1573"
"Population Projections based on Census 2022","2027","93 years","Female","Method - M2","Number","2934"
"Population Projections based on Census 2022","2027","94 years","Male","Method - M2","Number","1152"
"Population Projections based on Census 2022","2027","94 years","Female","Method - M2","Number","2244"
"Population Projections based on Census 2022","2027","95 years","Male","Method - M2","Number","849"
"Population Projections based on Census 2022","2027","95 years","Female","Method - M2","Number","1764"
"Population Projections based on Census 2022","2027","96 years","Male","Method - M2","Number","607"
"Population Projections based on Census 2022","2027","96 years","Female","Method - M2","Number","1391"
"Population Projections based on Census 2022","2027","97 years","Male","Method - M2","Number","373"
"Population Projections based on Census 2022","2027","97 years","Female","Method - M2","Number","921"
"Population Projections based on Census 2022","2027","98 years","Male","Method - M2","Number","249"
"Population Projections based on Census 2022","2027","98 years","Female","Method - M2","Number","678"
"Population Projections based on Census 2022","2027","99 years and over","Male","Method - M2","Number","450"
"Population Projections based on Census 2022","2027","99 years and over","Female","Method - M2","Number","1194"
"Population Projections based on Census 2022","2028","Under 1 year","Male","Method - M2","Number","27334"
"Population Projections based on Census 2022","2028","Under 1 year","Female","Method - M2","Number","25940"
"Population Projections based on Census 2022","2028","1 year","Male","Method - M2","Number","27894"
"Population Projections based on Census 2022","2028","1 year","Female","Method - M2","Number","26485"
"Population Projections based on Census 2022","2028","2 years","Male","Method - M2","Number","28516"
"Population Projections based on Census 2022","2028","2 years","Female","Method - M2","Number","27074"
"Population Projections based on Census 2022","2028","3 years","Male","Method - M2","Number","29040"
"Population Projections based on Census 2022","2028","3 years","Female","Method - M2","Number","27561"
"Population Projections based on Census 2022","2028","4 years","Male","Method - M2","Number","29573"
"Population Projections based on Census 2022","2028","4 years","Female","Method - M2","Number","28078"
"Population Projections based on Census 2022","2028","5 years","Male","Method - M2","Number","30969"
"Population Projections based on Census 2022","2028","5 years","Female","Method - M2","Number","29365"
"Population Projections based on Census 2022","2028","6 years","Male","Method - M2","Number","31075"
"Population Projections based on Census 2022","2028","6 years","Female","Method - M2","Number","29559"
"Population Projections based on Census 2022","2028","7 years","Male","Method - M2","Number","30498"
"Population Projections based on Census 2022","2028","7 years","Female","Method - M2","Number","29027"
"Population Projections based on Census 2022","2028","8 years","Male","Method - M2","Number","31726"
"Population Projections based on Census 2022","2028","8 years","Female","Method - M2","Number","30332"
"Population Projections based on Census 2022","2028","9 years","Male","Method - M2","Number","32499"
"Population Projections based on Census 2022","2028","9 years","Female","Method - M2","Number","30886"
"Population Projections based on Census 2022","2028","10 years","Male","Method - M2","Number","33194"
"Population Projections based on Census 2022","2028","10 years","Female","Method - M2","Number","31256"
"Population Projections based on Census 2022","2028","11 years","Male","Method - M2","Number","34204"
"Population Projections based on Census 2022","2028","11 years","Female","Method - M2","Number","32780"
"Population Projections based on Census 2022","2028","12 years","Male","Method - M2","Number","35577"
"Population Projections based on Census 2022","2028","12 years","Female","Method - M2","Number","34064"
"Population Projections based on Census 2022","2028","13 years","Male","Method - M2","Number","36932"
"Population Projections based on Census 2022","2028","13 years","Female","Method - M2","Number","34994"
"Population Projections based on Census 2022","2028","14 years","Male","Method - M2","Number","37730"
"Population Projections based on Census 2022","2028","14 years","Female","Method - M2","Number","35833"
"Population Projections based on Census 2022","2028","15 years","Male","Method - M2","Number","38349"
"Population Projections based on Census 2022","2028","15 years","Female","Method - M2","Number","36700"
"Population Projections based on Census 2022","2028","16 years","Male","Method - M2","Number","39394"
"Population Projections based on Census 2022","2028","16 years","Female","Method - M2","Number","37672"
"Population Projections based on Census 2022","2028","17 years","Male","Method - M2","Number","39554"
"Population Projections based on Census 2022","2028","17 years","Female","Method - M2","Number","38493"
"Population Projections based on Census 2022","2028","18 years","Male","Method - M2","Number","40159"
"Population Projections based on Census 2022","2028","18 years","Female","Method - M2","Number","39080"
"Population Projections based on Census 2022","2028","19 years","Male","Method - M2","Number","39556"
"Population Projections based on Census 2022","2028","19 years","Female","Method - M2","Number","38710"
"Population Projections based on Census 2022","2028","20 years","Male","Method - M2","Number","38654"
"Population Projections based on Census 2022","2028","20 years","Female","Method - M2","Number","38312"
"Population Projections based on Census 2022","2028","21 years","Male","Method - M2","Number","37087"
"Population Projections based on Census 2022","2028","21 years","Female","Method - M2","Number","36477"
"Population Projections based on Census 2022","2028","22 years","Male","Method - M2","Number","35753"
"Population Projections based on Census 2022","2028","22 years","Female","Method - M2","Number","35148"
"Population Projections based on Census 2022","2028","23 years","Male","Method - M2","Number","35818"
"Population Projections based on Census 2022","2028","23 years","Female","Method - M2","Number","34712"
"Population Projections based on Census 2022","2028","24 years","Male","Method - M2","Number","34663"
"Population Projections based on Census 2022","2028","24 years","Female","Method - M2","Number","34482"
"Population Projections based on Census 2022","2028","25 years","Male","Method - M2","Number","34347"
"Population Projections based on Census 2022","2028","25 years","Female","Method - M2","Number","34176"
"Population Projections based on Census 2022","2028","26 years","Male","Method - M2","Number","34310"
"Population Projections based on Census 2022","2028","26 years","Female","Method - M2","Number","34490"
"Population Projections based on Census 2022","2028","27 years","Male","Method - M2","Number","33842"
"Population Projections based on Census 2022","2028","27 years","Female","Method - M2","Number","33795"
"Population Projections based on Census 2022","2028","28 years","Male","Method - M2","Number","34853"
"Population Projections based on Census 2022","2028","28 years","Female","Method - M2","Number","35015"
"Population Projections based on Census 2022","2028","29 years","Male","Method - M2","Number","34954"
"Population Projections based on Census 2022","2028","29 years","Female","Method - M2","Number","34742"
"Population Projections based on Census 2022","2028","30 years","Male","Method - M2","Number","34799"
"Population Projections based on Census 2022","2028","30 years","Female","Method - M2","Number","34568"
"Population Projections based on Census 2022","2028","31 years","Male","Method - M2","Number","34390"
"Population Projections based on Census 2022","2028","31 years","Female","Method - M2","Number","34358"
"Population Projections based on Census 2022","2028","32 years","Male","Method - M2","Number","33473"
"Population Projections based on Census 2022","2028","32 years","Female","Method - M2","Number","33644"
"Population Projections based on Census 2022","2028","33 years","Male","Method - M2","Number","33127"
"Population Projections based on Census 2022","2028","33 years","Female","Method - M2","Number","34168"
"Population Projections based on Census 2022","2028","34 years","Male","Method - M2","Number","32728"
"Population Projections based on Census 2022","2028","34 years","Female","Method - M2","Number","34230"
"Population Projections based on Census 2022","2028","35 years","Male","Method - M2","Number","33613"
"Population Projections based on Census 2022","2028","35 years","Female","Method - M2","Number","35281"
"Population Projections based on Census 2022","2028","36 years","Male","Method - M2","Number","34566"
"Population Projections based on Census 2022","2028","36 years","Female","Method - M2","Number","37417"
"Population Projections based on Census 2022","2028","37 years","Male","Method - M2","Number","35552"
"Population Projections based on Census 2022","2028","37 years","Female","Method - M2","Number","37987"
"Population Projections based on Census 2022","2028","38 years","Male","Method - M2","Number","35585"
"Population Projections based on Census 2022","2028","38 years","Female","Method - M2","Number","38688"
"Population Projections based on Census 2022","2028","39 years","Male","Method - M2","Number","35021"
"Population Projections based on Census 2022","2028","39 years","Female","Method - M2","Number","38750"
"Population Projections based on Census 2022","2028","40 years","Male","Method - M2","Number","36169"
"Population Projections based on Census 2022","2028","40 years","Female","Method - M2","Number","40552"
"Population Projections based on Census 2022","2028","41 years","Male","Method - M2","Number","38035"
"Population Projections based on Census 2022","2028","41 years","Female","Method - M2","Number","42466"
"Population Projections based on Census 2022","2028","42 years","Male","Method - M2","Number","38884"
"Population Projections based on Census 2022","2028","42 years","Female","Method - M2","Number","43337"
"Population Projections based on Census 2022","2028","43 years","Male","Method - M2","Number","39580"
"Population Projections based on Census 2022","2028","43 years","Female","Method - M2","Number","43710"
"Population Projections based on Census 2022","2028","44 years","Male","Method - M2","Number","40847"
"Population Projections based on Census 2022","2028","44 years","Female","Method - M2","Number","45452"
"Population Projections based on Census 2022","2028","45 years","Male","Method - M2","Number","41722"
"Population Projections based on Census 2022","2028","45 years","Female","Method - M2","Number","46646"
"Population Projections based on Census 2022","2028","46 years","Male","Method - M2","Number","43421"
"Population Projections based on Census 2022","2028","46 years","Female","Method - M2","Number","47084"
"Population Projections based on Census 2022","2028","47 years","Male","Method - M2","Number","43680"
"Population Projections based on Census 2022","2028","47 years","Female","Method - M2","Number","46589"
"Population Projections based on Census 2022","2028","48 years","Male","Method - M2","Number","43491"
"Population Projections based on Census 2022","2028","48 years","Female","Method - M2","Number","45672"
"Population Projections based on Census 2022","2028","49 years","Male","Method - M2","Number","40581"
"Population Projections based on Census 2022","2028","49 years","Female","Method - M2","Number","42940"
"Population Projections based on Census 2022","2028","50 years","Male","Method - M2","Number","38513"
"Population Projections based on Census 2022","2028","50 years","Female","Method - M2","Number","40106"
"Population Projections based on Census 2022","2028","51 years","Male","Method - M2","Number","38576"
"Population Projections based on Census 2022","2028","51 years","Female","Method - M2","Number","39431"
"Population Projections based on Census 2022","2028","52 years","Male","Method - M2","Number","37940"
"Population Projections based on Census 2022","2028","52 years","Female","Method - M2","Number","38853"
"Population Projections based on Census 2022","2028","53 years","Male","Method - M2","Number","37653"
"Population Projections based on Census 2022","2028","53 years","Female","Method - M2","Number","38202"
"Population Projections based on Census 2022","2028","54 years","Male","Method - M2","Number","37203"
"Population Projections based on Census 2022","2028","54 years","Female","Method - M2","Number","37876"
"Population Projections based on Census 2022","2028","55 years","Male","Method - M2","Number","37352"
"Population Projections based on Census 2022","2028","55 years","Female","Method - M2","Number","37778"
"Population Projections based on Census 2022","2028","56 years","Male","Method - M2","Number","37121"
"Population Projections based on Census 2022","2028","56 years","Female","Method - M2","Number","37322"
"Population Projections based on Census 2022","2028","57 years","Male","Method - M2","Number","35520"
"Population Projections based on Census 2022","2028","57 years","Female","Method - M2","Number","35726"
"Population Projections based on Census 2022","2028","58 years","Male","Method - M2","Number","34913"
"Population Projections based on Census 2022","2028","58 years","Female","Method - M2","Number","35087"
"Population Projections based on Census 2022","2028","59 years","Male","Method - M2","Number","33200"
"Population Projections based on Census 2022","2028","59 years","Female","Method - M2","Number","32892"
"Population Projections based on Census 2022","2028","60 years","Male","Method - M2","Number","32574"
"Population Projections based on Census 2022","2028","60 years","Female","Method - M2","Number","32837"
"Population Projections based on Census 2022","2028","61 years","Male","Method - M2","Number","32063"
"Population Projections based on Census 2022","2028","61 years","Female","Method - M2","Number","32408"
"Population Projections based on Census 2022","2028","62 years","Male","Method - M2","Number","31136"
"Population Projections based on Census 2022","2028","62 years","Female","Method - M2","Number","31849"
"Population Projections based on Census 2022","2028","63 years","Male","Method - M2","Number","31228"
"Population Projections based on Census 2022","2028","63 years","Female","Method - M2","Number","32389"
"Population Projections based on Census 2022","2028","64 years","Male","Method - M2","Number","30147"
"Population Projections based on Census 2022","2028","64 years","Female","Method - M2","Number","31227"
"Population Projections based on Census 2022","2028","65 years","Male","Method - M2","Number","29275"
"Population Projections based on Census 2022","2028","65 years","Female","Method - M2","Number","30352"
"Population Projections based on Census 2022","2028","66 years","Male","Method - M2","Number","28758"
"Population Projections based on Census 2022","2028","66 years","Female","Method - M2","Number","29679"
"Population Projections based on Census 2022","2028","67 years","Male","Method - M2","Number","27365"
"Population Projections based on Census 2022","2028","67 years","Female","Method - M2","Number","28826"
"Population Projections based on Census 2022","2028","68 years","Male","Method - M2","Number","26471"
"Population Projections based on Census 2022","2028","68 years","Female","Method - M2","Number","27682"
"Population Projections based on Census 2022","2028","69 years","Male","Method - M2","Number","24932"
"Population Projections based on Census 2022","2028","69 years","Female","Method - M2","Number","25864"
"Population Projections based on Census 2022","2028","70 years","Male","Method - M2","Number","23787"
"Population Projections based on Census 2022","2028","70 years","Female","Method - M2","Number","25405"
"Population Projections based on Census 2022","2028","71 years","Male","Method - M2","Number","23667"
"Population Projections based on Census 2022","2028","71 years","Female","Method - M2","Number","24660"
"Population Projections based on Census 2022","2028","72 years","Male","Method - M2","Number","22264"
"Population Projections based on Census 2022","2028","72 years","Female","Method - M2","Number","23819"
"Population Projections based on Census 2022","2028","73 years","Male","Method - M2","Number","21894"
"Population Projections based on Census 2022","2028","73 years","Female","Method - M2","Number","23488"
"Population Projections based on Census 2022","2028","74 years","Male","Method - M2","Number","20652"
"Population Projections based on Census 2022","2028","74 years","Female","Method - M2","Number","21926"
"Population Projections based on Census 2022","2028","75 years","Male","Method - M2","Number","20385"
"Population Projections based on Census 2022","2028","75 years","Female","Method - M2","Number","22059"
"Population Projections based on Census 2022","2028","76 years","Male","Method - M2","Number","19125"
"Population Projections based on Census 2022","2028","76 years","Female","Method - M2","Number","20745"
"Population Projections based on Census 2022","2028","77 years","Male","Method - M2","Number","17851"
"Population Projections based on Census 2022","2028","77 years","Female","Method - M2","Number","19562"
"Population Projections based on Census 2022","2028","78 years","Male","Method - M2","Number","17075"
"Population Projections based on Census 2022","2028","78 years","Female","Method - M2","Number","19221"
"Population Projections based on Census 2022","2028","79 years","Male","Method - M2","Number","15963"
"Population Projections based on Census 2022","2028","79 years","Female","Method - M2","Number","17988"
"Population Projections based on Census 2022","2028","80 years","Male","Method - M2","Number","15010"
"Population Projections based on Census 2022","2028","80 years","Female","Method - M2","Number","16792"
"Population Projections based on Census 2022","2028","81 years","Male","Method - M2","Number","13863"
"Population Projections based on Census 2022","2028","81 years","Female","Method - M2","Number","15749"
"Population Projections based on Census 2022","2028","82 years","Male","Method - M2","Number","12376"
"Population Projections based on Census 2022","2028","82 years","Female","Method - M2","Number","14817"
"Population Projections based on Census 2022","2028","83 years","Male","Method - M2","Number","10851"
"Population Projections based on Census 2022","2028","83 years","Female","Method - M2","Number","13036"
"Population Projections based on Census 2022","2028","84 years","Male","Method - M2","Number","9554"
"Population Projections based on Census 2022","2028","84 years","Female","Method - M2","Number","11613"
"Population Projections based on Census 2022","2028","85 years","Male","Method - M2","Number","8319"
"Population Projections based on Census 2022","2028","85 years","Female","Method - M2","Number","10657"
"Population Projections based on Census 2022","2028","86 years","Male","Method - M2","Number","6969"
"Population Projections based on Census 2022","2028","86 years","Female","Method - M2","Number","8953"
"Population Projections based on Census 2022","2028","87 years","Male","Method - M2","Number","5789"
"Population Projections based on Census 2022","2028","87 years","Female","Method - M2","Number","7807"
"Population Projections based on Census 2022","2028","88 years","Male","Method - M2","Number","5016"
"Population Projections based on Census 2022","2028","88 years","Female","Method - M2","Number","7110"
"Population Projections based on Census 2022","2028","89 years","Male","Method - M2","Number","4203"
"Population Projections based on Census 2022","2028","89 years","Female","Method - M2","Number","6205"
"Population Projections based on Census 2022","2028","90 years","Male","Method - M2","Number","3319"
"Population Projections based on Census 2022","2028","90 years","Female","Method - M2","Number","5168"
"Population Projections based on Census 2022","2028","91 years","Male","Method - M2","Number","2774"
"Population Projections based on Census 2022","2028","91 years","Female","Method - M2","Number","4482"
"Population Projections based on Census 2022","2028","92 years","Male","Method - M2","Number","2202"
"Population Projections based on Census 2022","2028","92 years","Female","Method - M2","Number","3728"
"Population Projections based on Census 2022","2028","93 years","Male","Method - M2","Number","1670"
"Population Projections based on Census 2022","2028","93 years","Female","Method - M2","Number","3067"
"Population Projections based on Census 2022","2028","94 years","Male","Method - M2","Number","1255"
"Population Projections based on Census 2022","2028","94 years","Female","Method - M2","Number","2429"
"Population Projections based on Census 2022","2028","95 years","Male","Method - M2","Number","902"
"Population Projections based on Census 2022","2028","95 years","Female","Method - M2","Number","1815"
"Population Projections based on Census 2022","2028","96 years","Male","Method - M2","Number","644"
"Population Projections based on Census 2022","2028","96 years","Female","Method - M2","Number","1383"
"Population Projections based on Census 2022","2028","97 years","Male","Method - M2","Number","451"
"Population Projections based on Census 2022","2028","97 years","Female","Method - M2","Number","1062"
"Population Projections based on Census 2022","2028","98 years","Male","Method - M2","Number","273"
"Population Projections based on Census 2022","2028","98 years","Female","Method - M2","Number","690"
"Population Projections based on Census 2022","2028","99 years and over","Male","Method - M2","Number","476"
"Population Projections based on Census 2022","2028","99 years and over","Female","Method - M2","Number","1266"
"Population Projections based on Census 2022","2029","Under 1 year","Male","Method - M2","Number","27086"
"Population Projections based on Census 2022","2029","Under 1 year","Female","Method - M2","Number","25706"
"Population Projections based on Census 2022","2029","1 year","Male","Method - M2","Number","27537"
"Population Projections based on Census 2022","2029","1 year","Female","Method - M2","Number","26145"
"Population Projections based on Census 2022","2029","2 years","Male","Method - M2","Number","28108"
"Population Projections based on Census 2022","2029","2 years","Female","Method - M2","Number","26687"
"Population Projections based on Census 2022","2029","3 years","Male","Method - M2","Number","28704"
"Population Projections based on Census 2022","2029","3 years","Female","Method - M2","Number","27242"
"Population Projections based on Census 2022","2029","4 years","Male","Method - M2","Number","29223"
"Population Projections based on Census 2022","2029","4 years","Female","Method - M2","Number","27748"
"Population Projections based on Census 2022","2029","5 years","Male","Method - M2","Number","29779"
"Population Projections based on Census 2022","2029","5 years","Female","Method - M2","Number","28240"
"Population Projections based on Census 2022","2029","6 years","Male","Method - M2","Number","31159"
"Population Projections based on Census 2022","2029","6 years","Female","Method - M2","Number","29543"
"Population Projections based on Census 2022","2029","7 years","Male","Method - M2","Number","31260"
"Population Projections based on Census 2022","2029","7 years","Female","Method - M2","Number","29727"
"Population Projections based on Census 2022","2029","8 years","Male","Method - M2","Number","30666"
"Population Projections based on Census 2022","2029","8 years","Female","Method - M2","Number","29195"
"Population Projections based on Census 2022","2029","9 years","Male","Method - M2","Number","31899"
"Population Projections based on Census 2022","2029","9 years","Female","Method - M2","Number","30491"
"Population Projections based on Census 2022","2029","10 years","Male","Method - M2","Number","32675"
"Population Projections based on Census 2022","2029","10 years","Female","Method - M2","Number","31060"
"Population Projections based on Census 2022","2029","11 years","Male","Method - M2","Number","33377"
"Population Projections based on Census 2022","2029","11 years","Female","Method - M2","Number","31421"
"Population Projections based on Census 2022","2029","12 years","Male","Method - M2","Number","34385"
"Population Projections based on Census 2022","2029","12 years","Female","Method - M2","Number","32952"
"Population Projections based on Census 2022","2029","13 years","Male","Method - M2","Number","35756"
"Population Projections based on Census 2022","2029","13 years","Female","Method - M2","Number","34243"
"Population Projections based on Census 2022","2029","14 years","Male","Method - M2","Number","37054"
"Population Projections based on Census 2022","2029","14 years","Female","Method - M2","Number","35110"
"Population Projections based on Census 2022","2029","15 years","Male","Method - M2","Number","37840"
"Population Projections based on Census 2022","2029","15 years","Female","Method - M2","Number","36109"
"Population Projections based on Census 2022","2029","16 years","Male","Method - M2","Number","38464"
"Population Projections based on Census 2022","2029","16 years","Female","Method - M2","Number","36983"
"Population Projections based on Census 2022","2029","17 years","Male","Method - M2","Number","39540"
"Population Projections based on Census 2022","2029","17 years","Female","Method - M2","Number","37897"
"Population Projections based on Census 2022","2029","18 years","Male","Method - M2","Number","39630"
"Population Projections based on Census 2022","2029","18 years","Female","Method - M2","Number","38708"
"Population Projections based on Census 2022","2029","19 years","Male","Method - M2","Number","40203"
"Population Projections based on Census 2022","2029","19 years","Female","Method - M2","Number","39292"
"Population Projections based on Census 2022","2029","20 years","Male","Method - M2","Number","39584"
"Population Projections based on Census 2022","2029","20 years","Female","Method - M2","Number","38899"
"Population Projections based on Census 2022","2029","21 years","Male","Method - M2","Number","38664"
"Population Projections based on Census 2022","2029","21 years","Female","Method - M2","Number","38449"
"Population Projections based on Census 2022","2029","22 years","Male","Method - M2","Number","37084"
"Population Projections based on Census 2022","2029","22 years","Female","Method - M2","Number","36595"
"Population Projections based on Census 2022","2029","23 years","Male","Method - M2","Number","35738"
"Population Projections based on Census 2022","2029","23 years","Female","Method - M2","Number","35270"
"Population Projections based on Census 2022","2029","24 years","Male","Method - M2","Number","35820"
"Population Projections based on Census 2022","2029","24 years","Female","Method - M2","Number","34803"
"Population Projections based on Census 2022","2029","25 years","Male","Method - M2","Number","35242"
"Population Projections based on Census 2022","2029","25 years","Female","Method - M2","Number","35166"
"Population Projections based on Census 2022","2029","26 years","Male","Method - M2","Number","34878"
"Population Projections based on Census 2022","2029","26 years","Female","Method - M2","Number","34828"
"Population Projections based on Census 2022","2029","27 years","Male","Method - M2","Number","34812"
"Population Projections based on Census 2022","2029","27 years","Female","Method - M2","Number","35124"
"Population Projections based on Census 2022","2029","28 years","Male","Method - M2","Number","34332"
"Population Projections based on Census 2022","2029","28 years","Female","Method - M2","Number","34395"
"Population Projections based on Census 2022","2029","29 years","Male","Method - M2","Number","35329"
"Population Projections based on Census 2022","2029","29 years","Female","Method - M2","Number","35569"
"Population Projections based on Census 2022","2029","30 years","Male","Method - M2","Number","35394"
"Population Projections based on Census 2022","2029","30 years","Female","Method - M2","Number","35282"
"Population Projections based on Census 2022","2029","31 years","Male","Method - M2","Number","35224"
"Population Projections based on Census 2022","2029","31 years","Female","Method - M2","Number","35087"
"Population Projections based on Census 2022","2029","32 years","Male","Method - M2","Number","34789"
"Population Projections based on Census 2022","2029","32 years","Female","Method - M2","Number","34883"
"Population Projections based on Census 2022","2029","33 years","Male","Method - M2","Number","33840"
"Population Projections based on Census 2022","2029","33 years","Female","Method - M2","Number","34159"
"Population Projections based on Census 2022","2029","34 years","Male","Method - M2","Number","33525"
"Population Projections based on Census 2022","2029","34 years","Female","Method - M2","Number","34702"
"Population Projections based on Census 2022","2029","35 years","Male","Method - M2","Number","33068"
"Population Projections based on Census 2022","2029","35 years","Female","Method - M2","Number","34732"
"Population Projections based on Census 2022","2029","36 years","Male","Method - M2","Number","33958"
"Population Projections based on Census 2022","2029","36 years","Female","Method - M2","Number","35784"
"Population Projections based on Census 2022","2029","37 years","Male","Method - M2","Number","34884"
"Population Projections based on Census 2022","2029","37 years","Female","Method - M2","Number","37893"
"Population Projections based on Census 2022","2029","38 years","Male","Method - M2","Number","35858"
"Population Projections based on Census 2022","2029","38 years","Female","Method - M2","Number","38470"
"Population Projections based on Census 2022","2029","39 years","Male","Method - M2","Number","35904"
"Population Projections based on Census 2022","2029","39 years","Female","Method - M2","Number","39193"
"Population Projections based on Census 2022","2029","40 years","Male","Method - M2","Number","35353"
"Population Projections based on Census 2022","2029","40 years","Female","Method - M2","Number","39255"
"Population Projections based on Census 2022","2029","41 years","Male","Method - M2","Number","36491"
"Population Projections based on Census 2022","2029","41 years","Female","Method - M2","Number","41075"
"Population Projections based on Census 2022","2029","42 years","Male","Method - M2","Number","38408"
"Population Projections based on Census 2022","2029","42 years","Female","Method - M2","Number","43015"
"Population Projections based on Census 2022","2029","43 years","Male","Method - M2","Number","39255"
"Population Projections based on Census 2022","2029","43 years","Female","Method - M2","Number","43886"
"Population Projections based on Census 2022","2029","44 years","Male","Method - M2","Number","39967"
"Population Projections based on Census 2022","2029","44 years","Female","Method - M2","Number","44255"
"Population Projections based on Census 2022","2029","45 years","Male","Method - M2","Number","40876"
"Population Projections based on Census 2022","2029","45 years","Female","Method - M2","Number","45478"
"Population Projections based on Census 2022","2029","46 years","Male","Method - M2","Number","41717"
"Population Projections based on Census 2022","2029","46 years","Female","Method - M2","Number","46674"
"Population Projections based on Census 2022","2029","47 years","Male","Method - M2","Number","43430"
"Population Projections based on Census 2022","2029","47 years","Female","Method - M2","Number","47108"
"Population Projections based on Census 2022","2029","48 years","Male","Method - M2","Number","43701"
"Population Projections based on Census 2022","2029","48 years","Female","Method - M2","Number","46638"
"Population Projections based on Census 2022","2029","49 years","Male","Method - M2","Number","43533"
"Population Projections based on Census 2022","2029","49 years","Female","Method - M2","Number","45723"
"Population Projections based on Census 2022","2029","50 years","Male","Method - M2","Number","40624"
"Population Projections based on Census 2022","2029","50 years","Female","Method - M2","Number","42998"
"Population Projections based on Census 2022","2029","51 years","Male","Method - M2","Number","38556"
"Population Projections based on Census 2022","2029","51 years","Female","Method - M2","Number","40162"
"Population Projections based on Census 2022","2029","52 years","Male","Method - M2","Number","38618"
"Population Projections based on Census 2022","2029","52 years","Female","Method - M2","Number","39479"
"Population Projections based on Census 2022","2029","53 years","Male","Method - M2","Number","37974"
"Population Projections based on Census 2022","2029","53 years","Female","Method - M2","Number","38898"
"Population Projections based on Census 2022","2029","54 years","Male","Method - M2","Number","37695"
"Population Projections based on Census 2022","2029","54 years","Female","Method - M2","Number","38249"
"Population Projections based on Census 2022","2029","55 years","Male","Method - M2","Number","37228"
"Population Projections based on Census 2022","2029","55 years","Female","Method - M2","Number","37929"
"Population Projections based on Census 2022","2029","56 years","Male","Method - M2","Number","37371"
"Population Projections based on Census 2022","2029","56 years","Female","Method - M2","Number","37821"
"Population Projections based on Census 2022","2029","57 years","Male","Method - M2","Number","37129"
"Population Projections based on Census 2022","2029","57 years","Female","Method - M2","Number","37350"
"Population Projections based on Census 2022","2029","58 years","Male","Method - M2","Number","35520"
"Population Projections based on Census 2022","2029","58 years","Female","Method - M2","Number","35762"
"Population Projections based on Census 2022","2029","59 years","Male","Method - M2","Number","34902"
"Population Projections based on Census 2022","2029","59 years","Female","Method - M2","Number","35135"
"Population Projections based on Census 2022","2029","60 years","Male","Method - M2","Number","33188"
"Population Projections based on Census 2022","2029","60 years","Female","Method - M2","Number","32935"
"Population Projections based on Census 2022","2029","61 years","Male","Method - M2","Number","32562"
"Population Projections based on Census 2022","2029","61 years","Female","Method - M2","Number","32860"
"Population Projections based on Census 2022","2029","62 years","Male","Method - M2","Number","32027"
"Population Projections based on Census 2022","2029","62 years","Female","Method - M2","Number","32419"
"Population Projections based on Census 2022","2029","63 years","Male","Method - M2","Number","31114"
"Population Projections based on Census 2022","2029","63 years","Female","Method - M2","Number","31859"
"Population Projections based on Census 2022","2029","64 years","Male","Method - M2","Number","31179"
"Population Projections based on Census 2022","2029","64 years","Female","Method - M2","Number","32385"
"Population Projections based on Census 2022","2029","65 years","Male","Method - M2","Number","29887"
"Population Projections based on Census 2022","2029","65 years","Female","Method - M2","Number","31074"
"Population Projections based on Census 2022","2029","66 years","Male","Method - M2","Number","29017"
"Population Projections based on Census 2022","2029","66 years","Female","Method - M2","Number","30181"
"Population Projections based on Census 2022","2029","67 years","Male","Method - M2","Number","28490"
"Population Projections based on Census 2022","2029","67 years","Female","Method - M2","Number","29515"
"Population Projections based on Census 2022","2029","68 years","Male","Method - M2","Number","27085"
"Population Projections based on Census 2022","2029","68 years","Female","Method - M2","Number","28656"
"Population Projections based on Census 2022","2029","69 years","Male","Method - M2","Number","26165"
"Population Projections based on Census 2022","2029","69 years","Female","Method - M2","Number","27490"
"Population Projections based on Census 2022","2029","70 years","Male","Method - M2","Number","24617"
"Population Projections based on Census 2022","2029","70 years","Female","Method - M2","Number","25677"
"Population Projections based on Census 2022","2029","71 years","Male","Method - M2","Number","23457"
"Population Projections based on Census 2022","2029","71 years","Female","Method - M2","Number","25188"
"Population Projections based on Census 2022","2029","72 years","Male","Method - M2","Number","23301"
"Population Projections based on Census 2022","2029","72 years","Female","Method - M2","Number","24428"
"Population Projections based on Census 2022","2029","73 years","Male","Method - M2","Number","21869"
"Population Projections based on Census 2022","2029","73 years","Female","Method - M2","Number","23557"
"Population Projections based on Census 2022","2029","74 years","Male","Method - M2","Number","21453"
"Population Projections based on Census 2022","2029","74 years","Female","Method - M2","Number","23199"
"Population Projections based on Census 2022","2029","75 years","Male","Method - M2","Number","20179"
"Population Projections based on Census 2022","2029","75 years","Female","Method - M2","Number","21612"
"Population Projections based on Census 2022","2029","76 years","Male","Method - M2","Number","19822"
"Population Projections based on Census 2022","2029","76 years","Female","Method - M2","Number","21670"
"Population Projections based on Census 2022","2029","77 years","Male","Method - M2","Number","18529"
"Population Projections based on Census 2022","2029","77 years","Female","Method - M2","Number","20329"
"Population Projections based on Census 2022","2029","78 years","Male","Method - M2","Number","17235"
"Population Projections based on Census 2022","2029","78 years","Female","Method - M2","Number","19119"
"Population Projections based on Census 2022","2029","79 years","Male","Method - M2","Number","16419"
"Population Projections based on Census 2022","2029","79 years","Female","Method - M2","Number","18732"
"Population Projections based on Census 2022","2029","80 years","Male","Method - M2","Number","15282"
"Population Projections based on Census 2022","2029","80 years","Female","Method - M2","Number","17468"
"Population Projections based on Census 2022","2029","81 years","Male","Method - M2","Number","14299"
"Population Projections based on Census 2022","2029","81 years","Female","Method - M2","Number","16241"
"Population Projections based on Census 2022","2029","82 years","Male","Method - M2","Number","13127"
"Population Projections based on Census 2022","2029","82 years","Female","Method - M2","Number","15155"
"Population Projections based on Census 2022","2029","83 years","Male","Method - M2","Number","11619"
"Population Projections based on Census 2022","2029","83 years","Female","Method - M2","Number","14164"
"Population Projections based on Census 2022","2029","84 years","Male","Method - M2","Number","10102"
"Population Projections based on Census 2022","2029","84 years","Female","Method - M2","Number","12385"
"Population Projections based on Census 2022","2029","85 years","Male","Method - M2","Number","8813"
"Population Projections based on Census 2022","2029","85 years","Female","Method - M2","Number","10949"
"Population Projections based on Census 2022","2029","86 years","Male","Method - M2","Number","7583"
"Population Projections based on Census 2022","2029","86 years","Female","Method - M2","Number","9947"
"Population Projections based on Census 2022","2029","87 years","Male","Method - M2","Number","6280"
"Population Projections based on Census 2022","2029","87 years","Female","Method - M2","Number","8282"
"Population Projections based on Census 2022","2029","88 years","Male","Method - M2","Number","5153"
"Population Projections based on Census 2022","2029","88 years","Female","Method - M2","Number","7145"
"Population Projections based on Census 2022","2029","89 years","Male","Method - M2","Number","4404"
"Population Projections based on Census 2022","2029","89 years","Female","Method - M2","Number","6431"
"Population Projections based on Census 2022","2029","90 years","Male","Method - M2","Number","3640"
"Population Projections based on Census 2022","2029","90 years","Female","Method - M2","Number","5539"
"Population Projections based on Census 2022","2029","91 years","Male","Method - M2","Number","2825"
"Population Projections based on Census 2022","2029","91 years","Female","Method - M2","Number","4549"
"Population Projections based on Census 2022","2029","92 years","Male","Method - M2","Number","2323"
"Population Projections based on Census 2022","2029","92 years","Female","Method - M2","Number","3881"
"Population Projections based on Census 2022","2029","93 years","Male","Method - M2","Number","1800"
"Population Projections based on Census 2022","2029","93 years","Female","Method - M2","Number","3164"
"Population Projections based on Census 2022","2029","94 years","Male","Method - M2","Number","1337"
"Population Projections based on Census 2022","2029","94 years","Female","Method - M2","Number","2547"
"Population Projections based on Census 2022","2029","95 years","Male","Method - M2","Number","985"
"Population Projections based on Census 2022","2029","95 years","Female","Method - M2","Number","1969"
"Population Projections based on Census 2022","2029","96 years","Male","Method - M2","Number","686"
"Population Projections based on Census 2022","2029","96 years","Female","Method - M2","Number","1427"
"Population Projections based on Census 2022","2029","97 years","Male","Method - M2","Number","479"
"Population Projections based on Census 2022","2029","97 years","Female","Method - M2","Number","1059"
"Population Projections based on Census 2022","2029","98 years","Male","Method - M2","Number","327"
"Population Projections based on Census 2022","2029","98 years","Female","Method - M2","Number","794"
"Population Projections based on Census 2022","2029","99 years and over","Male","Method - M2","Number","508"
"Population Projections based on Census 2022","2029","99 years and over","Female","Method - M2","Number","1322"
"Population Projections based on Census 2022","2030","Under 1 year","Male","Method - M2","Number","26931"
"Population Projections based on Census 2022","2030","Under 1 year","Female","Method - M2","Number","25559"
"Population Projections based on Census 2022","2030","1 year","Male","Method - M2","Number","27290"
"Population Projections based on Census 2022","2030","1 year","Female","Method - M2","Number","25911"
"Population Projections based on Census 2022","2030","2 years","Male","Method - M2","Number","27751"
"Population Projections based on Census 2022","2030","2 years","Female","Method - M2","Number","26347"
"Population Projections based on Census 2022","2030","3 years","Male","Method - M2","Number","28296"
"Population Projections based on Census 2022","2030","3 years","Female","Method - M2","Number","26855"
"Population Projections based on Census 2022","2030","4 years","Male","Method - M2","Number","28887"
"Population Projections based on Census 2022","2030","4 years","Female","Method - M2","Number","27429"
"Population Projections based on Census 2022","2030","5 years","Male","Method - M2","Number","29429"
"Population Projections based on Census 2022","2030","5 years","Female","Method - M2","Number","27910"
"Population Projections based on Census 2022","2030","6 years","Male","Method - M2","Number","29969"
"Population Projections based on Census 2022","2030","6 years","Female","Method - M2","Number","28418"
"Population Projections based on Census 2022","2030","7 years","Male","Method - M2","Number","31344"
"Population Projections based on Census 2022","2030","7 years","Female","Method - M2","Number","29711"
"Population Projections based on Census 2022","2030","8 years","Male","Method - M2","Number","31428"
"Population Projections based on Census 2022","2030","8 years","Female","Method - M2","Number","29895"
"Population Projections based on Census 2022","2030","9 years","Male","Method - M2","Number","30839"
"Population Projections based on Census 2022","2030","9 years","Female","Method - M2","Number","29354"
"Population Projections based on Census 2022","2030","10 years","Male","Method - M2","Number","32075"
"Population Projections based on Census 2022","2030","10 years","Female","Method - M2","Number","30665"
"Population Projections based on Census 2022","2030","11 years","Male","Method - M2","Number","32858"
"Population Projections based on Census 2022","2030","11 years","Female","Method - M2","Number","31225"
"Population Projections based on Census 2022","2030","12 years","Male","Method - M2","Number","33559"
"Population Projections based on Census 2022","2030","12 years","Female","Method - M2","Number","31593"
"Population Projections based on Census 2022","2030","13 years","Male","Method - M2","Number","34564"
"Population Projections based on Census 2022","2030","13 years","Female","Method - M2","Number","33131"
"Population Projections based on Census 2022","2030","14 years","Male","Method - M2","Number","35878"
"Population Projections based on Census 2022","2030","14 years","Female","Method - M2","Number","34359"
"Population Projections based on Census 2022","2030","15 years","Male","Method - M2","Number","37164"
"Population Projections based on Census 2022","2030","15 years","Female","Method - M2","Number","35387"
"Population Projections based on Census 2022","2030","16 years","Male","Method - M2","Number","37955"
"Population Projections based on Census 2022","2030","16 years","Female","Method - M2","Number","36392"
"Population Projections based on Census 2022","2030","17 years","Male","Method - M2","Number","38611"
"Population Projections based on Census 2022","2030","17 years","Female","Method - M2","Number","37208"
"Population Projections based on Census 2022","2030","18 years","Male","Method - M2","Number","39616"
"Population Projections based on Census 2022","2030","18 years","Female","Method - M2","Number","38111"
"Population Projections based on Census 2022","2030","19 years","Male","Method - M2","Number","39674"
"Population Projections based on Census 2022","2030","19 years","Female","Method - M2","Number","38920"
"Population Projections based on Census 2022","2030","20 years","Male","Method - M2","Number","40231"
"Population Projections based on Census 2022","2030","20 years","Female","Method - M2","Number","39481"
"Population Projections based on Census 2022","2030","21 years","Male","Method - M2","Number","39594"
"Population Projections based on Census 2022","2030","21 years","Female","Method - M2","Number","39036"
"Population Projections based on Census 2022","2030","22 years","Male","Method - M2","Number","38661"
"Population Projections based on Census 2022","2030","22 years","Female","Method - M2","Number","38567"
"Population Projections based on Census 2022","2030","23 years","Male","Method - M2","Number","37069"
"Population Projections based on Census 2022","2030","23 years","Female","Method - M2","Number","36717"
"Population Projections based on Census 2022","2030","24 years","Male","Method - M2","Number","35740"
"Population Projections based on Census 2022","2030","24 years","Female","Method - M2","Number","35361"
"Population Projections based on Census 2022","2030","25 years","Male","Method - M2","Number","36399"
"Population Projections based on Census 2022","2030","25 years","Female","Method - M2","Number","35487"
"Population Projections based on Census 2022","2030","26 years","Male","Method - M2","Number","35773"
"Population Projections based on Census 2022","2030","26 years","Female","Method - M2","Number","35818"
"Population Projections based on Census 2022","2030","27 years","Male","Method - M2","Number","35380"
"Population Projections based on Census 2022","2030","27 years","Female","Method - M2","Number","35461"
"Population Projections based on Census 2022","2030","28 years","Male","Method - M2","Number","35303"
"Population Projections based on Census 2022","2030","28 years","Female","Method - M2","Number","35724"
"Population Projections based on Census 2022","2030","29 years","Male","Method - M2","Number","34808"
"Population Projections based on Census 2022","2030","29 years","Female","Method - M2","Number","34949"
"Population Projections based on Census 2022","2030","30 years","Male","Method - M2","Number","35769"
"Population Projections based on Census 2022","2030","30 years","Female","Method - M2","Number","36109"
"Population Projections based on Census 2022","2030","31 years","Male","Method - M2","Number","35819"
"Population Projections based on Census 2022","2030","31 years","Female","Method - M2","Number","35801"
"Population Projections based on Census 2022","2030","32 years","Male","Method - M2","Number","35623"
"Population Projections based on Census 2022","2030","32 years","Female","Method - M2","Number","35612"
"Population Projections based on Census 2022","2030","33 years","Male","Method - M2","Number","35156"
"Population Projections based on Census 2022","2030","33 years","Female","Method - M2","Number","35398"
"Population Projections based on Census 2022","2030","34 years","Male","Method - M2","Number","34238"
"Population Projections based on Census 2022","2030","34 years","Female","Method - M2","Number","34694"
"Population Projections based on Census 2022","2030","35 years","Male","Method - M2","Number","33865"
"Population Projections based on Census 2022","2030","35 years","Female","Method - M2","Number","35204"
"Population Projections based on Census 2022","2030","36 years","Male","Method - M2","Number","33413"
"Population Projections based on Census 2022","2030","36 years","Female","Method - M2","Number","35235"
"Population Projections based on Census 2022","2030","37 years","Male","Method - M2","Number","34277"
"Population Projections based on Census 2022","2030","37 years","Female","Method - M2","Number","36261"
"Population Projections based on Census 2022","2030","38 years","Male","Method - M2","Number","35191"
"Population Projections based on Census 2022","2030","38 years","Female","Method - M2","Number","38376"
"Population Projections based on Census 2022","2030","39 years","Male","Method - M2","Number","36178"
"Population Projections based on Census 2022","2030","39 years","Female","Method - M2","Number","38976"
"Population Projections based on Census 2022","2030","40 years","Male","Method - M2","Number","36236"
"Population Projections based on Census 2022","2030","40 years","Female","Method - M2","Number","39699"
"Population Projections based on Census 2022","2030","41 years","Male","Method - M2","Number","35677"
"Population Projections based on Census 2022","2030","41 years","Female","Method - M2","Number","39779"
"Population Projections based on Census 2022","2030","42 years","Male","Method - M2","Number","36867"
"Population Projections based on Census 2022","2030","42 years","Female","Method - M2","Number","41625"
"Population Projections based on Census 2022","2030","43 years","Male","Method - M2","Number","38780"
"Population Projections based on Census 2022","2030","43 years","Female","Method - M2","Number","43565"
"Population Projections based on Census 2022","2030","44 years","Male","Method - M2","Number","39644"
"Population Projections based on Census 2022","2030","44 years","Female","Method - M2","Number","44432"
"Population Projections based on Census 2022","2030","45 years","Male","Method - M2","Number","39998"
"Population Projections based on Census 2022","2030","45 years","Female","Method - M2","Number","44283"
"Population Projections based on Census 2022","2030","46 years","Male","Method - M2","Number","40873"
"Population Projections based on Census 2022","2030","46 years","Female","Method - M2","Number","45508"
"Population Projections based on Census 2022","2030","47 years","Male","Method - M2","Number","41731"
"Population Projections based on Census 2022","2030","47 years","Female","Method - M2","Number","46699"
"Population Projections based on Census 2022","2030","48 years","Male","Method - M2","Number","43453"
"Population Projections based on Census 2022","2030","48 years","Female","Method - M2","Number","47157"
"Population Projections based on Census 2022","2030","49 years","Male","Method - M2","Number","43745"
"Population Projections based on Census 2022","2030","49 years","Female","Method - M2","Number","46689"
"Population Projections based on Census 2022","2030","50 years","Male","Method - M2","Number","43571"
"Population Projections based on Census 2022","2030","50 years","Female","Method - M2","Number","45778"
"Population Projections based on Census 2022","2030","51 years","Male","Method - M2","Number","40664"
"Population Projections based on Census 2022","2030","51 years","Female","Method - M2","Number","43052"
"Population Projections based on Census 2022","2030","52 years","Male","Method - M2","Number","38600"
"Population Projections based on Census 2022","2030","52 years","Female","Method - M2","Number","40210"
"Population Projections based on Census 2022","2030","53 years","Male","Method - M2","Number","38652"
"Population Projections based on Census 2022","2030","53 years","Female","Method - M2","Number","39525"
"Population Projections based on Census 2022","2030","54 years","Male","Method - M2","Number","38017"
"Population Projections based on Census 2022","2030","54 years","Female","Method - M2","Number","38946"
"Population Projections based on Census 2022","2030","55 years","Male","Method - M2","Number","37721"
"Population Projections based on Census 2022","2030","55 years","Female","Method - M2","Number","38303"
"Population Projections based on Census 2022","2030","56 years","Male","Method - M2","Number","37251"
"Population Projections based on Census 2022","2030","56 years","Female","Method - M2","Number","37974"
"Population Projections based on Census 2022","2030","57 years","Male","Method - M2","Number","37381"
"Population Projections based on Census 2022","2030","57 years","Female","Method - M2","Number","37850"
"Population Projections based on Census 2022","2030","58 years","Male","Method - M2","Number","37126"
"Population Projections based on Census 2022","2030","58 years","Female","Method - M2","Number","37383"
"Population Projections based on Census 2022","2030","59 years","Male","Method - M2","Number","35510"
"Population Projections based on Census 2022","2030","59 years","Female","Method - M2","Number","35810"
"Population Projections based on Census 2022","2030","60 years","Male","Method - M2","Number","34885"
"Population Projections based on Census 2022","2030","60 years","Female","Method - M2","Number","35173"
"Population Projections based on Census 2022","2030","61 years","Male","Method - M2","Number","33177"
"Population Projections based on Census 2022","2030","61 years","Female","Method - M2","Number","32960"
"Population Projections based on Census 2022","2030","62 years","Male","Method - M2","Number","32527"
"Population Projections based on Census 2022","2030","62 years","Female","Method - M2","Number","32873"
"Population Projections based on Census 2022","2030","63 years","Male","Method - M2","Number","32004"
"Population Projections based on Census 2022","2030","63 years","Female","Method - M2","Number","32429"
"Population Projections based on Census 2022","2030","64 years","Male","Method - M2","Number","31071"
"Population Projections based on Census 2022","2030","64 years","Female","Method - M2","Number","31862"
"Population Projections based on Census 2022","2030","65 years","Male","Method - M2","Number","30916"
"Population Projections based on Census 2022","2030","65 years","Female","Method - M2","Number","32229"
"Population Projections based on Census 2022","2030","66 years","Male","Method - M2","Number","29630"
"Population Projections based on Census 2022","2030","66 years","Female","Method - M2","Number","30902"
"Population Projections based on Census 2022","2030","67 years","Male","Method - M2","Number","28753"
"Population Projections based on Census 2022","2030","67 years","Female","Method - M2","Number","30019"
"Population Projections based on Census 2022","2030","68 years","Male","Method - M2","Number","28204"
"Population Projections based on Census 2022","2030","68 years","Female","Method - M2","Number","29345"
"Population Projections based on Census 2022","2030","69 years","Male","Method - M2","Number","26779"
"Population Projections based on Census 2022","2030","69 years","Female","Method - M2","Number","28461"
"Population Projections based on Census 2022","2030","70 years","Male","Method - M2","Number","25841"
"Population Projections based on Census 2022","2030","70 years","Female","Method - M2","Number","27294"
"Population Projections based on Census 2022","2030","71 years","Male","Method - M2","Number","24283"
"Population Projections based on Census 2022","2030","71 years","Female","Method - M2","Number","25463"
"Population Projections based on Census 2022","2030","72 years","Male","Method - M2","Number","23104"
"Population Projections based on Census 2022","2030","72 years","Female","Method - M2","Number","24956"
"Population Projections based on Census 2022","2030","73 years","Male","Method - M2","Number","22895"
"Population Projections based on Census 2022","2030","73 years","Female","Method - M2","Number","24165"
"Population Projections based on Census 2022","2030","74 years","Male","Method - M2","Number","21439"
"Population Projections based on Census 2022","2030","74 years","Female","Method - M2","Number","23275"
"Population Projections based on Census 2022","2030","75 years","Male","Method - M2","Number","20972"
"Population Projections based on Census 2022","2030","75 years","Female","Method - M2","Number","22873"
"Population Projections based on Census 2022","2030","76 years","Male","Method - M2","Number","19635"
"Population Projections based on Census 2022","2030","76 years","Female","Method - M2","Number","21240"
"Population Projections based on Census 2022","2030","77 years","Male","Method - M2","Number","19217"
"Population Projections based on Census 2022","2030","77 years","Female","Method - M2","Number","21244"
"Population Projections based on Census 2022","2030","78 years","Male","Method - M2","Number","17903"
"Population Projections based on Census 2022","2030","78 years","Female","Method - M2","Number","19878"
"Population Projections based on Census 2022","2030","79 years","Male","Method - M2","Number","16588"
"Population Projections based on Census 2022","2030","79 years","Female","Method - M2","Number","18644"
"Population Projections based on Census 2022","2030","80 years","Male","Method - M2","Number","15734"
"Population Projections based on Census 2022","2030","80 years","Female","Method - M2","Number","18202"
"Population Projections based on Census 2022","2030","81 years","Male","Method - M2","Number","14575"
"Population Projections based on Census 2022","2030","81 years","Female","Method - M2","Number","16906"
"Population Projections based on Census 2022","2030","82 years","Male","Method - M2","Number","13556"
"Population Projections based on Census 2022","2030","82 years","Female","Method - M2","Number","15642"
"Population Projections based on Census 2022","2030","83 years","Male","Method - M2","Number","12341"
"Population Projections based on Census 2022","2030","83 years","Female","Method - M2","Number","14502"
"Population Projections based on Census 2022","2030","84 years","Male","Method - M2","Number","10833"
"Population Projections based on Census 2022","2030","84 years","Female","Method - M2","Number","13470"
"Population Projections based on Census 2022","2030","85 years","Male","Method - M2","Number","9334"
"Population Projections based on Census 2022","2030","85 years","Female","Method - M2","Number","11691"
"Population Projections based on Census 2022","2030","86 years","Male","Method - M2","Number","8050"
"Population Projections based on Census 2022","2030","86 years","Female","Method - M2","Number","10235"
"Population Projections based on Census 2022","2030","87 years","Male","Method - M2","Number","6849"
"Population Projections based on Census 2022","2030","87 years","Female","Method - M2","Number","9217"
"Population Projections based on Census 2022","2030","88 years","Male","Method - M2","Number","5604"
"Population Projections based on Census 2022","2030","88 years","Female","Method - M2","Number","7595"
"Population Projections based on Census 2022","2030","89 years","Male","Method - M2","Number","4538"
"Population Projections based on Census 2022","2030","89 years","Female","Method - M2","Number","6478"
"Population Projections based on Census 2022","2030","90 years","Male","Method - M2","Number","3826"
"Population Projections based on Census 2022","2030","90 years","Female","Method - M2","Number","5756"
"Population Projections based on Census 2022","2030","91 years","Male","Method - M2","Number","3109"
"Population Projections based on Census 2022","2030","91 years","Female","Method - M2","Number","4889"
"Population Projections based on Census 2022","2030","92 years","Male","Method - M2","Number","2375"
"Population Projections based on Census 2022","2030","92 years","Female","Method - M2","Number","3952"
"Population Projections based on Census 2022","2030","93 years","Male","Method - M2","Number","1906"
"Population Projections based on Census 2022","2030","93 years","Female","Method - M2","Number","3304"
"Population Projections based on Census 2022","2030","94 years","Male","Method - M2","Number","1445"
"Population Projections based on Census 2022","2030","94 years","Female","Method - M2","Number","2636"
"Population Projections based on Census 2022","2030","95 years","Male","Method - M2","Number","1052"
"Population Projections based on Census 2022","2030","95 years","Female","Method - M2","Number","2071"
"Population Projections based on Census 2022","2030","96 years","Male","Method - M2","Number","750"
"Population Projections based on Census 2022","2030","96 years","Female","Method - M2","Number","1552"
"Population Projections based on Census 2022","2030","97 years","Male","Method - M2","Number","511"
"Population Projections based on Census 2022","2030","97 years","Female","Method - M2","Number","1095"
"Population Projections based on Census 2022","2030","98 years","Male","Method - M2","Number","348"
"Population Projections based on Census 2022","2030","98 years","Female","Method - M2","Number","794"
"Population Projections based on Census 2022","2030","99 years and over","Male","Method - M2","Number","564"
"Population Projections based on Census 2022","2030","99 years and over","Female","Method - M2","Number","1432"
"Population Projections based on Census 2022","2031","Under 1 year","Male","Method - M2","Number","26793"
"Population Projections based on Census 2022","2031","Under 1 year","Female","Method - M2","Number","25428"
"Population Projections based on Census 2022","2031","1 year","Male","Method - M2","Number","27135"
"Population Projections based on Census 2022","2031","1 year","Female","Method - M2","Number","25764"
"Population Projections based on Census 2022","2031","2 years","Male","Method - M2","Number","27504"
"Population Projections based on Census 2022","2031","2 years","Female","Method - M2","Number","26113"
"Population Projections based on Census 2022","2031","3 years","Male","Method - M2","Number","27940"
"Population Projections based on Census 2022","2031","3 years","Female","Method - M2","Number","26515"
"Population Projections based on Census 2022","2031","4 years","Male","Method - M2","Number","28479"
"Population Projections based on Census 2022","2031","4 years","Female","Method - M2","Number","27042"
"Population Projections based on Census 2022","2031","5 years","Male","Method - M2","Number","29093"
"Population Projections based on Census 2022","2031","5 years","Female","Method - M2","Number","27591"
"Population Projections based on Census 2022","2031","6 years","Male","Method - M2","Number","29619"
"Population Projections based on Census 2022","2031","6 years","Female","Method - M2","Number","28089"
"Population Projections based on Census 2022","2031","7 years","Male","Method - M2","Number","30154"
"Population Projections based on Census 2022","2031","7 years","Female","Method - M2","Number","28586"
"Population Projections based on Census 2022","2031","8 years","Male","Method - M2","Number","31512"
"Population Projections based on Census 2022","2031","8 years","Female","Method - M2","Number","29879"
"Population Projections based on Census 2022","2031","9 years","Male","Method - M2","Number","31601"
"Population Projections based on Census 2022","2031","9 years","Female","Method - M2","Number","30054"
"Population Projections based on Census 2022","2031","10 years","Male","Method - M2","Number","31015"
"Population Projections based on Census 2022","2031","10 years","Female","Method - M2","Number","29528"
"Population Projections based on Census 2022","2031","11 years","Male","Method - M2","Number","32258"
"Population Projections based on Census 2022","2031","11 years","Female","Method - M2","Number","30830"
"Population Projections based on Census 2022","2031","12 years","Male","Method - M2","Number","33040"
"Population Projections based on Census 2022","2031","12 years","Female","Method - M2","Number","31397"
"Population Projections based on Census 2022","2031","13 years","Male","Method - M2","Number","33738"
"Population Projections based on Census 2022","2031","13 years","Female","Method - M2","Number","31772"
"Population Projections based on Census 2022","2031","14 years","Male","Method - M2","Number","34687"
"Population Projections based on Census 2022","2031","14 years","Female","Method - M2","Number","33247"
"Population Projections based on Census 2022","2031","15 years","Male","Method - M2","Number","35988"
"Population Projections based on Census 2022","2031","15 years","Female","Method - M2","Number","34636"
"Population Projections based on Census 2022","2031","16 years","Male","Method - M2","Number","37279"
"Population Projections based on Census 2022","2031","16 years","Female","Method - M2","Number","35670"
"Population Projections based on Census 2022","2031","17 years","Male","Method - M2","Number","38102"
"Population Projections based on Census 2022","2031","17 years","Female","Method - M2","Number","36617"
"Population Projections based on Census 2022","2031","18 years","Male","Method - M2","Number","38688"
"Population Projections based on Census 2022","2031","18 years","Female","Method - M2","Number","37423"
"Population Projections based on Census 2022","2031","19 years","Male","Method - M2","Number","39660"
"Population Projections based on Census 2022","2031","19 years","Female","Method - M2","Number","38323"
"Population Projections based on Census 2022","2031","20 years","Male","Method - M2","Number","39702"
"Population Projections based on Census 2022","2031","20 years","Female","Method - M2","Number","39109"
"Population Projections based on Census 2022","2031","21 years","Male","Method - M2","Number","40241"
"Population Projections based on Census 2022","2031","21 years","Female","Method - M2","Number","39618"
"Population Projections based on Census 2022","2031","22 years","Male","Method - M2","Number","39591"
"Population Projections based on Census 2022","2031","22 years","Female","Method - M2","Number","39154"
"Population Projections based on Census 2022","2031","23 years","Male","Method - M2","Number","38646"
"Population Projections based on Census 2022","2031","23 years","Female","Method - M2","Number","38689"
"Population Projections based on Census 2022","2031","24 years","Male","Method - M2","Number","37071"
"Population Projections based on Census 2022","2031","24 years","Female","Method - M2","Number","36808"
"Population Projections based on Census 2022","2031","25 years","Male","Method - M2","Number","36319"
"Population Projections based on Census 2022","2031","25 years","Female","Method - M2","Number","36045"
"Population Projections based on Census 2022","2031","26 years","Male","Method - M2","Number","36930"
"Population Projections based on Census 2022","2031","26 years","Female","Method - M2","Number","36139"
"Population Projections based on Census 2022","2031","27 years","Male","Method - M2","Number","36275"
"Population Projections based on Census 2022","2031","27 years","Female","Method - M2","Number","36451"
"Population Projections based on Census 2022","2031","28 years","Male","Method - M2","Number","35871"
"Population Projections based on Census 2022","2031","28 years","Female","Method - M2","Number","36061"
"Population Projections based on Census 2022","2031","29 years","Male","Method - M2","Number","35779"
"Population Projections based on Census 2022","2031","29 years","Female","Method - M2","Number","36278"
"Population Projections based on Census 2022","2031","30 years","Male","Method - M2","Number","35249"
"Population Projections based on Census 2022","2031","30 years","Female","Method - M2","Number","35489"
"Population Projections based on Census 2022","2031","31 years","Male","Method - M2","Number","36194"
"Population Projections based on Census 2022","2031","31 years","Female","Method - M2","Number","36628"
"Population Projections based on Census 2022","2031","32 years","Male","Method - M2","Number","36219"
"Population Projections based on Census 2022","2031","32 years","Female","Method - M2","Number","36326"
"Population Projections based on Census 2022","2031","33 years","Male","Method - M2","Number","35990"
"Population Projections based on Census 2022","2031","33 years","Female","Method - M2","Number","36127"
"Population Projections based on Census 2022","2031","34 years","Male","Method - M2","Number","35553"
"Population Projections based on Census 2022","2031","34 years","Female","Method - M2","Number","35933"
"Population Projections based on Census 2022","2031","35 years","Male","Method - M2","Number","34578"
"Population Projections based on Census 2022","2031","35 years","Female","Method - M2","Number","35197"
"Population Projections based on Census 2022","2031","36 years","Male","Method - M2","Number","34210"
"Population Projections based on Census 2022","2031","36 years","Female","Method - M2","Number","35708"
"Population Projections based on Census 2022","2031","37 years","Male","Method - M2","Number","33733"
"Population Projections based on Census 2022","2031","37 years","Female","Method - M2","Number","35713"
"Population Projections based on Census 2022","2031","38 years","Male","Method - M2","Number","34585"
"Population Projections based on Census 2022","2031","38 years","Female","Method - M2","Number","36745"
"Population Projections based on Census 2022","2031","39 years","Male","Method - M2","Number","35512"
"Population Projections based on Census 2022","2031","39 years","Female","Method - M2","Number","38882"
"Population Projections based on Census 2022","2031","40 years","Male","Method - M2","Number","36511"
"Population Projections based on Census 2022","2031","40 years","Female","Method - M2","Number","39482"
"Population Projections based on Census 2022","2031","41 years","Male","Method - M2","Number","36560"
"Population Projections based on Census 2022","2031","41 years","Female","Method - M2","Number","40224"
"Population Projections based on Census 2022","2031","42 years","Male","Method - M2","Number","36055"
"Population Projections based on Census 2022","2031","42 years","Female","Method - M2","Number","40331"
"Population Projections based on Census 2022","2031","43 years","Male","Method - M2","Number","37242"
"Population Projections based on Census 2022","2031","43 years","Female","Method - M2","Number","42177"
"Population Projections based on Census 2022","2031","44 years","Male","Method - M2","Number","39170"
"Population Projections based on Census 2022","2031","44 years","Female","Method - M2","Number","44111"
"Population Projections based on Census 2022","2031","45 years","Male","Method - M2","Number","39677"
"Population Projections based on Census 2022","2031","45 years","Female","Method - M2","Number","44460"
"Population Projections based on Census 2022","2031","46 years","Male","Method - M2","Number","39998"
"Population Projections based on Census 2022","2031","46 years","Female","Method - M2","Number","44315"
"Population Projections based on Census 2022","2031","47 years","Male","Method - M2","Number","40890"
"Population Projections based on Census 2022","2031","47 years","Female","Method - M2","Number","45535"
"Population Projections based on Census 2022","2031","48 years","Male","Method - M2","Number","41758"
"Population Projections based on Census 2022","2031","48 years","Female","Method - M2","Number","46750"
"Population Projections based on Census 2022","2031","49 years","Male","Method - M2","Number","43499"
"Population Projections based on Census 2022","2031","49 years","Female","Method - M2","Number","47208"
"Population Projections based on Census 2022","2031","50 years","Male","Method - M2","Number","43785"
"Population Projections based on Census 2022","2031","50 years","Female","Method - M2","Number","46745"
"Population Projections based on Census 2022","2031","51 years","Male","Method - M2","Number","43606"
"Population Projections based on Census 2022","2031","51 years","Female","Method - M2","Number","45828"
"Population Projections based on Census 2022","2031","52 years","Male","Method - M2","Number","40705"
"Population Projections based on Census 2022","2031","52 years","Female","Method - M2","Number","43097"
"Population Projections based on Census 2022","2031","53 years","Male","Method - M2","Number","38637"
"Population Projections based on Census 2022","2031","53 years","Female","Method - M2","Number","40256"
"Population Projections based on Census 2022","2031","54 years","Male","Method - M2","Number","38696"
"Population Projections based on Census 2022","2031","54 years","Female","Method - M2","Number","39573"
"Population Projections based on Census 2022","2031","55 years","Male","Method - M2","Number","38044"
"Population Projections based on Census 2022","2031","55 years","Female","Method - M2","Number","39000"
"Population Projections based on Census 2022","2031","56 years","Male","Method - M2","Number","37746"
"Population Projections based on Census 2022","2031","56 years","Female","Method - M2","Number","38349"
"Population Projections based on Census 2022","2031","57 years","Male","Method - M2","Number","37265"
"Population Projections based on Census 2022","2031","57 years","Female","Method - M2","Number","38004"
"Population Projections based on Census 2022","2031","58 years","Male","Method - M2","Number","37380"
"Population Projections based on Census 2022","2031","58 years","Female","Method - M2","Number","37884"
"Population Projections based on Census 2022","2031","59 years","Male","Method - M2","Number","37112"
"Population Projections based on Census 2022","2031","59 years","Female","Method - M2","Number","37429"
"Population Projections based on Census 2022","2031","60 years","Male","Method - M2","Number","35494"
"Population Projections based on Census 2022","2031","60 years","Female","Method - M2","Number","35848"
"Population Projections based on Census 2022","2031","61 years","Male","Method - M2","Number","34868"
"Population Projections based on Census 2022","2031","61 years","Female","Method - M2","Number","35192"
"Population Projections based on Census 2022","2031","62 years","Male","Method - M2","Number","33143"
"Population Projections based on Census 2022","2031","62 years","Female","Method - M2","Number","32975"
"Population Projections based on Census 2022","2031","63 years","Male","Method - M2","Number","32506"
"Population Projections based on Census 2022","2031","63 years","Female","Method - M2","Number","32885"
"Population Projections based on Census 2022","2031","64 years","Male","Method - M2","Number","31960"
"Population Projections based on Census 2022","2031","64 years","Female","Method - M2","Number","32433"
"Population Projections based on Census 2022","2031","65 years","Male","Method - M2","Number","30814"
"Population Projections based on Census 2022","2031","65 years","Female","Method - M2","Number","31713"
"Population Projections based on Census 2022","2031","66 years","Male","Method - M2","Number","30655"
"Population Projections based on Census 2022","2031","66 years","Female","Method - M2","Number","32055"
"Population Projections based on Census 2022","2031","67 years","Male","Method - M2","Number","29366"
"Population Projections based on Census 2022","2031","67 years","Female","Method - M2","Number","30739"
"Population Projections based on Census 2022","2031","68 years","Male","Method - M2","Number","28471"
"Population Projections based on Census 2022","2031","68 years","Female","Method - M2","Number","29850"
"Population Projections based on Census 2022","2031","69 years","Male","Method - M2","Number","27891"
"Population Projections based on Census 2022","2031","69 years","Female","Method - M2","Number","29149"
"Population Projections based on Census 2022","2031","70 years","Male","Method - M2","Number","26454"
"Population Projections based on Census 2022","2031","70 years","Female","Method - M2","Number","28262"
"Population Projections based on Census 2022","2031","71 years","Male","Method - M2","Number","25496"
"Population Projections based on Census 2022","2031","71 years","Female","Method - M2","Number","27070"
"Population Projections based on Census 2022","2031","72 years","Male","Method - M2","Number","23925"
"Population Projections based on Census 2022","2031","72 years","Female","Method - M2","Number","25234"
"Population Projections based on Census 2022","2031","73 years","Male","Method - M2","Number","22712"
"Population Projections based on Census 2022","2031","73 years","Female","Method - M2","Number","24693"
"Population Projections based on Census 2022","2031","74 years","Male","Method - M2","Number","22454"
"Population Projections based on Census 2022","2031","74 years","Female","Method - M2","Number","23882"
"Population Projections based on Census 2022","2031","75 years","Male","Method - M2","Number","20970"
"Population Projections based on Census 2022","2031","75 years","Female","Method - M2","Number","22956"
"Population Projections based on Census 2022","2031","76 years","Male","Method - M2","Number","20419"
"Population Projections based on Census 2022","2031","76 years","Female","Method - M2","Number","22488"
"Population Projections based on Census 2022","2031","77 years","Male","Method - M2","Number","19050"
"Population Projections based on Census 2022","2031","77 years","Female","Method - M2","Number","20833"
"Population Projections based on Census 2022","2031","78 years","Male","Method - M2","Number","18582"
"Population Projections based on Census 2022","2031","78 years","Female","Method - M2","Number","20783"
"Population Projections based on Census 2022","2031","79 years","Male","Method - M2","Number","17245"
"Population Projections based on Census 2022","2031","79 years","Female","Method - M2","Number","19395"
"Population Projections based on Census 2022","2031","80 years","Male","Method - M2","Number","15912"
"Population Projections based on Census 2022","2031","80 years","Female","Method - M2","Number","18129"
"Population Projections based on Census 2022","2031","81 years","Male","Method - M2","Number","15021"
"Population Projections based on Census 2022","2031","81 years","Female","Method - M2","Number","17629"
"Population Projections based on Census 2022","2031","82 years","Male","Method - M2","Number","13835"
"Population Projections based on Census 2022","2031","82 years","Female","Method - M2","Number","16295"
"Population Projections based on Census 2022","2031","83 years","Male","Method - M2","Number","12761"
"Population Projections based on Census 2022","2031","83 years","Female","Method - M2","Number","14982"
"Population Projections based on Census 2022","2031","84 years","Male","Method - M2","Number","11523"
"Population Projections based on Census 2022","2031","84 years","Female","Method - M2","Number","13807"
"Population Projections based on Census 2022","2031","85 years","Male","Method - M2","Number","10026"
"Population Projections based on Census 2022","2031","85 years","Female","Method - M2","Number","12730"
"Population Projections based on Census 2022","2031","86 years","Male","Method - M2","Number","8542"
"Population Projections based on Census 2022","2031","86 years","Female","Method - M2","Number","10945"
"Population Projections based on Census 2022","2031","87 years","Male","Method - M2","Number","7287"
"Population Projections based on Census 2022","2031","87 years","Female","Method - M2","Number","9500"
"Population Projections based on Census 2022","2031","88 years","Male","Method - M2","Number","6126"
"Population Projections based on Census 2022","2031","88 years","Female","Method - M2","Number","8467"
"Population Projections based on Census 2022","2031","89 years","Male","Method - M2","Number","4948"
"Population Projections based on Census 2022","2031","89 years","Female","Method - M2","Number","6901"
"Population Projections based on Census 2022","2031","90 years","Male","Method - M2","Number","3955"
"Population Projections based on Census 2022","2031","90 years","Female","Method - M2","Number","5813"
"Population Projections based on Census 2022","2031","91 years","Male","Method - M2","Number","3280"
"Population Projections based on Census 2022","2031","91 years","Female","Method - M2","Number","5095"
"Population Projections based on Census 2022","2031","92 years","Male","Method - M2","Number","2622"
"Population Projections based on Census 2022","2031","92 years","Female","Method - M2","Number","4259"
"Population Projections based on Census 2022","2031","93 years","Male","Method - M2","Number","1956"
"Population Projections based on Census 2022","2031","93 years","Female","Method - M2","Number","3375"
"Population Projections based on Census 2022","2031","94 years","Male","Method - M2","Number","1535"
"Population Projections based on Census 2022","2031","94 years","Female","Method - M2","Number","2761"
"Population Projections based on Census 2022","2031","95 years","Male","Method - M2","Number","1139"
"Population Projections based on Census 2022","2031","95 years","Female","Method - M2","Number","2149"
"Population Projections based on Census 2022","2031","96 years","Male","Method - M2","Number","803"
"Population Projections based on Census 2022","2031","96 years","Female","Method - M2","Number","1636"
"Population Projections based on Census 2022","2031","97 years","Male","Method - M2","Number","559"
"Population Projections based on Census 2022","2031","97 years","Female","Method - M2","Number","1193"
"Population Projections based on Census 2022","2031","98 years","Male","Method - M2","Number","371"
"Population Projections based on Census 2022","2031","98 years","Female","Method - M2","Number","822"
"Population Projections based on Census 2022","2031","99 years and over","Male","Method - M2","Number","613"
"Population Projections based on Census 2022","2031","99 years and over","Female","Method - M2","Number","1503"
"Population Projections based on Census 2022","2032","Under 1 year","Male","Method - M2","Number","26625"
"Population Projections based on Census 2022","2032","Under 1 year","Female","Method - M2","Number","25268"
"Population Projections based on Census 2022","2032","1 year","Male","Method - M2","Number","26970"
"Population Projections based on Census 2022","2032","1 year","Female","Method - M2","Number","25606"
"Population Projections based on Census 2022","2032","2 years","Male","Method - M2","Number","27321"
"Population Projections based on Census 2022","2032","2 years","Female","Method - M2","Number","25940"
"Population Projections based on Census 2022","2032","3 years","Male","Method - M2","Number","27668"
"Population Projections based on Census 2022","2032","3 years","Female","Method - M2","Number","26259"
"Population Projections based on Census 2022","2032","4 years","Male","Method - M2","Number","28099"
"Population Projections based on Census 2022","2032","4 years","Female","Method - M2","Number","26678"
"Population Projections based on Census 2022","2032","5 years","Male","Method - M2","Number","28659"
"Population Projections based on Census 2022","2032","5 years","Female","Method - M2","Number","27182"
"Population Projections based on Census 2022","2032","6 years","Male","Method - M2","Number","29258"
"Population Projections based on Census 2022","2032","6 years","Female","Method - M2","Number","27746"
"Population Projections based on Census 2022","2032","7 years","Male","Method - M2","Number","29779"
"Population Projections based on Census 2022","2032","7 years","Female","Method - M2","Number","28234"
"Population Projections based on Census 2022","2032","8 years","Male","Method - M2","Number","30299"
"Population Projections based on Census 2022","2032","8 years","Female","Method - M2","Number","28732"
"Population Projections based on Census 2022","2032","9 years","Male","Method - M2","Number","31661"
"Population Projections based on Census 2022","2032","9 years","Female","Method - M2","Number","30016"
"Population Projections based on Census 2022","2032","10 years","Male","Method - M2","Number","31753"
"Population Projections based on Census 2022","2032","10 years","Female","Method - M2","Number","30205"
"Population Projections based on Census 2022","2032","11 years","Male","Method - M2","Number","31173"
"Population Projections based on Census 2022","2032","11 years","Female","Method - M2","Number","29670"
"Population Projections based on Census 2022","2032","12 years","Male","Method - M2","Number","32415"
"Population Projections based on Census 2022","2032","12 years","Female","Method - M2","Number","30979"
"Population Projections based on Census 2022","2032","13 years","Male","Method - M2","Number","33195"
"Population Projections based on Census 2022","2032","13 years","Female","Method - M2","Number","31553"
"Population Projections based on Census 2022","2032","14 years","Male","Method - M2","Number","33842"
"Population Projections based on Census 2022","2032","14 years","Female","Method - M2","Number","31872"
"Population Projections based on Census 2022","2032","15 years","Male","Method - M2","Number","34769"
"Population Projections based on Census 2022","2032","15 years","Female","Method - M2","Number","33478"
"Population Projections based on Census 2022","2032","16 years","Male","Method - M2","Number","36073"
"Population Projections based on Census 2022","2032","16 years","Female","Method - M2","Number","34872"
"Population Projections based on Census 2022","2032","17 years","Male","Method - M2","Number","37393"
"Population Projections based on Census 2022","2032","17 years","Female","Method - M2","Number","35854"
"Population Projections based on Census 2022","2032","18 years","Male","Method - M2","Number","38153"
"Population Projections based on Census 2022","2032","18 years","Female","Method - M2","Number","36791"
"Population Projections based on Census 2022","2032","19 years","Male","Method - M2","Number","38710"
"Population Projections based on Census 2022","2032","19 years","Female","Method - M2","Number","37595"
"Population Projections based on Census 2022","2032","20 years","Male","Method - M2","Number","39666"
"Population Projections based on Census 2022","2032","20 years","Female","Method - M2","Number","38473"
"Population Projections based on Census 2022","2032","21 years","Male","Method - M2","Number","39692"
"Population Projections based on Census 2022","2032","21 years","Female","Method - M2","Number","39213"
"Population Projections based on Census 2022","2032","22 years","Male","Method - M2","Number","40219"
"Population Projections based on Census 2022","2032","22 years","Female","Method - M2","Number","39704"
"Population Projections based on Census 2022","2032","23 years","Male","Method - M2","Number","39558"
"Population Projections based on Census 2022","2032","23 years","Female","Method - M2","Number","39243"
"Population Projections based on Census 2022","2032","24 years","Male","Method - M2","Number","38628"
"Population Projections based on Census 2022","2032","24 years","Female","Method - M2","Number","38750"
"Population Projections based on Census 2022","2032","25 years","Male","Method - M2","Number","37573"
"Population Projections based on Census 2022","2032","25 years","Female","Method - M2","Number","37407"
"Population Projections based on Census 2022","2032","26 years","Male","Method - M2","Number","36777"
"Population Projections based on Census 2022","2032","26 years","Female","Method - M2","Number","36614"
"Population Projections based on Census 2022","2032","27 years","Male","Method - M2","Number","37361"
"Population Projections based on Census 2022","2032","27 years","Female","Method - M2","Number","36691"
"Population Projections based on Census 2022","2032","28 years","Male","Method - M2","Number","36697"
"Population Projections based on Census 2022","2032","28 years","Female","Method - M2","Number","36973"
"Population Projections based on Census 2022","2032","29 years","Male","Method - M2","Number","36278"
"Population Projections based on Census 2022","2032","29 years","Female","Method - M2","Number","36541"
"Population Projections based on Census 2022","2032","30 years","Male","Method - M2","Number","36154"
"Population Projections based on Census 2022","2032","30 years","Female","Method - M2","Number","36746"
"Population Projections based on Census 2022","2032","31 years","Male","Method - M2","Number","35611"
"Population Projections based on Census 2022","2032","31 years","Female","Method - M2","Number","35938"
"Population Projections based on Census 2022","2032","32 years","Male","Method - M2","Number","36532"
"Population Projections based on Census 2022","2032","32 years","Female","Method - M2","Number","37082"
"Population Projections based on Census 2022","2032","33 years","Male","Method - M2","Number","36528"
"Population Projections based on Census 2022","2032","33 years","Female","Method - M2","Number","36770"
"Population Projections based on Census 2022","2032","34 years","Male","Method - M2","Number","36325"
"Population Projections based on Census 2022","2032","34 years","Female","Method - M2","Number","36589"
"Population Projections based on Census 2022","2032","35 years","Male","Method - M2","Number","35837"
"Population Projections based on Census 2022","2032","35 years","Female","Method - M2","Number","36365"
"Population Projections based on Census 2022","2032","36 years","Male","Method - M2","Number","34867"
"Population Projections based on Census 2022","2032","36 years","Female","Method - M2","Number","35631"
"Population Projections based on Census 2022","2032","37 years","Male","Method - M2","Number","34475"
"Population Projections based on Census 2022","2032","37 years","Female","Method - M2","Number","36119"
"Population Projections based on Census 2022","2032","38 years","Male","Method - M2","Number","33989"
"Population Projections based on Census 2022","2032","38 years","Female","Method - M2","Number","36130"
"Population Projections based on Census 2022","2032","39 years","Male","Method - M2","Number","34852"
"Population Projections based on Census 2022","2032","39 years","Female","Method - M2","Number","37181"
"Population Projections based on Census 2022","2032","40 years","Male","Method - M2","Number","35790"
"Population Projections based on Census 2022","2032","40 years","Female","Method - M2","Number","39318"
"Population Projections based on Census 2022","2032","41 years","Male","Method - M2","Number","36780"
"Population Projections based on Census 2022","2032","41 years","Female","Method - M2","Number","39935"
"Population Projections based on Census 2022","2032","42 years","Male","Method - M2","Number","36876"
"Population Projections based on Census 2022","2032","42 years","Female","Method - M2","Number","40701"
"Population Projections based on Census 2022","2032","43 years","Male","Method - M2","Number","36371"
"Population Projections based on Census 2022","2032","43 years","Female","Method - M2","Number","40809"
"Population Projections based on Census 2022","2032","44 years","Male","Method - M2","Number","37571"
"Population Projections based on Census 2022","2032","44 years","Female","Method - M2","Number","42650"
"Population Projections based on Census 2022","2032","45 years","Male","Method - M2","Number","39191"
"Population Projections based on Census 2022","2032","45 years","Female","Method - M2","Number","44128"
"Population Projections based on Census 2022","2032","46 years","Male","Method - M2","Number","39668"
"Population Projections based on Census 2022","2032","46 years","Female","Method - M2","Number","44480"
"Population Projections based on Census 2022","2032","47 years","Male","Method - M2","Number","40005"
"Population Projections based on Census 2022","2032","47 years","Female","Method - M2","Number","44333"
"Population Projections based on Census 2022","2032","48 years","Male","Method - M2","Number","40906"
"Population Projections based on Census 2022","2032","48 years","Female","Method - M2","Number","45575"
"Population Projections based on Census 2022","2032","49 years","Male","Method - M2","Number","41791"
"Population Projections based on Census 2022","2032","49 years","Female","Method - M2","Number","46788"
"Population Projections based on Census 2022","2032","50 years","Male","Method - M2","Number","43524"
"Population Projections based on Census 2022","2032","50 years","Female","Method - M2","Number","47250"
"Population Projections based on Census 2022","2032","51 years","Male","Method - M2","Number","43804"
"Population Projections based on Census 2022","2032","51 years","Female","Method - M2","Number","46780"
"Population Projections based on Census 2022","2032","52 years","Male","Method - M2","Number","43624"
"Population Projections based on Census 2022","2032","52 years","Female","Method - M2","Number","45855"
"Population Projections based on Census 2022","2032","53 years","Male","Method - M2","Number","40720"
"Population Projections based on Census 2022","2032","53 years","Female","Method - M2","Number","43124"
"Population Projections based on Census 2022","2032","54 years","Male","Method - M2","Number","38662"
"Population Projections based on Census 2022","2032","54 years","Female","Method - M2","Number","40289"
"Population Projections based on Census 2022","2032","55 years","Male","Method - M2","Number","38704"
"Population Projections based on Census 2022","2032","55 years","Female","Method - M2","Number","39609"
"Population Projections based on Census 2022","2032","56 years","Male","Method - M2","Number","38051"
"Population Projections based on Census 2022","2032","56 years","Female","Method - M2","Number","39029"
"Population Projections based on Census 2022","2032","57 years","Male","Method - M2","Number","37740"
"Population Projections based on Census 2022","2032","57 years","Female","Method - M2","Number","38364"
"Population Projections based on Census 2022","2032","58 years","Male","Method - M2","Number","37247"
"Population Projections based on Census 2022","2032","58 years","Female","Method - M2","Number","38023"
"Population Projections based on Census 2022","2032","59 years","Male","Method - M2","Number","37348"
"Population Projections based on Census 2022","2032","59 years","Female","Method - M2","Number","37911"
"Population Projections based on Census 2022","2032","60 years","Male","Method - M2","Number","37071"
"Population Projections based on Census 2022","2032","60 years","Female","Method - M2","Number","37444"
"Population Projections based on Census 2022","2032","61 years","Male","Method - M2","Number","35456"
"Population Projections based on Census 2022","2032","61 years","Female","Method - M2","Number","35850"
"Population Projections based on Census 2022","2032","62 years","Male","Method - M2","Number","34806"
"Population Projections based on Census 2022","2032","62 years","Female","Method - M2","Number","35183"
"Population Projections based on Census 2022","2032","63 years","Male","Method - M2","Number","33098"
"Population Projections based on Census 2022","2032","63 years","Female","Method - M2","Number","32971"
"Population Projections based on Census 2022","2032","64 years","Male","Method - M2","Number","32441"
"Population Projections based on Census 2022","2032","64 years","Female","Method - M2","Number","32870"
"Population Projections based on Census 2022","2032","65 years","Male","Method - M2","Number","31700"
"Population Projections based on Census 2022","2032","65 years","Female","Method - M2","Number","32280"
"Population Projections based on Census 2022","2032","66 years","Male","Method - M2","Number","30556"
"Population Projections based on Census 2022","2032","66 years","Female","Method - M2","Number","31542"
"Population Projections based on Census 2022","2032","67 years","Male","Method - M2","Number","30382"
"Population Projections based on Census 2022","2032","67 years","Female","Method - M2","Number","31884"
"Population Projections based on Census 2022","2032","68 years","Male","Method - M2","Number","29078"
"Population Projections based on Census 2022","2032","68 years","Female","Method - M2","Number","30563"
"Population Projections based on Census 2022","2032","69 years","Male","Method - M2","Number","28157"
"Population Projections based on Census 2022","2032","69 years","Female","Method - M2","Number","29650"
"Population Projections based on Census 2022","2032","70 years","Male","Method - M2","Number","27553"
"Population Projections based on Census 2022","2032","70 years","Female","Method - M2","Number","28942"
"Population Projections based on Census 2022","2032","71 years","Male","Method - M2","Number","26103"
"Population Projections based on Census 2022","2032","71 years","Female","Method - M2","Number","28028"
"Population Projections based on Census 2022","2032","72 years","Male","Method - M2","Number","25119"
"Population Projections based on Census 2022","2032","72 years","Female","Method - M2","Number","26823"
"Population Projections based on Census 2022","2032","73 years","Male","Method - M2","Number","23521"
"Population Projections based on Census 2022","2032","73 years","Female","Method - M2","Number","24967"
"Population Projections based on Census 2022","2032","74 years","Male","Method - M2","Number","22278"
"Population Projections based on Census 2022","2032","74 years","Female","Method - M2","Number","24403"
"Population Projections based on Census 2022","2032","75 years","Male","Method - M2","Number","21966"
"Population Projections based on Census 2022","2032","75 years","Female","Method - M2","Number","23556"
"Population Projections based on Census 2022","2032","76 years","Male","Method - M2","Number","20426"
"Population Projections based on Census 2022","2032","76 years","Female","Method - M2","Number","22576"
"Population Projections based on Census 2022","2032","77 years","Male","Method - M2","Number","19821"
"Population Projections based on Census 2022","2032","77 years","Female","Method - M2","Number","22064"
"Population Projections based on Census 2022","2032","78 years","Male","Method - M2","Number","18431"
"Population Projections based on Census 2022","2032","78 years","Female","Method - M2","Number","20389"
"Population Projections based on Census 2022","2032","79 years","Male","Method - M2","Number","17911"
"Population Projections based on Census 2022","2032","79 years","Female","Method - M2","Number","20285"
"Population Projections based on Census 2022","2032","80 years","Male","Method - M2","Number","16553"
"Population Projections based on Census 2022","2032","80 years","Female","Method - M2","Number","18866"
"Population Projections based on Census 2022","2032","81 years","Male","Method - M2","Number","15204"
"Population Projections based on Census 2022","2032","81 years","Female","Method - M2","Number","17568"
"Population Projections based on Census 2022","2032","82 years","Male","Method - M2","Number","14270"
"Population Projections based on Census 2022","2032","82 years","Female","Method - M2","Number","17001"
"Population Projections based on Census 2022","2032","83 years","Male","Method - M2","Number","13038"
"Population Projections based on Census 2022","2032","83 years","Female","Method - M2","Number","15619"
"Population Projections based on Census 2022","2032","84 years","Male","Method - M2","Number","11929"
"Population Projections based on Census 2022","2032","84 years","Female","Method - M2","Number","14274"
"Population Projections based on Census 2022","2032","85 years","Male","Method - M2","Number","10678"
"Population Projections based on Census 2022","2032","85 years","Female","Method - M2","Number","13061"
"Population Projections based on Census 2022","2032","86 years","Male","Method - M2","Number","9190"
"Population Projections based on Census 2022","2032","86 years","Female","Method - M2","Number","11932"
"Population Projections based on Census 2022","2032","87 years","Male","Method - M2","Number","7746"
"Population Projections based on Census 2022","2032","87 years","Female","Method - M2","Number","10172"
"Population Projections based on Census 2022","2032","88 years","Male","Method - M2","Number","6531"
"Population Projections based on Census 2022","2032","88 years","Female","Method - M2","Number","8741"
"Population Projections based on Census 2022","2032","89 years","Male","Method - M2","Number","5420"
"Population Projections based on Census 2022","2032","89 years","Female","Method - M2","Number","7705"
"Population Projections based on Census 2022","2032","90 years","Male","Method - M2","Number","4322"
"Population Projections based on Census 2022","2032","90 years","Female","Method - M2","Number","6204"
"Population Projections based on Census 2022","2032","91 years","Male","Method - M2","Number","3400"
"Population Projections based on Census 2022","2032","91 years","Female","Method - M2","Number","5158"
"Population Projections based on Census 2022","2032","92 years","Male","Method - M2","Number","2773"
"Population Projections based on Census 2022","2032","92 years","Female","Method - M2","Number","4448"
"Population Projections based on Census 2022","2032","93 years","Male","Method - M2","Number","2164"
"Population Projections based on Census 2022","2032","93 years","Female","Method - M2","Number","3644"
"Population Projections based on Census 2022","2032","94 years","Male","Method - M2","Number","1579"
"Population Projections based on Census 2022","2032","94 years","Female","Method - M2","Number","2825"
"Population Projections based on Census 2022","2032","95 years","Male","Method - M2","Number","1212"
"Population Projections based on Census 2022","2032","95 years","Female","Method - M2","Number","2255"
"Population Projections based on Census 2022","2032","96 years","Male","Method - M2","Number","869"
"Population Projections based on Census 2022","2032","96 years","Female","Method - M2","Number","1701"
"Population Projections based on Census 2022","2032","97 years","Male","Method - M2","Number","597"
"Population Projections based on Census 2022","2032","97 years","Female","Method - M2","Number","1259"
"Population Projections based on Census 2022","2032","98 years","Male","Method - M2","Number","403"
"Population Projections based on Census 2022","2032","98 years","Female","Method - M2","Number","894"
"Population Projections based on Census 2022","2032","99 years and over","Male","Method - M2","Number","655"
"Population Projections based on Census 2022","2032","99 years and over","Female","Method - M2","Number","1566"
"Population Projections based on Census 2022","2033","Under 1 year","Male","Method - M2","Number","26466"
"Population Projections based on Census 2022","2033","Under 1 year","Female","Method - M2","Number","25118"
"Population Projections based on Census 2022","2033","1 year","Male","Method - M2","Number","26802"
"Population Projections based on Census 2022","2033","1 year","Female","Method - M2","Number","25447"
"Population Projections based on Census 2022","2033","2 years","Male","Method - M2","Number","27156"
"Population Projections based on Census 2022","2033","2 years","Female","Method - M2","Number","25782"
"Population Projections based on Census 2022","2033","3 years","Male","Method - M2","Number","27485"
"Population Projections based on Census 2022","2033","3 years","Female","Method - M2","Number","26086"
"Population Projections based on Census 2022","2033","4 years","Male","Method - M2","Number","27827"
"Population Projections based on Census 2022","2033","4 years","Female","Method - M2","Number","26422"
"Population Projections based on Census 2022","2033","5 years","Male","Method - M2","Number","28279"
"Population Projections based on Census 2022","2033","5 years","Female","Method - M2","Number","26818"
"Population Projections based on Census 2022","2033","6 years","Male","Method - M2","Number","28824"
"Population Projections based on Census 2022","2033","6 years","Female","Method - M2","Number","27338"
"Population Projections based on Census 2022","2033","7 years","Male","Method - M2","Number","29418"
"Population Projections based on Census 2022","2033","7 years","Female","Method - M2","Number","27891"
"Population Projections based on Census 2022","2033","8 years","Male","Method - M2","Number","29924"
"Population Projections based on Census 2022","2033","8 years","Female","Method - M2","Number","28380"
"Population Projections based on Census 2022","2033","9 years","Male","Method - M2","Number","30448"
"Population Projections based on Census 2022","2033","9 years","Female","Method - M2","Number","28869"
"Population Projections based on Census 2022","2033","10 years","Male","Method - M2","Number","31813"
"Population Projections based on Census 2022","2033","10 years","Female","Method - M2","Number","30167"
"Population Projections based on Census 2022","2033","11 years","Male","Method - M2","Number","31911"
"Population Projections based on Census 2022","2033","11 years","Female","Method - M2","Number","30347"
"Population Projections based on Census 2022","2033","12 years","Male","Method - M2","Number","31330"
"Population Projections based on Census 2022","2033","12 years","Female","Method - M2","Number","29819"
"Population Projections based on Census 2022","2033","13 years","Male","Method - M2","Number","32570"
"Population Projections based on Census 2022","2033","13 years","Female","Method - M2","Number","31135"
"Population Projections based on Census 2022","2033","14 years","Male","Method - M2","Number","33299"
"Population Projections based on Census 2022","2033","14 years","Female","Method - M2","Number","31653"
"Population Projections based on Census 2022","2033","15 years","Male","Method - M2","Number","33924"
"Population Projections based on Census 2022","2033","15 years","Female","Method - M2","Number","32103"
"Population Projections based on Census 2022","2033","16 years","Male","Method - M2","Number","34855"
"Population Projections based on Census 2022","2033","16 years","Female","Method - M2","Number","33714"
"Population Projections based on Census 2022","2033","17 years","Male","Method - M2","Number","36188"
"Population Projections based on Census 2022","2033","17 years","Female","Method - M2","Number","35056"
"Population Projections based on Census 2022","2033","18 years","Male","Method - M2","Number","37444"
"Population Projections based on Census 2022","2033","18 years","Female","Method - M2","Number","36028"
"Population Projections based on Census 2022","2033","19 years","Male","Method - M2","Number","38175"
"Population Projections based on Census 2022","2033","19 years","Female","Method - M2","Number","36963"
"Population Projections based on Census 2022","2033","20 years","Male","Method - M2","Number","38717"
"Population Projections based on Census 2022","2033","20 years","Female","Method - M2","Number","37745"
"Population Projections based on Census 2022","2033","21 years","Male","Method - M2","Number","39657"
"Population Projections based on Census 2022","2033","21 years","Female","Method - M2","Number","38577"
"Population Projections based on Census 2022","2033","22 years","Male","Method - M2","Number","39670"
"Population Projections based on Census 2022","2033","22 years","Female","Method - M2","Number","39299"
"Population Projections based on Census 2022","2033","23 years","Male","Method - M2","Number","40186"
"Population Projections based on Census 2022","2033","23 years","Female","Method - M2","Number","39793"
"Population Projections based on Census 2022","2033","24 years","Male","Method - M2","Number","39540"
"Population Projections based on Census 2022","2033","24 years","Female","Method - M2","Number","39304"
"Population Projections based on Census 2022","2033","25 years","Male","Method - M2","Number","39130"
"Population Projections based on Census 2022","2033","25 years","Female","Method - M2","Number","39348"
"Population Projections based on Census 2022","2033","26 years","Male","Method - M2","Number","38030"
"Population Projections based on Census 2022","2033","26 years","Female","Method - M2","Number","37976"
"Population Projections based on Census 2022","2033","27 years","Male","Method - M2","Number","37208"
"Population Projections based on Census 2022","2033","27 years","Female","Method - M2","Number","37167"
"Population Projections based on Census 2022","2033","28 years","Male","Method - M2","Number","37782"
"Population Projections based on Census 2022","2033","28 years","Female","Method - M2","Number","37213"
"Population Projections based on Census 2022","2033","29 years","Male","Method - M2","Number","37105"
"Population Projections based on Census 2022","2033","29 years","Female","Method - M2","Number","37453"
"Population Projections based on Census 2022","2033","30 years","Male","Method - M2","Number","36653"
"Population Projections based on Census 2022","2033","30 years","Female","Method - M2","Number","37009"
"Population Projections based on Census 2022","2033","31 years","Male","Method - M2","Number","36516"
"Population Projections based on Census 2022","2033","31 years","Female","Method - M2","Number","37195"
"Population Projections based on Census 2022","2033","32 years","Male","Method - M2","Number","35951"
"Population Projections based on Census 2022","2033","32 years","Female","Method - M2","Number","36392"
"Population Projections based on Census 2022","2033","33 years","Male","Method - M2","Number","36841"
"Population Projections based on Census 2022","2033","33 years","Female","Method - M2","Number","37526"
"Population Projections based on Census 2022","2033","34 years","Male","Method - M2","Number","36863"
"Population Projections based on Census 2022","2033","34 years","Female","Method - M2","Number","37232"
"Population Projections based on Census 2022","2033","35 years","Male","Method - M2","Number","36609"
"Population Projections based on Census 2022","2033","35 years","Female","Method - M2","Number","37021"
"Population Projections based on Census 2022","2033","36 years","Male","Method - M2","Number","36126"
"Population Projections based on Census 2022","2033","36 years","Female","Method - M2","Number","36799"
"Population Projections based on Census 2022","2033","37 years","Male","Method - M2","Number","35132"
"Population Projections based on Census 2022","2033","37 years","Female","Method - M2","Number","36042"
"Population Projections based on Census 2022","2033","38 years","Male","Method - M2","Number","34731"
"Population Projections based on Census 2022","2033","38 years","Female","Method - M2","Number","36536"
"Population Projections based on Census 2022","2033","39 years","Male","Method - M2","Number","34257"
"Population Projections based on Census 2022","2033","39 years","Female","Method - M2","Number","36567"
"Population Projections based on Census 2022","2033","40 years","Male","Method - M2","Number","35131"
"Population Projections based on Census 2022","2033","40 years","Female","Method - M2","Number","37618"
"Population Projections based on Census 2022","2033","41 years","Male","Method - M2","Number","36061"
"Population Projections based on Census 2022","2033","41 years","Female","Method - M2","Number","39771"
"Population Projections based on Census 2022","2033","42 years","Male","Method - M2","Number","37097"
"Population Projections based on Census 2022","2033","42 years","Female","Method - M2","Number","40413"
"Population Projections based on Census 2022","2033","43 years","Male","Method - M2","Number","37192"
"Population Projections based on Census 2022","2033","43 years","Female","Method - M2","Number","41179"
"Population Projections based on Census 2022","2033","44 years","Male","Method - M2","Number","36702"
"Population Projections based on Census 2022","2033","44 years","Female","Method - M2","Number","41284"
"Population Projections based on Census 2022","2033","45 years","Male","Method - M2","Number","37595"
"Population Projections based on Census 2022","2033","45 years","Female","Method - M2","Number","42669"
"Population Projections based on Census 2022","2033","46 years","Male","Method - M2","Number","39184"
"Population Projections based on Census 2022","2033","46 years","Female","Method - M2","Number","44149"
"Population Projections based on Census 2022","2033","47 years","Male","Method - M2","Number","39677"
"Population Projections based on Census 2022","2033","47 years","Female","Method - M2","Number","44499"
"Population Projections based on Census 2022","2033","48 years","Male","Method - M2","Number","40024"
"Population Projections based on Census 2022","2033","48 years","Female","Method - M2","Number","44375"
"Population Projections based on Census 2022","2033","49 years","Male","Method - M2","Number","40943"
"Population Projections based on Census 2022","2033","49 years","Female","Method - M2","Number","45616"
"Population Projections based on Census 2022","2033","50 years","Male","Method - M2","Number","41821"
"Population Projections based on Census 2022","2033","50 years","Female","Method - M2","Number","46831"
"Population Projections based on Census 2022","2033","51 years","Male","Method - M2","Number","43545"
"Population Projections based on Census 2022","2033","51 years","Female","Method - M2","Number","47286"
"Population Projections based on Census 2022","2033","52 years","Male","Method - M2","Number","43824"
"Population Projections based on Census 2022","2033","52 years","Female","Method - M2","Number","46807"
"Population Projections based on Census 2022","2033","53 years","Male","Method - M2","Number","43633"
"Population Projections based on Census 2022","2033","53 years","Female","Method - M2","Number","45879"
"Population Projections based on Census 2022","2033","54 years","Male","Method - M2","Number","40742"
"Population Projections based on Census 2022","2033","54 years","Female","Method - M2","Number","43152"
"Population Projections based on Census 2022","2033","55 years","Male","Method - M2","Number","38673"
"Population Projections based on Census 2022","2033","55 years","Female","Method - M2","Number","40326"
"Population Projections based on Census 2022","2033","56 years","Male","Method - M2","Number","38711"
"Population Projections based on Census 2022","2033","56 years","Female","Method - M2","Number","39638"
"Population Projections based on Census 2022","2033","57 years","Male","Method - M2","Number","38048"
"Population Projections based on Census 2022","2033","57 years","Female","Method - M2","Number","39044"
"Population Projections based on Census 2022","2033","58 years","Male","Method - M2","Number","37724"
"Population Projections based on Census 2022","2033","58 years","Female","Method - M2","Number","38383"
"Population Projections based on Census 2022","2033","59 years","Male","Method - M2","Number","37220"
"Population Projections based on Census 2022","2033","59 years","Female","Method - M2","Number","38052"
"Population Projections based on Census 2022","2033","60 years","Male","Method - M2","Number","37310"
"Population Projections based on Census 2022","2033","60 years","Female","Method - M2","Number","37927"
"Population Projections based on Census 2022","2033","61 years","Male","Method - M2","Number","37029"
"Population Projections based on Census 2022","2033","61 years","Female","Method - M2","Number","37443"
"Population Projections based on Census 2022","2033","62 years","Male","Method - M2","Number","35395"
"Population Projections based on Census 2022","2033","62 years","Female","Method - M2","Number","35842"
"Population Projections based on Census 2022","2033","63 years","Male","Method - M2","Number","34755"
"Population Projections based on Census 2022","2033","63 years","Female","Method - M2","Number","35172"
"Population Projections based on Census 2022","2033","64 years","Male","Method - M2","Number","33033"
"Population Projections based on Census 2022","2033","64 years","Female","Method - M2","Number","32959"
"Population Projections based on Census 2022","2033","65 years","Male","Method - M2","Number","32182"
"Population Projections based on Census 2022","2033","65 years","Female","Method - M2","Number","32718"
"Population Projections based on Census 2022","2033","66 years","Male","Method - M2","Number","31440"
"Population Projections based on Census 2022","2033","66 years","Female","Method - M2","Number","32111"
"Population Projections based on Census 2022","2033","67 years","Male","Method - M2","Number","30291"
"Population Projections based on Census 2022","2033","67 years","Female","Method - M2","Number","31378"
"Population Projections based on Census 2022","2033","68 years","Male","Method - M2","Number","30090"
"Population Projections based on Census 2022","2033","68 years","Female","Method - M2","Number","31704"
"Population Projections based on Census 2022","2033","69 years","Male","Method - M2","Number","28764"
"Population Projections based on Census 2022","2033","69 years","Female","Method - M2","Number","30362"
"Population Projections based on Census 2022","2033","70 years","Male","Method - M2","Number","27824"
"Population Projections based on Census 2022","2033","70 years","Female","Method - M2","Number","29444"
"Population Projections based on Census 2022","2033","71 years","Male","Method - M2","Number","27194"
"Population Projections based on Census 2022","2033","71 years","Female","Method - M2","Number","28707"
"Population Projections based on Census 2022","2033","72 years","Male","Method - M2","Number","25726"
"Population Projections based on Census 2022","2033","72 years","Female","Method - M2","Number","27777"
"Population Projections based on Census 2022","2033","73 years","Male","Method - M2","Number","24703"
"Population Projections based on Census 2022","2033","73 years","Female","Method - M2","Number","26543"
"Population Projections based on Census 2022","2033","74 years","Male","Method - M2","Number","23080"
"Population Projections based on Census 2022","2033","74 years","Female","Method - M2","Number","24680"
"Population Projections based on Census 2022","2033","75 years","Male","Method - M2","Number","21805"
"Population Projections based on Census 2022","2033","75 years","Female","Method - M2","Number","24077"
"Population Projections based on Census 2022","2033","76 years","Male","Method - M2","Number","21408"
"Population Projections based on Census 2022","2033","76 years","Female","Method - M2","Number","23174"
"Population Projections based on Census 2022","2033","77 years","Male","Method - M2","Number","19841"
"Population Projections based on Census 2022","2033","77 years","Female","Method - M2","Number","22159"
"Population Projections based on Census 2022","2033","78 years","Male","Method - M2","Number","19190"
"Population Projections based on Census 2022","2033","78 years","Female","Method - M2","Number","21603"
"Population Projections based on Census 2022","2033","79 years","Male","Method - M2","Number","17779"
"Population Projections based on Census 2022","2033","79 years","Female","Method - M2","Number","19911"
"Population Projections based on Census 2022","2033","80 years","Male","Method - M2","Number","17207"
"Population Projections based on Census 2022","2033","80 years","Female","Method - M2","Number","19743"
"Population Projections based on Census 2022","2033","81 years","Male","Method - M2","Number","15831"
"Population Projections based on Census 2022","2033","81 years","Female","Method - M2","Number","18294"
"Population Projections based on Census 2022","2033","82 years","Male","Method - M2","Number","14460"
"Population Projections based on Census 2022","2033","82 years","Female","Method - M2","Number","16956"
"Population Projections based on Census 2022","2033","83 years","Male","Method - M2","Number","13465"
"Population Projections based on Census 2022","2033","83 years","Female","Method - M2","Number","16310"
"Population Projections based on Census 2022","2033","84 years","Male","Method - M2","Number","12205"
"Population Projections based on Census 2022","2033","84 years","Female","Method - M2","Number","14896"
"Population Projections based on Census 2022","2033","85 years","Male","Method - M2","Number","11072"
"Population Projections based on Census 2022","2033","85 years","Female","Method - M2","Number","13519"
"Population Projections based on Census 2022","2033","86 years","Male","Method - M2","Number","9805"
"Population Projections based on Census 2022","2033","86 years","Female","Method - M2","Number","12259"
"Population Projections based on Census 2022","2033","87 years","Male","Method - M2","Number","8351"
"Population Projections based on Census 2022","2033","87 years","Female","Method - M2","Number","11106"
"Population Projections based on Census 2022","2033","88 years","Male","Method - M2","Number","6958"
"Population Projections based on Census 2022","2033","88 years","Female","Method - M2","Number","9375"
"Population Projections based on Census 2022","2033","89 years","Male","Method - M2","Number","5793"
"Population Projections based on Census 2022","2033","89 years","Female","Method - M2","Number","7971"
"Population Projections based on Census 2022","2033","90 years","Male","Method - M2","Number","4748"
"Population Projections based on Census 2022","2033","90 years","Female","Method - M2","Number","6942"
"Population Projections based on Census 2022","2033","91 years","Male","Method - M2","Number","3727"
"Population Projections based on Census 2022","2033","91 years","Female","Method - M2","Number","5518"
"Population Projections based on Census 2022","2033","92 years","Male","Method - M2","Number","2884"
"Population Projections based on Census 2022","2033","92 years","Female","Method - M2","Number","4516"
"Population Projections based on Census 2022","2033","93 years","Male","Method - M2","Number","2297"
"Population Projections based on Census 2022","2033","93 years","Female","Method - M2","Number","3816"
"Population Projections based on Census 2022","2033","94 years","Male","Method - M2","Number","1752"
"Population Projections based on Census 2022","2033","94 years","Female","Method - M2","Number","3058"
"Population Projections based on Census 2022","2033","95 years","Male","Method - M2","Number","1250"
"Population Projections based on Census 2022","2033","95 years","Female","Method - M2","Number","2314"
"Population Projections based on Census 2022","2033","96 years","Male","Method - M2","Number","927"
"Population Projections based on Census 2022","2033","96 years","Female","Method - M2","Number","1790"
"Population Projections based on Census 2022","2033","97 years","Male","Method - M2","Number","647"
"Population Projections based on Census 2022","2033","97 years","Female","Method - M2","Number","1312"
"Population Projections based on Census 2022","2033","98 years","Male","Method - M2","Number","431"
"Population Projections based on Census 2022","2033","98 years","Female","Method - M2","Number","944"
"Population Projections based on Census 2022","2033","99 years and over","Male","Method - M2","Number","703"
"Population Projections based on Census 2022","2033","99 years and over","Female","Method - M2","Number","1659"
"Population Projections based on Census 2022","2034","Under 1 year","Male","Method - M2","Number","26390"
"Population Projections based on Census 2022","2034","Under 1 year","Female","Method - M2","Number","25045"
"Population Projections based on Census 2022","2034","1 year","Male","Method - M2","Number","26644"
"Population Projections based on Census 2022","2034","1 year","Female","Method - M2","Number","25297"
"Population Projections based on Census 2022","2034","2 years","Male","Method - M2","Number","26989"
"Population Projections based on Census 2022","2034","2 years","Female","Method - M2","Number","25623"
"Population Projections based on Census 2022","2034","3 years","Male","Method - M2","Number","27320"
"Population Projections based on Census 2022","2034","3 years","Female","Method - M2","Number","25928"
"Population Projections based on Census 2022","2034","4 years","Male","Method - M2","Number","27644"
"Population Projections based on Census 2022","2034","4 years","Female","Method - M2","Number","26249"
"Population Projections based on Census 2022","2034","5 years","Male","Method - M2","Number","28008"
"Population Projections based on Census 2022","2034","5 years","Female","Method - M2","Number","26562"
"Population Projections based on Census 2022","2034","6 years","Male","Method - M2","Number","28444"
"Population Projections based on Census 2022","2034","6 years","Female","Method - M2","Number","26973"
"Population Projections based on Census 2022","2034","7 years","Male","Method - M2","Number","28984"
"Population Projections based on Census 2022","2034","7 years","Female","Method - M2","Number","27483"
"Population Projections based on Census 2022","2034","8 years","Male","Method - M2","Number","29563"
"Population Projections based on Census 2022","2034","8 years","Female","Method - M2","Number","28037"
"Population Projections based on Census 2022","2034","9 years","Male","Method - M2","Number","30074"
"Population Projections based on Census 2022","2034","9 years","Female","Method - M2","Number","28517"
"Population Projections based on Census 2022","2034","10 years","Male","Method - M2","Number","30600"
"Population Projections based on Census 2022","2034","10 years","Female","Method - M2","Number","29020"
"Population Projections based on Census 2022","2034","11 years","Male","Method - M2","Number","31971"
"Population Projections based on Census 2022","2034","11 years","Female","Method - M2","Number","30309"
"Population Projections based on Census 2022","2034","12 years","Male","Method - M2","Number","32068"
"Population Projections based on Census 2022","2034","12 years","Female","Method - M2","Number","30496"
"Population Projections based on Census 2022","2034","13 years","Male","Method - M2","Number","31485"
"Population Projections based on Census 2022","2034","13 years","Female","Method - M2","Number","29975"
"Population Projections based on Census 2022","2034","14 years","Male","Method - M2","Number","32675"
"Population Projections based on Census 2022","2034","14 years","Female","Method - M2","Number","31235"
"Population Projections based on Census 2022","2034","15 years","Male","Method - M2","Number","33381"
"Population Projections based on Census 2022","2034","15 years","Female","Method - M2","Number","31884"
"Population Projections based on Census 2022","2034","16 years","Male","Method - M2","Number","34010"
"Population Projections based on Census 2022","2034","16 years","Female","Method - M2","Number","32339"
"Population Projections based on Census 2022","2034","17 years","Male","Method - M2","Number","34970"
"Population Projections based on Census 2022","2034","17 years","Female","Method - M2","Number","33898"
"Population Projections based on Census 2022","2034","18 years","Male","Method - M2","Number","36239"
"Population Projections based on Census 2022","2034","18 years","Female","Method - M2","Number","35230"
"Population Projections based on Census 2022","2034","19 years","Male","Method - M2","Number","37466"
"Population Projections based on Census 2022","2034","19 years","Female","Method - M2","Number","36200"
"Population Projections based on Census 2022","2034","20 years","Male","Method - M2","Number","38183"
"Population Projections based on Census 2022","2034","20 years","Female","Method - M2","Number","37114"
"Population Projections based on Census 2022","2034","21 years","Male","Method - M2","Number","38708"
"Population Projections based on Census 2022","2034","21 years","Female","Method - M2","Number","37849"
"Population Projections based on Census 2022","2034","22 years","Male","Method - M2","Number","39636"
"Population Projections based on Census 2022","2034","22 years","Female","Method - M2","Number","38663"
"Population Projections based on Census 2022","2034","23 years","Male","Method - M2","Number","39637"
"Population Projections based on Census 2022","2034","23 years","Female","Method - M2","Number","39388"
"Population Projections based on Census 2022","2034","24 years","Male","Method - M2","Number","40167"
"Population Projections based on Census 2022","2034","24 years","Female","Method - M2","Number","39854"
"Population Projections based on Census 2022","2034","25 years","Male","Method - M2","Number","40042"
"Population Projections based on Census 2022","2034","25 years","Female","Method - M2","Number","39902"
"Population Projections based on Census 2022","2034","26 years","Male","Method - M2","Number","39587"
"Population Projections based on Census 2022","2034","26 years","Female","Method - M2","Number","39917"
"Population Projections based on Census 2022","2034","27 years","Male","Method - M2","Number","38461"
"Population Projections based on Census 2022","2034","27 years","Female","Method - M2","Number","38528"
"Population Projections based on Census 2022","2034","28 years","Male","Method - M2","Number","37630"
"Population Projections based on Census 2022","2034","28 years","Female","Method - M2","Number","37689"
"Population Projections based on Census 2022","2034","29 years","Male","Method - M2","Number","38189"
"Population Projections based on Census 2022","2034","29 years","Female","Method - M2","Number","37694"
"Population Projections based on Census 2022","2034","30 years","Male","Method - M2","Number","37480"
"Population Projections based on Census 2022","2034","30 years","Female","Method - M2","Number","37921"
"Population Projections based on Census 2022","2034","31 years","Male","Method - M2","Number","37015"
"Population Projections based on Census 2022","2034","31 years","Female","Method - M2","Number","37459"
"Population Projections based on Census 2022","2034","32 years","Male","Method - M2","Number","36856"
"Population Projections based on Census 2022","2034","32 years","Female","Method - M2","Number","37649"
"Population Projections based on Census 2022","2034","33 years","Male","Method - M2","Number","36261"
"Population Projections based on Census 2022","2034","33 years","Female","Method - M2","Number","36836"
"Population Projections based on Census 2022","2034","34 years","Male","Method - M2","Number","37177"
"Population Projections based on Census 2022","2034","34 years","Female","Method - M2","Number","37988"
"Population Projections based on Census 2022","2034","35 years","Male","Method - M2","Number","37147"
"Population Projections based on Census 2022","2034","35 years","Female","Method - M2","Number","37664"
"Population Projections based on Census 2022","2034","36 years","Male","Method - M2","Number","36898"
"Population Projections based on Census 2022","2034","36 years","Female","Method - M2","Number","37455"
"Population Projections based on Census 2022","2034","37 years","Male","Method - M2","Number","36391"
"Population Projections based on Census 2022","2034","37 years","Female","Method - M2","Number","37210"
"Population Projections based on Census 2022","2034","38 years","Male","Method - M2","Number","35388"
"Population Projections based on Census 2022","2034","38 years","Female","Method - M2","Number","36459"
"Population Projections based on Census 2022","2034","39 years","Male","Method - M2","Number","34999"
"Population Projections based on Census 2022","2034","39 years","Female","Method - M2","Number","36973"
"Population Projections based on Census 2022","2034","40 years","Male","Method - M2","Number","34537"
"Population Projections based on Census 2022","2034","40 years","Female","Method - M2","Number","37004"
"Population Projections based on Census 2022","2034","41 years","Male","Method - M2","Number","35403"
"Population Projections based on Census 2022","2034","41 years","Female","Method - M2","Number","38073"
"Population Projections based on Census 2022","2034","42 years","Male","Method - M2","Number","36379"
"Population Projections based on Census 2022","2034","42 years","Female","Method - M2","Number","40249"
"Population Projections based on Census 2022","2034","43 years","Male","Method - M2","Number","37413"
"Population Projections based on Census 2022","2034","43 years","Female","Method - M2","Number","40891"
"Population Projections based on Census 2022","2034","44 years","Male","Method - M2","Number","37523"
"Population Projections based on Census 2022","2034","44 years","Female","Method - M2","Number","41654"
"Population Projections based on Census 2022","2034","45 years","Male","Method - M2","Number","36728"
"Population Projections based on Census 2022","2034","45 years","Female","Method - M2","Number","41305"
"Population Projections based on Census 2022","2034","46 years","Male","Method - M2","Number","37591"
"Population Projections based on Census 2022","2034","46 years","Female","Method - M2","Number","42692"
"Population Projections based on Census 2022","2034","47 years","Male","Method - M2","Number","39195"
"Population Projections based on Census 2022","2034","47 years","Female","Method - M2","Number","44169"
"Population Projections based on Census 2022","2034","48 years","Male","Method - M2","Number","39697"
"Population Projections based on Census 2022","2034","48 years","Female","Method - M2","Number","44541"
"Population Projections based on Census 2022","2034","49 years","Male","Method - M2","Number","40064"
"Population Projections based on Census 2022","2034","49 years","Female","Method - M2","Number","44418"
"Population Projections based on Census 2022","2034","50 years","Male","Method - M2","Number","40976"
"Population Projections based on Census 2022","2034","50 years","Female","Method - M2","Number","45662"
"Population Projections based on Census 2022","2034","51 years","Male","Method - M2","Number","41848"
"Population Projections based on Census 2022","2034","51 years","Female","Method - M2","Number","46869"
"Population Projections based on Census 2022","2034","52 years","Male","Method - M2","Number","43568"
"Population Projections based on Census 2022","2034","52 years","Female","Method - M2","Number","47314"
"Population Projections based on Census 2022","2034","53 years","Male","Method - M2","Number","43835"
"Population Projections based on Census 2022","2034","53 years","Female","Method - M2","Number","46831"
"Population Projections based on Census 2022","2034","54 years","Male","Method - M2","Number","43649"
"Population Projections based on Census 2022","2034","54 years","Female","Method - M2","Number","45905"
"Population Projections based on Census 2022","2034","55 years","Male","Method - M2","Number","40749"
"Population Projections based on Census 2022","2034","55 years","Female","Method - M2","Number","43185"
"Population Projections based on Census 2022","2034","56 years","Male","Method - M2","Number","38683"
"Population Projections based on Census 2022","2034","56 years","Female","Method - M2","Number","40356"
"Population Projections based on Census 2022","2034","57 years","Male","Method - M2","Number","38708"
"Population Projections based on Census 2022","2034","57 years","Female","Method - M2","Number","39654"
"Population Projections based on Census 2022","2034","58 years","Male","Method - M2","Number","38034"
"Population Projections based on Census 2022","2034","58 years","Female","Method - M2","Number","39064"
"Population Projections based on Census 2022","2034","59 years","Male","Method - M2","Number","37698"
"Population Projections based on Census 2022","2034","59 years","Female","Method - M2","Number","38413"
"Population Projections based on Census 2022","2034","60 years","Male","Method - M2","Number","37186"
"Population Projections based on Census 2022","2034","60 years","Female","Method - M2","Number","38070"
"Population Projections based on Census 2022","2034","61 years","Male","Method - M2","Number","37271"
"Population Projections based on Census 2022","2034","61 years","Female","Method - M2","Number","37927"
"Population Projections based on Census 2022","2034","62 years","Male","Method - M2","Number","36963"
"Population Projections based on Census 2022","2034","62 years","Female","Method - M2","Number","37431"
"Population Projections based on Census 2022","2034","63 years","Male","Method - M2","Number","35345"
"Population Projections based on Census 2022","2034","63 years","Female","Method - M2","Number","35831"
"Population Projections based on Census 2022","2034","64 years","Male","Method - M2","Number","34683"
"Population Projections based on Census 2022","2034","64 years","Female","Method - M2","Number","35153"
"Population Projections based on Census 2022","2034","65 years","Male","Method - M2","Number","32775"
"Population Projections based on Census 2022","2034","65 years","Female","Method - M2","Number","32811"
"Population Projections based on Census 2022","2034","66 years","Male","Method - M2","Number","31924"
"Population Projections based on Census 2022","2034","66 years","Female","Method - M2","Number","32550"
"Population Projections based on Census 2022","2034","67 years","Male","Method - M2","Number","31173"
"Population Projections based on Census 2022","2034","67 years","Female","Method - M2","Number","31948"
"Population Projections based on Census 2022","2034","68 years","Male","Method - M2","Number","30006"
"Population Projections based on Census 2022","2034","68 years","Female","Method - M2","Number","31206"
"Population Projections based on Census 2022","2034","69 years","Male","Method - M2","Number","29771"
"Population Projections based on Census 2022","2034","69 years","Female","Method - M2","Number","31500"
"Population Projections based on Census 2022","2034","70 years","Male","Method - M2","Number","28431"
"Population Projections based on Census 2022","2034","70 years","Female","Method - M2","Number","30155"
"Population Projections based on Census 2022","2034","71 years","Male","Method - M2","Number","27470"
"Population Projections based on Census 2022","2034","71 years","Female","Method - M2","Number","29210"
"Population Projections based on Census 2022","2034","72 years","Male","Method - M2","Number","26808"
"Population Projections based on Census 2022","2034","72 years","Female","Method - M2","Number","28455"
"Population Projections based on Census 2022","2034","73 years","Male","Method - M2","Number","25308"
"Population Projections based on Census 2022","2034","73 years","Female","Method - M2","Number","27493"
"Population Projections based on Census 2022","2034","74 years","Male","Method - M2","Number","24249"
"Population Projections based on Census 2022","2034","74 years","Female","Method - M2","Number","26242"
"Population Projections based on Census 2022","2034","75 years","Male","Method - M2","Number","22599"
"Population Projections based on Census 2022","2034","75 years","Female","Method - M2","Number","24358"
"Population Projections based on Census 2022","2034","76 years","Male","Method - M2","Number","21263"
"Population Projections based on Census 2022","2034","76 years","Female","Method - M2","Number","23695"
"Population Projections based on Census 2022","2034","77 years","Male","Method - M2","Number","20807"
"Population Projections based on Census 2022","2034","77 years","Female","Method - M2","Number","22755"
"Population Projections based on Census 2022","2034","78 years","Male","Method - M2","Number","19223"
"Population Projections based on Census 2022","2034","78 years","Female","Method - M2","Number","21706"
"Population Projections based on Census 2022","2034","79 years","Male","Method - M2","Number","18525"
"Population Projections based on Census 2022","2034","79 years","Female","Method - M2","Number","21107"
"Population Projections based on Census 2022","2034","80 years","Male","Method - M2","Number","17096"
"Population Projections based on Census 2022","2034","80 years","Female","Method - M2","Number","19391"
"Population Projections based on Census 2022","2034","81 years","Male","Method - M2","Number","16472"
"Population Projections based on Census 2022","2034","81 years","Female","Method - M2","Number","19156"
"Population Projections based on Census 2022","2034","82 years","Male","Method - M2","Number","15072"
"Population Projections based on Census 2022","2034","82 years","Female","Method - M2","Number","17669"
"Population Projections based on Census 2022","2034","83 years","Male","Method - M2","Number","13662"
"Population Projections based on Census 2022","2034","83 years","Female","Method - M2","Number","16282"
"Population Projections based on Census 2022","2034","84 years","Male","Method - M2","Number","12623"
"Population Projections based on Census 2022","2034","84 years","Female","Method - M2","Number","15570"
"Population Projections based on Census 2022","2034","85 years","Male","Method - M2","Number","11346"
"Population Projections based on Census 2022","2034","85 years","Female","Method - M2","Number","14124"
"Population Projections based on Census 2022","2034","86 years","Male","Method - M2","Number","10185"
"Population Projections based on Census 2022","2034","86 years","Female","Method - M2","Number","12706"
"Population Projections based on Census 2022","2034","87 years","Male","Method - M2","Number","8928"
"Population Projections based on Census 2022","2034","87 years","Female","Method - M2","Number","11427"
"Population Projections based on Census 2022","2034","88 years","Male","Method - M2","Number","7518"
"Population Projections based on Census 2022","2034","88 years","Female","Method - M2","Number","10253"
"Population Projections based on Census 2022","2034","89 years","Male","Method - M2","Number","6187"
"Population Projections based on Census 2022","2034","89 years","Female","Method - M2","Number","8565"
"Population Projections based on Census 2022","2034","90 years","Male","Method - M2","Number","5088"
"Population Projections based on Census 2022","2034","90 years","Female","Method - M2","Number","7198"
"Population Projections based on Census 2022","2034","91 years","Male","Method - M2","Number","4107"
"Population Projections based on Census 2022","2034","91 years","Female","Method - M2","Number","6189"
"Population Projections based on Census 2022","2034","92 years","Male","Method - M2","Number","3171"
"Population Projections based on Census 2022","2034","92 years","Female","Method - M2","Number","4844"
"Population Projections based on Census 2022","2034","93 years","Male","Method - M2","Number","2397"
"Population Projections based on Census 2022","2034","93 years","Female","Method - M2","Number","3886"
"Population Projections based on Census 2022","2034","94 years","Male","Method - M2","Number","1865"
"Population Projections based on Census 2022","2034","94 years","Female","Method - M2","Number","3211"
"Population Projections based on Census 2022","2034","95 years","Male","Method - M2","Number","1390"
"Population Projections based on Census 2022","2034","95 years","Female","Method - M2","Number","2510"
"Population Projections based on Census 2022","2034","96 years","Male","Method - M2","Number","959"
"Population Projections based on Census 2022","2034","96 years","Female","Method - M2","Number","1841"
"Population Projections based on Census 2022","2034","97 years","Male","Method - M2","Number","691"
"Population Projections based on Census 2022","2034","97 years","Female","Method - M2","Number","1383"
"Population Projections based on Census 2022","2034","98 years","Male","Method - M2","Number","467"
"Population Projections based on Census 2022","2034","98 years","Female","Method - M2","Number","985"
"Population Projections based on Census 2022","2034","99 years and over","Male","Method - M2","Number","752"
"Population Projections based on Census 2022","2034","99 years and over","Female","Method - M2","Number","1755"
"Population Projections based on Census 2022","2035","Under 1 year","Male","Method - M2","Number","26357"
"Population Projections based on Census 2022","2035","Under 1 year","Female","Method - M2","Number","25012"
"Population Projections based on Census 2022","2035","1 year","Male","Method - M2","Number","26568"
"Population Projections based on Census 2022","2035","1 year","Female","Method - M2","Number","25224"
"Population Projections based on Census 2022","2035","2 years","Male","Method - M2","Number","26831"
"Population Projections based on Census 2022","2035","2 years","Female","Method - M2","Number","25473"
"Population Projections based on Census 2022","2035","3 years","Male","Method - M2","Number","27153"
"Population Projections based on Census 2022","2035","3 years","Female","Method - M2","Number","25769"
"Population Projections based on Census 2022","2035","4 years","Male","Method - M2","Number","27479"
"Population Projections based on Census 2022","2035","4 years","Female","Method - M2","Number","26091"
"Population Projections based on Census 2022","2035","5 years","Male","Method - M2","Number","27825"
"Population Projections based on Census 2022","2035","5 years","Female","Method - M2","Number","26389"
"Population Projections based on Census 2022","2035","6 years","Male","Method - M2","Number","28173"
"Population Projections based on Census 2022","2035","6 years","Female","Method - M2","Number","26718"
"Population Projections based on Census 2022","2035","7 years","Male","Method - M2","Number","28604"
"Population Projections based on Census 2022","2035","7 years","Female","Method - M2","Number","27118"
"Population Projections based on Census 2022","2035","8 years","Male","Method - M2","Number","29129"
"Population Projections based on Census 2022","2035","8 years","Female","Method - M2","Number","27629"
"Population Projections based on Census 2022","2035","9 years","Male","Method - M2","Number","29713"
"Population Projections based on Census 2022","2035","9 years","Female","Method - M2","Number","28174"
"Population Projections based on Census 2022","2035","10 years","Male","Method - M2","Number","30226"
"Population Projections based on Census 2022","2035","10 years","Female","Method - M2","Number","28668"
"Population Projections based on Census 2022","2035","11 years","Male","Method - M2","Number","30758"
"Population Projections based on Census 2022","2035","11 years","Female","Method - M2","Number","29162"
"Population Projections based on Census 2022","2035","12 years","Male","Method - M2","Number","32128"
"Population Projections based on Census 2022","2035","12 years","Female","Method - M2","Number","30458"
"Population Projections based on Census 2022","2035","13 years","Male","Method - M2","Number","32224"
"Population Projections based on Census 2022","2035","13 years","Female","Method - M2","Number","30652"
"Population Projections based on Census 2022","2035","14 years","Male","Method - M2","Number","31590"
"Population Projections based on Census 2022","2035","14 years","Female","Method - M2","Number","30075"
"Population Projections based on Census 2022","2035","15 years","Male","Method - M2","Number","32757"
"Population Projections based on Census 2022","2035","15 years","Female","Method - M2","Number","31466"
"Population Projections based on Census 2022","2035","16 years","Male","Method - M2","Number","33467"
"Population Projections based on Census 2022","2035","16 years","Female","Method - M2","Number","32120"
"Population Projections based on Census 2022","2035","17 years","Male","Method - M2","Number","34125"
"Population Projections based on Census 2022","2035","17 years","Female","Method - M2","Number","32523"
"Population Projections based on Census 2022","2035","18 years","Male","Method - M2","Number","35022"
"Population Projections based on Census 2022","2035","18 years","Female","Method - M2","Number","34073"
"Population Projections based on Census 2022","2035","19 years","Male","Method - M2","Number","36262"
"Population Projections based on Census 2022","2035","19 years","Female","Method - M2","Number","35402"
"Population Projections based on Census 2022","2035","20 years","Male","Method - M2","Number","37474"
"Population Projections based on Census 2022","2035","20 years","Female","Method - M2","Number","36351"
"Population Projections based on Census 2022","2035","21 years","Male","Method - M2","Number","38175"
"Population Projections based on Census 2022","2035","21 years","Female","Method - M2","Number","37219"
"Population Projections based on Census 2022","2035","22 years","Male","Method - M2","Number","38687"
"Population Projections based on Census 2022","2035","22 years","Female","Method - M2","Number","37935"
"Population Projections based on Census 2022","2035","23 years","Male","Method - M2","Number","39604"
"Population Projections based on Census 2022","2035","23 years","Female","Method - M2","Number","38753"
"Population Projections based on Census 2022","2035","24 years","Male","Method - M2","Number","39619"
"Population Projections based on Census 2022","2035","24 years","Female","Method - M2","Number","39449"
"Population Projections based on Census 2022","2035","25 years","Male","Method - M2","Number","40669"
"Population Projections based on Census 2022","2035","25 years","Female","Method - M2","Number","40453"
"Population Projections based on Census 2022","2035","26 years","Male","Method - M2","Number","40499"
"Population Projections based on Census 2022","2035","26 years","Female","Method - M2","Number","40471"
"Population Projections based on Census 2022","2035","27 years","Male","Method - M2","Number","40018"
"Population Projections based on Census 2022","2035","27 years","Female","Method - M2","Number","40469"
"Population Projections based on Census 2022","2035","28 years","Male","Method - M2","Number","38882"
"Population Projections based on Census 2022","2035","28 years","Female","Method - M2","Number","39050"
"Population Projections based on Census 2022","2035","29 years","Male","Method - M2","Number","38038"
"Population Projections based on Census 2022","2035","29 years","Female","Method - M2","Number","38170"
"Population Projections based on Census 2022","2035","30 years","Male","Method - M2","Number","38564"
"Population Projections based on Census 2022","2035","30 years","Female","Method - M2","Number","38162"
"Population Projections based on Census 2022","2035","31 years","Male","Method - M2","Number","37842"
"Population Projections based on Census 2022","2035","31 years","Female","Method - M2","Number","38371"
"Population Projections based on Census 2022","2035","32 years","Male","Method - M2","Number","37355"
"Population Projections based on Census 2022","2035","32 years","Female","Method - M2","Number","37913"
"Population Projections based on Census 2022","2035","33 years","Male","Method - M2","Number","37166"
"Population Projections based on Census 2022","2035","33 years","Female","Method - M2","Number","38093"
"Population Projections based on Census 2022","2035","34 years","Male","Method - M2","Number","36598"
"Population Projections based on Census 2022","2035","34 years","Female","Method - M2","Number","37298"
"Population Projections based on Census 2022","2035","35 years","Male","Method - M2","Number","37461"
"Population Projections based on Census 2022","2035","35 years","Female","Method - M2","Number","38420"
"Population Projections based on Census 2022","2035","36 years","Male","Method - M2","Number","37436"
"Population Projections based on Census 2022","2035","36 years","Female","Method - M2","Number","38098"
"Population Projections based on Census 2022","2035","37 years","Male","Method - M2","Number","37163"
"Population Projections based on Census 2022","2035","37 years","Female","Method - M2","Number","37866"
"Population Projections based on Census 2022","2035","38 years","Male","Method - M2","Number","36646"
"Population Projections based on Census 2022","2035","38 years","Female","Method - M2","Number","37627"
"Population Projections based on Census 2022","2035","39 years","Male","Method - M2","Number","35656"
"Population Projections based on Census 2022","2035","39 years","Female","Method - M2","Number","36896"
"Population Projections based on Census 2022","2035","40 years","Male","Method - M2","Number","35279"
"Population Projections based on Census 2022","2035","40 years","Female","Method - M2","Number","37411"
"Population Projections based on Census 2022","2035","41 years","Male","Method - M2","Number","34810"
"Population Projections based on Census 2022","2035","41 years","Female","Method - M2","Number","37459"
"Population Projections based on Census 2022","2035","42 years","Male","Method - M2","Number","35723"
"Population Projections based on Census 2022","2035","42 years","Female","Method - M2","Number","38553"
"Population Projections based on Census 2022","2035","43 years","Male","Method - M2","Number","36697"
"Population Projections based on Census 2022","2035","43 years","Female","Method - M2","Number","40728"
"Population Projections based on Census 2022","2035","44 years","Male","Method - M2","Number","37745"
"Population Projections based on Census 2022","2035","44 years","Female","Method - M2","Number","41367"
"Population Projections based on Census 2022","2035","45 years","Male","Method - M2","Number","37549"
"Population Projections based on Census 2022","2035","45 years","Female","Method - M2","Number","41675"
"Population Projections based on Census 2022","2035","46 years","Male","Method - M2","Number","36726"
"Population Projections based on Census 2022","2035","46 years","Female","Method - M2","Number","41330"
"Population Projections based on Census 2022","2035","47 years","Male","Method - M2","Number","37605"
"Population Projections based on Census 2022","2035","47 years","Female","Method - M2","Number","42714"
"Population Projections based on Census 2022","2035","48 years","Male","Method - M2","Number","39218"
"Population Projections based on Census 2022","2035","48 years","Female","Method - M2","Number","44212"
"Population Projections based on Census 2022","2035","49 years","Male","Method - M2","Number","39739"
"Population Projections based on Census 2022","2035","49 years","Female","Method - M2","Number","44585"
"Population Projections based on Census 2022","2035","50 years","Male","Method - M2","Number","40100"
"Population Projections based on Census 2022","2035","50 years","Female","Method - M2","Number","44466"
"Population Projections based on Census 2022","2035","51 years","Male","Method - M2","Number","41006"
"Population Projections based on Census 2022","2035","51 years","Female","Method - M2","Number","45703"
"Population Projections based on Census 2022","2035","52 years","Male","Method - M2","Number","41877"
"Population Projections based on Census 2022","2035","52 years","Female","Method - M2","Number","46899"
"Population Projections based on Census 2022","2035","53 years","Male","Method - M2","Number","43583"
"Population Projections based on Census 2022","2035","53 years","Female","Method - M2","Number","47338"
"Population Projections based on Census 2022","2035","54 years","Male","Method - M2","Number","43852"
"Population Projections based on Census 2022","2035","54 years","Female","Method - M2","Number","46856"
"Population Projections based on Census 2022","2035","55 years","Male","Method - M2","Number","43649"
"Population Projections based on Census 2022","2035","55 years","Female","Method - M2","Number","45934"
"Population Projections based on Census 2022","2035","56 years","Male","Method - M2","Number","40755"
"Population Projections based on Census 2022","2035","56 years","Female","Method - M2","Number","43210"
"Population Projections based on Census 2022","2035","57 years","Male","Method - M2","Number","38684"
"Population Projections based on Census 2022","2035","57 years","Female","Method - M2","Number","40373"
"Population Projections based on Census 2022","2035","58 years","Male","Method - M2","Number","38694"
"Population Projections based on Census 2022","2035","58 years","Female","Method - M2","Number","39674"
"Population Projections based on Census 2022","2035","59 years","Male","Method - M2","Number","38011"
"Population Projections based on Census 2022","2035","59 years","Female","Method - M2","Number","39095"
"Population Projections based on Census 2022","2035","60 years","Male","Method - M2","Number","37665"
"Population Projections based on Census 2022","2035","60 years","Female","Method - M2","Number","38433"
"Population Projections based on Census 2022","2035","61 years","Male","Method - M2","Number","37152"
"Population Projections based on Census 2022","2035","61 years","Female","Method - M2","Number","38072"
"Population Projections based on Census 2022","2035","62 years","Male","Method - M2","Number","37208"
"Population Projections based on Census 2022","2035","62 years","Female","Method - M2","Number","37916"
"Population Projections based on Census 2022","2035","63 years","Male","Method - M2","Number","36908"
"Population Projections based on Census 2022","2035","63 years","Female","Method - M2","Number","37417"
"Population Projections based on Census 2022","2035","64 years","Male","Method - M2","Number","35274"
"Population Projections based on Census 2022","2035","64 years","Female","Method - M2","Number","35812"
"Population Projections based on Census 2022","2035","65 years","Male","Method - M2","Number","34418"
"Population Projections based on Census 2022","2035","65 years","Female","Method - M2","Number","34998"
"Population Projections based on Census 2022","2035","66 years","Male","Method - M2","Number","32517"
"Population Projections based on Census 2022","2035","66 years","Female","Method - M2","Number","32645"
"Population Projections based on Census 2022","2035","67 years","Male","Method - M2","Number","31658"
"Population Projections based on Census 2022","2035","67 years","Female","Method - M2","Number","32388"
"Population Projections based on Census 2022","2035","68 years","Male","Method - M2","Number","30886"
"Population Projections based on Census 2022","2035","68 years","Female","Method - M2","Number","31777"
"Population Projections based on Census 2022","2035","69 years","Male","Method - M2","Number","29695"
"Population Projections based on Census 2022","2035","69 years","Female","Method - M2","Number","31010"
"Population Projections based on Census 2022","2035","70 years","Male","Method - M2","Number","29432"
"Population Projections based on Census 2022","2035","70 years","Female","Method - M2","Number","31289"
"Population Projections based on Census 2022","2035","71 years","Male","Method - M2","Number","28076"
"Population Projections based on Census 2022","2035","71 years","Female","Method - M2","Number","29920"
"Population Projections based on Census 2022","2035","72 years","Male","Method - M2","Number","27088"
"Population Projections based on Census 2022","2035","72 years","Female","Method - M2","Number","28959"
"Population Projections based on Census 2022","2035","73 years","Male","Method - M2","Number","26381"
"Population Projections based on Census 2022","2035","73 years","Female","Method - M2","Number","28170"
"Population Projections based on Census 2022","2035","74 years","Male","Method - M2","Number","24852"
"Population Projections based on Census 2022","2035","74 years","Female","Method - M2","Number","27187"
"Population Projections based on Census 2022","2035","75 years","Male","Method - M2","Number","23753"
"Population Projections based on Census 2022","2035","75 years","Female","Method - M2","Number","25905"
"Population Projections based on Census 2022","2035","76 years","Male","Method - M2","Number","22048"
"Population Projections based on Census 2022","2035","76 years","Female","Method - M2","Number","23979"
"Population Projections based on Census 2022","2035","77 years","Male","Method - M2","Number","20678"
"Population Projections based on Census 2022","2035","77 years","Female","Method - M2","Number","23275"
"Population Projections based on Census 2022","2035","78 years","Male","Method - M2","Number","20171"
"Population Projections based on Census 2022","2035","78 years","Female","Method - M2","Number","22299"
"Population Projections based on Census 2022","2035","79 years","Male","Method - M2","Number","18571"
"Population Projections based on Census 2022","2035","79 years","Female","Method - M2","Number","21217"
"Population Projections based on Census 2022","2035","80 years","Male","Method - M2","Number","17827"
"Population Projections based on Census 2022","2035","80 years","Female","Method - M2","Number","20566"
"Population Projections based on Census 2022","2035","81 years","Male","Method - M2","Number","16381"
"Population Projections based on Census 2022","2035","81 years","Female","Method - M2","Number","18827"
"Population Projections based on Census 2022","2035","82 years","Male","Method - M2","Number","15697"
"Population Projections based on Census 2022","2035","82 years","Female","Method - M2","Number","18515"
"Population Projections based on Census 2022","2035","83 years","Male","Method - M2","Number","14256"
"Population Projections based on Census 2022","2035","83 years","Female","Method - M2","Number","16980"
"Population Projections based on Census 2022","2035","84 years","Male","Method - M2","Number","12825"
"Population Projections based on Census 2022","2035","84 years","Female","Method - M2","Number","15559"
"Population Projections based on Census 2022","2035","85 years","Male","Method - M2","Number","11752"
"Population Projections based on Census 2022","2035","85 years","Female","Method - M2","Number","14778"
"Population Projections based on Census 2022","2035","86 years","Male","Method - M2","Number","10456"
"Population Projections based on Census 2022","2035","86 years","Female","Method - M2","Number","13292"
"Population Projections based on Census 2022","2035","87 years","Male","Method - M2","Number","9292"
"Population Projections based on Census 2022","2035","87 years","Female","Method - M2","Number","11861"
"Population Projections based on Census 2022","2035","88 years","Male","Method - M2","Number","8055"
"Population Projections based on Census 2022","2035","88 years","Female","Method - M2","Number","10567"
"Population Projections based on Census 2022","2035","89 years","Male","Method - M2","Number","6701"
"Population Projections based on Census 2022","2035","89 years","Female","Method - M2","Number","9384"
"Population Projections based on Census 2022","2035","90 years","Male","Method - M2","Number","5448"
"Population Projections based on Census 2022","2035","90 years","Female","Method - M2","Number","7750"
"Population Projections based on Census 2022","2035","91 years","Male","Method - M2","Number","4413"
"Population Projections based on Census 2022","2035","91 years","Female","Method - M2","Number","6433"
"Population Projections based on Census 2022","2035","92 years","Male","Method - M2","Number","3504"
"Population Projections based on Census 2022","2035","92 years","Female","Method - M2","Number","5446"
"Population Projections based on Census 2022","2035","93 years","Male","Method - M2","Number","2643"
"Population Projections based on Census 2022","2035","93 years","Female","Method - M2","Number","4178"
"Population Projections based on Census 2022","2035","94 years","Male","Method - M2","Number","1952"
"Population Projections based on Census 2022","2035","94 years","Female","Method - M2","Number","3279"
"Population Projections based on Census 2022","2035","95 years","Male","Method - M2","Number","1483"
"Population Projections based on Census 2022","2035","95 years","Female","Method - M2","Number","2642"
"Population Projections based on Census 2022","2035","96 years","Male","Method - M2","Number","1068"
"Population Projections based on Census 2022","2035","96 years","Female","Method - M2","Number","2002"
"Population Projections based on Census 2022","2035","97 years","Male","Method - M2","Number","717"
"Population Projections based on Census 2022","2035","97 years","Female","Method - M2","Number","1426"
"Population Projections based on Census 2022","2035","98 years","Male","Method - M2","Number","499"
"Population Projections based on Census 2022","2035","98 years","Female","Method - M2","Number","1040"
"Population Projections based on Census 2022","2035","99 years and over","Male","Method - M2","Number","807"
"Population Projections based on Census 2022","2035","99 years and over","Female","Method - M2","Number","1846"
"Population Projections based on Census 2022","2036","Under 1 year","Male","Method - M2","Number","26304"
"Population Projections based on Census 2022","2036","Under 1 year","Female","Method - M2","Number","24963"
"Population Projections based on Census 2022","2036","1 year","Male","Method - M2","Number","26535"
"Population Projections based on Census 2022","2036","1 year","Female","Method - M2","Number","25191"
"Population Projections based on Census 2022","2036","2 years","Male","Method - M2","Number","26755"
"Population Projections based on Census 2022","2036","2 years","Female","Method - M2","Number","25400"
"Population Projections based on Census 2022","2036","3 years","Male","Method - M2","Number","26995"
"Population Projections based on Census 2022","2036","3 years","Female","Method - M2","Number","25619"
"Population Projections based on Census 2022","2036","4 years","Male","Method - M2","Number","27313"
"Population Projections based on Census 2022","2036","4 years","Female","Method - M2","Number","25932"
"Population Projections based on Census 2022","2036","5 years","Male","Method - M2","Number","27659"
"Population Projections based on Census 2022","2036","5 years","Female","Method - M2","Number","26231"
"Population Projections based on Census 2022","2036","6 years","Male","Method - M2","Number","27990"
"Population Projections based on Census 2022","2036","6 years","Female","Method - M2","Number","26545"
"Population Projections based on Census 2022","2036","7 years","Male","Method - M2","Number","28333"
"Population Projections based on Census 2022","2036","7 years","Female","Method - M2","Number","26863"
"Population Projections based on Census 2022","2036","8 years","Male","Method - M2","Number","28749"
"Population Projections based on Census 2022","2036","8 years","Female","Method - M2","Number","27264"
"Population Projections based on Census 2022","2036","9 years","Male","Method - M2","Number","29279"
"Population Projections based on Census 2022","2036","9 years","Female","Method - M2","Number","27766"
"Population Projections based on Census 2022","2036","10 years","Male","Method - M2","Number","29866"
"Population Projections based on Census 2022","2036","10 years","Female","Method - M2","Number","28325"
"Population Projections based on Census 2022","2036","11 years","Male","Method - M2","Number","30384"
"Population Projections based on Census 2022","2036","11 years","Female","Method - M2","Number","28810"
"Population Projections based on Census 2022","2036","12 years","Male","Method - M2","Number","30915"
"Population Projections based on Census 2022","2036","12 years","Female","Method - M2","Number","29311"
"Population Projections based on Census 2022","2036","13 years","Male","Method - M2","Number","32284"
"Population Projections based on Census 2022","2036","13 years","Female","Method - M2","Number","30614"
"Population Projections based on Census 2022","2036","14 years","Male","Method - M2","Number","32329"
"Population Projections based on Census 2022","2036","14 years","Female","Method - M2","Number","30752"
"Population Projections based on Census 2022","2036","15 years","Male","Method - M2","Number","31673"
"Population Projections based on Census 2022","2036","15 years","Female","Method - M2","Number","30306"
"Population Projections based on Census 2022","2036","16 years","Male","Method - M2","Number","32843"
"Population Projections based on Census 2022","2036","16 years","Female","Method - M2","Number","31702"
"Population Projections based on Census 2022","2036","17 years","Male","Method - M2","Number","33582"
"Population Projections based on Census 2022","2036","17 years","Female","Method - M2","Number","32304"
"Population Projections based on Census 2022","2036","18 years","Male","Method - M2","Number","34178"
"Population Projections based on Census 2022","2036","18 years","Female","Method - M2","Number","32698"
"Population Projections based on Census 2022","2036","19 years","Male","Method - M2","Number","35045"
"Population Projections based on Census 2022","2036","19 years","Female","Method - M2","Number","34245"
"Population Projections based on Census 2022","2036","20 years","Male","Method - M2","Number","36271"
"Population Projections based on Census 2022","2036","20 years","Female","Method - M2","Number","35553"
"Population Projections based on Census 2022","2036","21 years","Male","Method - M2","Number","37466"
"Population Projections based on Census 2022","2036","21 years","Female","Method - M2","Number","36456"
"Population Projections based on Census 2022","2036","22 years","Male","Method - M2","Number","38155"
"Population Projections based on Census 2022","2036","22 years","Female","Method - M2","Number","37305"
"Population Projections based on Census 2022","2036","23 years","Male","Method - M2","Number","38655"
"Population Projections based on Census 2022","2036","23 years","Female","Method - M2","Number","38025"
"Population Projections based on Census 2022","2036","24 years","Male","Method - M2","Number","39586"
"Population Projections based on Census 2022","2036","24 years","Female","Method - M2","Number","38814"
"Population Projections based on Census 2022","2036","25 years","Male","Method - M2","Number","40122"
"Population Projections based on Census 2022","2036","25 years","Female","Method - M2","Number","40048"
"Population Projections based on Census 2022","2036","26 years","Male","Method - M2","Number","41126"
"Population Projections based on Census 2022","2036","26 years","Female","Method - M2","Number","41022"
"Population Projections based on Census 2022","2036","27 years","Male","Method - M2","Number","40930"
"Population Projections based on Census 2022","2036","27 years","Female","Method - M2","Number","41023"
"Population Projections based on Census 2022","2036","28 years","Male","Method - M2","Number","40439"
"Population Projections based on Census 2022","2036","28 years","Female","Method - M2","Number","40991"
"Population Projections based on Census 2022","2036","29 years","Male","Method - M2","Number","39290"
"Population Projections based on Census 2022","2036","29 years","Female","Method - M2","Number","39530"
"Population Projections based on Census 2022","2036","30 years","Male","Method - M2","Number","38413"
"Population Projections based on Census 2022","2036","30 years","Female","Method - M2","Number","38638"
"Population Projections based on Census 2022","2036","31 years","Male","Method - M2","Number","38926"
"Population Projections based on Census 2022","2036","31 years","Female","Method - M2","Number","38611"
"Population Projections based on Census 2022","2036","32 years","Male","Method - M2","Number","38182"
"Population Projections based on Census 2022","2036","32 years","Female","Method - M2","Number","38825"
"Population Projections based on Census 2022","2036","33 years","Male","Method - M2","Number","37665"
"Population Projections based on Census 2022","2036","33 years","Female","Method - M2","Number","38358"
"Population Projections based on Census 2022","2036","34 years","Male","Method - M2","Number","37502"
"Population Projections based on Census 2022","2036","34 years","Female","Method - M2","Number","38555"
"Population Projections based on Census 2022","2036","35 years","Male","Method - M2","Number","36883"
"Population Projections based on Census 2022","2036","35 years","Female","Method - M2","Number","37731"
"Population Projections based on Census 2022","2036","36 years","Male","Method - M2","Number","37750"
"Population Projections based on Census 2022","2036","36 years","Female","Method - M2","Number","38854"
"Population Projections based on Census 2022","2036","37 years","Male","Method - M2","Number","37701"
"Population Projections based on Census 2022","2036","37 years","Female","Method - M2","Number","38509"
"Population Projections based on Census 2022","2036","38 years","Male","Method - M2","Number","37418"
"Population Projections based on Census 2022","2036","38 years","Female","Method - M2","Number","38283"
"Population Projections based on Census 2022","2036","39 years","Male","Method - M2","Number","36913"
"Population Projections based on Census 2022","2036","39 years","Female","Method - M2","Number","38065"
"Population Projections based on Census 2022","2036","40 years","Male","Method - M2","Number","35936"
"Population Projections based on Census 2022","2036","40 years","Female","Method - M2","Number","37334"
"Population Projections based on Census 2022","2036","41 years","Male","Method - M2","Number","35552"
"Population Projections based on Census 2022","2036","41 years","Female","Method - M2","Number","37867"
"Population Projections based on Census 2022","2036","42 years","Male","Method - M2","Number","35131"
"Population Projections based on Census 2022","2036","42 years","Female","Method - M2","Number","37939"
"Population Projections based on Census 2022","2036","43 years","Male","Method - M2","Number","36042"
"Population Projections based on Census 2022","2036","43 years","Female","Method - M2","Number","39034"
"Population Projections based on Census 2022","2036","44 years","Male","Method - M2","Number","37030"
"Population Projections based on Census 2022","2036","44 years","Female","Method - M2","Number","41205"
"Population Projections based on Census 2022","2036","45 years","Male","Method - M2","Number","37771"
"Population Projections based on Census 2022","2036","45 years","Female","Method - M2","Number","41389"
"Population Projections based on Census 2022","2036","46 years","Male","Method - M2","Number","37548"
"Population Projections based on Census 2022","2036","46 years","Female","Method - M2","Number","41700"
"Population Projections based on Census 2022","2036","47 years","Male","Method - M2","Number","36742"
"Population Projections based on Census 2022","2036","47 years","Female","Method - M2","Number","41354"
"Population Projections based on Census 2022","2036","48 years","Male","Method - M2","Number","37632"
"Population Projections based on Census 2022","2036","48 years","Female","Method - M2","Number","42759"
"Population Projections based on Census 2022","2036","49 years","Male","Method - M2","Number","39262"
"Population Projections based on Census 2022","2036","49 years","Female","Method - M2","Number","44258"
"Population Projections based on Census 2022","2036","50 years","Male","Method - M2","Number","39777"
"Population Projections based on Census 2022","2036","50 years","Female","Method - M2","Number","44634"
"Population Projections based on Census 2022","2036","51 years","Male","Method - M2","Number","40134"
"Population Projections based on Census 2022","2036","51 years","Female","Method - M2","Number","44510"
"Population Projections based on Census 2022","2036","52 years","Male","Method - M2","Number","41039"
"Population Projections based on Census 2022","2036","52 years","Female","Method - M2","Number","45736"
"Population Projections based on Census 2022","2036","53 years","Male","Method - M2","Number","41898"
"Population Projections based on Census 2022","2036","53 years","Female","Method - M2","Number","46925"
"Population Projections based on Census 2022","2036","54 years","Male","Method - M2","Number","43604"
"Population Projections based on Census 2022","2036","54 years","Female","Method - M2","Number","47364"
"Population Projections based on Census 2022","2036","55 years","Male","Method - M2","Number","43854"
"Population Projections based on Census 2022","2036","55 years","Female","Method - M2","Number","46885"
"Population Projections based on Census 2022","2036","56 years","Male","Method - M2","Number","43648"
"Population Projections based on Census 2022","2036","56 years","Female","Method - M2","Number","45955"
"Population Projections based on Census 2022","2036","57 years","Male","Method - M2","Number","40750"
"Population Projections based on Census 2022","2036","57 years","Female","Method - M2","Number","43222"
"Population Projections based on Census 2022","2036","58 years","Male","Method - M2","Number","38673"
"Population Projections based on Census 2022","2036","58 years","Female","Method - M2","Number","40393"
"Population Projections based on Census 2022","2036","59 years","Male","Method - M2","Number","38671"
"Population Projections based on Census 2022","2036","59 years","Female","Method - M2","Number","39705"
"Population Projections based on Census 2022","2036","60 years","Male","Method - M2","Number","37980"
"Population Projections based on Census 2022","2036","60 years","Female","Method - M2","Number","39115"
"Population Projections based on Census 2022","2036","61 years","Male","Method - M2","Number","37632"
"Population Projections based on Census 2022","2036","61 years","Female","Method - M2","Number","38436"
"Population Projections based on Census 2022","2036","62 years","Male","Method - M2","Number","37094"
"Population Projections based on Census 2022","2036","62 years","Female","Method - M2","Number","38063"
"Population Projections based on Census 2022","2036","63 years","Male","Method - M2","Number","37155"
"Population Projections based on Census 2022","2036","63 years","Female","Method - M2","Number","37903"
"Population Projections based on Census 2022","2036","64 years","Male","Method - M2","Number","36832"
"Population Projections based on Census 2022","2036","64 years","Female","Method - M2","Number","37394"
"Population Projections based on Census 2022","2036","65 years","Male","Method - M2","Number","35010"
"Population Projections based on Census 2022","2036","65 years","Female","Method - M2","Number","35657"
"Population Projections based on Census 2022","2036","66 years","Male","Method - M2","Number","34152"
"Population Projections based on Census 2022","2036","66 years","Female","Method - M2","Number","34825"
"Population Projections based on Census 2022","2036","67 years","Male","Method - M2","Number","32251"
"Population Projections based on Census 2022","2036","67 years","Female","Method - M2","Number","32487"
"Population Projections based on Census 2022","2036","68 years","Male","Method - M2","Number","31373"
"Population Projections based on Census 2022","2036","68 years","Female","Method - M2","Number","32218"
"Population Projections based on Census 2022","2036","69 years","Male","Method - M2","Number","30572"
"Population Projections based on Census 2022","2036","69 years","Female","Method - M2","Number","31581"
"Population Projections based on Census 2022","2036","70 years","Male","Method - M2","Number","29365"
"Population Projections based on Census 2022","2036","70 years","Female","Method - M2","Number","30808"
"Population Projections based on Census 2022","2036","71 years","Male","Method - M2","Number","29071"
"Population Projections based on Census 2022","2036","71 years","Female","Method - M2","Number","31050"
"Population Projections based on Census 2022","2036","72 years","Male","Method - M2","Number","27694"
"Population Projections based on Census 2022","2036","72 years","Female","Method - M2","Number","29668"
"Population Projections based on Census 2022","2036","73 years","Male","Method - M2","Number","26665"
"Population Projections based on Census 2022","2036","73 years","Female","Method - M2","Number","28675"
"Population Projections based on Census 2022","2036","74 years","Male","Method - M2","Number","25914"
"Population Projections based on Census 2022","2036","74 years","Female","Method - M2","Number","27863"
"Population Projections based on Census 2022","2036","75 years","Male","Method - M2","Number","24353"
"Population Projections based on Census 2022","2036","75 years","Female","Method - M2","Number","26844"
"Population Projections based on Census 2022","2036","76 years","Male","Method - M2","Number","23185"
"Population Projections based on Census 2022","2036","76 years","Female","Method - M2","Number","25510"
"Population Projections based on Census 2022","2036","77 years","Male","Method - M2","Number","21453"
"Population Projections based on Census 2022","2036","77 years","Female","Method - M2","Number","23562"
"Population Projections based on Census 2022","2036","78 years","Male","Method - M2","Number","20060"
"Population Projections based on Census 2022","2036","78 years","Female","Method - M2","Number","22818"
"Population Projections based on Census 2022","2036","79 years","Male","Method - M2","Number","19500"
"Population Projections based on Census 2022","2036","79 years","Female","Method - M2","Number","21807"
"Population Projections based on Census 2022","2036","80 years","Male","Method - M2","Number","17886"
"Population Projections based on Census 2022","2036","80 years","Female","Method - M2","Number","20684"
"Population Projections based on Census 2022","2036","81 years","Male","Method - M2","Number","17095"
"Population Projections based on Census 2022","2036","81 years","Female","Method - M2","Number","19979"
"Population Projections based on Census 2022","2036","82 years","Male","Method - M2","Number","15627"
"Population Projections based on Census 2022","2036","82 years","Female","Method - M2","Number","18210"
"Population Projections based on Census 2022","2036","83 years","Male","Method - M2","Number","14863"
"Population Projections based on Census 2022","2036","83 years","Female","Method - M2","Number","17807"
"Population Projections based on Census 2022","2036","84 years","Male","Method - M2","Number","13399"
"Population Projections based on Census 2022","2036","84 years","Female","Method - M2","Number","16240"
"Population Projections based on Census 2022","2036","85 years","Male","Method - M2","Number","11958"
"Population Projections based on Census 2022","2036","85 years","Female","Method - M2","Number","14784"
"Population Projections based on Census 2022","2036","86 years","Male","Method - M2","Number","10848"
"Population Projections based on Census 2022","2036","86 years","Female","Method - M2","Number","13924"
"Population Projections based on Census 2022","2036","87 years","Male","Method - M2","Number","9557"
"Population Projections based on Census 2022","2036","87 years","Female","Method - M2","Number","12425"
"Population Projections based on Census 2022","2036","88 years","Male","Method - M2","Number","8401"
"Population Projections based on Census 2022","2036","88 years","Female","Method - M2","Number","10986"
"Population Projections based on Census 2022","2036","89 years","Male","Method - M2","Number","7196"
"Population Projections based on Census 2022","2036","89 years","Female","Method - M2","Number","9689"
"Population Projections based on Census 2022","2036","90 years","Male","Method - M2","Number","5915"
"Population Projections based on Census 2022","2036","90 years","Female","Method - M2","Number","8507"
"Population Projections based on Census 2022","2036","91 years","Male","Method - M2","Number","4739"
"Population Projections based on Census 2022","2036","91 years","Female","Method - M2","Number","6941"
"Population Projections based on Census 2022","2036","92 years","Male","Method - M2","Number","3776"
"Population Projections based on Census 2022","2036","92 years","Female","Method - M2","Number","5674"
"Population Projections based on Census 2022","2036","93 years","Male","Method - M2","Number","2929"
"Population Projections based on Census 2022","2036","93 years","Female","Method - M2","Number","4708"
"Population Projections based on Census 2022","2036","94 years","Male","Method - M2","Number","2158"
"Population Projections based on Census 2022","2036","94 years","Female","Method - M2","Number","3533"
"Population Projections based on Census 2022","2036","95 years","Male","Method - M2","Number","1556"
"Population Projections based on Census 2022","2036","95 years","Female","Method - M2","Number","2705"
"Population Projections based on Census 2022","2036","96 years","Male","Method - M2","Number","1142"
"Population Projections based on Census 2022","2036","96 years","Female","Method - M2","Number","2112"
"Population Projections based on Census 2022","2036","97 years","Male","Method - M2","Number","799"
"Population Projections based on Census 2022","2036","97 years","Female","Method - M2","Number","1553"
"Population Projections based on Census 2022","2036","98 years","Male","Method - M2","Number","519"
"Population Projections based on Census 2022","2036","98 years","Female","Method - M2","Number","1074"
"Population Projections based on Census 2022","2036","99 years and over","Male","Method - M2","Number","862"
"Population Projections based on Census 2022","2036","99 years and over","Female","Method - M2","Number","1945"
"Population Projections based on Census 2022","2037","Under 1 year","Male","Method - M2","Number","26252"
"Population Projections based on Census 2022","2037","Under 1 year","Female","Method - M2","Number","24914"
"Population Projections based on Census 2022","2037","1 year","Male","Method - M2","Number","26482"
"Population Projections based on Census 2022","2037","1 year","Female","Method - M2","Number","25143"
"Population Projections based on Census 2022","2037","2 years","Male","Method - M2","Number","26722"
"Population Projections based on Census 2022","2037","2 years","Female","Method - M2","Number","25367"
"Population Projections based on Census 2022","2037","3 years","Male","Method - M2","Number","26919"
"Population Projections based on Census 2022","2037","3 years","Female","Method - M2","Number","25546"
"Population Projections based on Census 2022","2037","4 years","Male","Method - M2","Number","27154"
"Population Projections based on Census 2022","2037","4 years","Female","Method - M2","Number","25782"
"Population Projections based on Census 2022","2037","5 years","Male","Method - M2","Number","27494"
"Population Projections based on Census 2022","2037","5 years","Female","Method - M2","Number","26072"
"Population Projections based on Census 2022","2037","6 years","Male","Method - M2","Number","27824"
"Population Projections based on Census 2022","2037","6 years","Female","Method - M2","Number","26387"
"Population Projections based on Census 2022","2037","7 years","Male","Method - M2","Number","28150"
"Population Projections based on Census 2022","2037","7 years","Female","Method - M2","Number","26690"
"Population Projections based on Census 2022","2037","8 years","Male","Method - M2","Number","28478"
"Population Projections based on Census 2022","2037","8 years","Female","Method - M2","Number","27009"
"Population Projections based on Census 2022","2037","9 years","Male","Method - M2","Number","28899"
"Population Projections based on Census 2022","2037","9 years","Female","Method - M2","Number","27401"
"Population Projections based on Census 2022","2037","10 years","Male","Method - M2","Number","29432"
"Population Projections based on Census 2022","2037","10 years","Female","Method - M2","Number","27917"
"Population Projections based on Census 2022","2037","11 years","Male","Method - M2","Number","30024"
"Population Projections based on Census 2022","2037","11 years","Female","Method - M2","Number","28467"
"Population Projections based on Census 2022","2037","12 years","Male","Method - M2","Number","30541"
"Population Projections based on Census 2022","2037","12 years","Female","Method - M2","Number","28959"
"Population Projections based on Census 2022","2037","13 years","Male","Method - M2","Number","31071"
"Population Projections based on Census 2022","2037","13 years","Female","Method - M2","Number","29467"
"Population Projections based on Census 2022","2037","14 years","Male","Method - M2","Number","32389"
"Population Projections based on Census 2022","2037","14 years","Female","Method - M2","Number","30714"
"Population Projections based on Census 2022","2037","15 years","Male","Method - M2","Number","32411"
"Population Projections based on Census 2022","2037","15 years","Female","Method - M2","Number","30983"
"Population Projections based on Census 2022","2037","16 years","Male","Method - M2","Number","31760"
"Population Projections based on Census 2022","2037","16 years","Female","Method - M2","Number","30543"
"Population Projections based on Census 2022","2037","17 years","Male","Method - M2","Number","32958"
"Population Projections based on Census 2022","2037","17 years","Female","Method - M2","Number","31886"
"Population Projections based on Census 2022","2037","18 years","Male","Method - M2","Number","33635"
"Population Projections based on Census 2022","2037","18 years","Female","Method - M2","Number","32479"
"Population Projections based on Census 2022","2037","19 years","Male","Method - M2","Number","34201"
"Population Projections based on Census 2022","2037","19 years","Female","Method - M2","Number","32871"
"Population Projections based on Census 2022","2037","20 years","Male","Method - M2","Number","35054"
"Population Projections based on Census 2022","2037","20 years","Female","Method - M2","Number","34396"
"Population Projections based on Census 2022","2037","21 years","Male","Method - M2","Number","36263"
"Population Projections based on Census 2022","2037","21 years","Female","Method - M2","Number","35658"
"Population Projections based on Census 2022","2037","22 years","Male","Method - M2","Number","37446"
"Population Projections based on Census 2022","2037","22 years","Female","Method - M2","Number","36543"
"Population Projections based on Census 2022","2037","23 years","Male","Method - M2","Number","38124"
"Population Projections based on Census 2022","2037","23 years","Female","Method - M2","Number","37395"
"Population Projections based on Census 2022","2037","24 years","Male","Method - M2","Number","38638"
"Population Projections based on Census 2022","2037","24 years","Female","Method - M2","Number","38086"
"Population Projections based on Census 2022","2037","25 years","Male","Method - M2","Number","40089"
"Population Projections based on Census 2022","2037","25 years","Female","Method - M2","Number","39413"
"Population Projections based on Census 2022","2037","26 years","Male","Method - M2","Number","40580"
"Population Projections based on Census 2022","2037","26 years","Female","Method - M2","Number","40617"
"Population Projections based on Census 2022","2037","27 years","Male","Method - M2","Number","41557"
"Population Projections based on Census 2022","2037","27 years","Female","Method - M2","Number","41575"
"Population Projections based on Census 2022","2037","28 years","Male","Method - M2","Number","41351"
"Population Projections based on Census 2022","2037","28 years","Female","Method - M2","Number","41545"
"Population Projections based on Census 2022","2037","29 years","Male","Method - M2","Number","40846"
"Population Projections based on Census 2022","2037","29 years","Female","Method - M2","Number","41471"
"Population Projections based on Census 2022","2037","30 years","Male","Method - M2","Number","39665"
"Population Projections based on Census 2022","2037","30 years","Female","Method - M2","Number","39998"
"Population Projections based on Census 2022","2037","31 years","Male","Method - M2","Number","38775"
"Population Projections based on Census 2022","2037","31 years","Female","Method - M2","Number","39087"
"Population Projections based on Census 2022","2037","32 years","Male","Method - M2","Number","39266"
"Population Projections based on Census 2022","2037","32 years","Female","Method - M2","Number","39065"
"Population Projections based on Census 2022","2037","33 years","Male","Method - M2","Number","38492"
"Population Projections based on Census 2022","2037","33 years","Female","Method - M2","Number","39270"
"Population Projections based on Census 2022","2037","34 years","Male","Method - M2","Number","38002"
"Population Projections based on Census 2022","2037","34 years","Female","Method - M2","Number","38820"
"Population Projections based on Census 2022","2037","35 years","Male","Method - M2","Number","37786"
"Population Projections based on Census 2022","2037","35 years","Female","Method - M2","Number","38988"
"Population Projections based on Census 2022","2037","36 years","Male","Method - M2","Number","37173"
"Population Projections based on Census 2022","2037","36 years","Female","Method - M2","Number","38165"
"Population Projections based on Census 2022","2037","37 years","Male","Method - M2","Number","38015"
"Population Projections based on Census 2022","2037","37 years","Female","Method - M2","Number","39265"
"Population Projections based on Census 2022","2037","38 years","Male","Method - M2","Number","37956"
"Population Projections based on Census 2022","2037","38 years","Female","Method - M2","Number","38926"
"Population Projections based on Census 2022","2037","39 years","Male","Method - M2","Number","37685"
"Population Projections based on Census 2022","2037","39 years","Female","Method - M2","Number","38721"
"Population Projections based on Census 2022","2037","40 years","Male","Method - M2","Number","37192"
"Population Projections based on Census 2022","2037","40 years","Female","Method - M2","Number","38503"
"Population Projections based on Census 2022","2037","41 years","Male","Method - M2","Number","36209"
"Population Projections based on Census 2022","2037","41 years","Female","Method - M2","Number","37790"
"Population Projections based on Census 2022","2037","42 years","Male","Method - M2","Number","35873"
"Population Projections based on Census 2022","2037","42 years","Female","Method - M2","Number","38348"
"Population Projections based on Census 2022","2037","43 years","Male","Method - M2","Number","35451"
"Population Projections based on Census 2022","2037","43 years","Female","Method - M2","Number","38420"
"Population Projections based on Census 2022","2037","44 years","Male","Method - M2","Number","36377"
"Population Projections based on Census 2022","2037","44 years","Female","Method - M2","Number","39512"
"Population Projections based on Census 2022","2037","45 years","Male","Method - M2","Number","37058"
"Population Projections based on Census 2022","2037","45 years","Female","Method - M2","Number","41228"
"Population Projections based on Census 2022","2037","46 years","Male","Method - M2","Number","37770"
"Population Projections based on Census 2022","2037","46 years","Female","Method - M2","Number","41415"
"Population Projections based on Census 2022","2037","47 years","Male","Method - M2","Number","37564"
"Population Projections based on Census 2022","2037","47 years","Female","Method - M2","Number","41724"
"Population Projections based on Census 2022","2037","48 years","Male","Method - M2","Number","36771"
"Population Projections based on Census 2022","2037","48 years","Female","Method - M2","Number","41402"
"Population Projections based on Census 2022","2037","49 years","Male","Method - M2","Number","37680"
"Population Projections based on Census 2022","2037","49 years","Female","Method - M2","Number","42807"
"Population Projections based on Census 2022","2037","50 years","Male","Method - M2","Number","39303"
"Population Projections based on Census 2022","2037","50 years","Female","Method - M2","Number","44309"
"Population Projections based on Census 2022","2037","51 years","Male","Method - M2","Number","39813"
"Population Projections based on Census 2022","2037","51 years","Female","Method - M2","Number","44679"
"Population Projections based on Census 2022","2037","52 years","Male","Method - M2","Number","40170"
"Population Projections based on Census 2022","2037","52 years","Female","Method - M2","Number","44546"
"Population Projections based on Census 2022","2037","53 years","Male","Method - M2","Number","41064"
"Population Projections based on Census 2022","2037","53 years","Female","Method - M2","Number","45766"
"Population Projections based on Census 2022","2037","54 years","Male","Method - M2","Number","41925"
"Population Projections based on Census 2022","2037","54 years","Female","Method - M2","Number","46953"
"Population Projections based on Census 2022","2037","55 years","Male","Method - M2","Number","43609"
"Population Projections based on Census 2022","2037","55 years","Female","Method - M2","Number","47394"
"Population Projections based on Census 2022","2037","56 years","Male","Method - M2","Number","43855"
"Population Projections based on Census 2022","2037","56 years","Female","Method - M2","Number","46906"
"Population Projections based on Census 2022","2037","57 years","Male","Method - M2","Number","43636"
"Population Projections based on Census 2022","2037","57 years","Female","Method - M2","Number","45962"
"Population Projections based on Census 2022","2037","58 years","Male","Method - M2","Number","40734"
"Population Projections based on Census 2022","2037","58 years","Female","Method - M2","Number","43237"
"Population Projections based on Census 2022","2037","59 years","Male","Method - M2","Number","38654"
"Population Projections based on Census 2022","2037","59 years","Female","Method - M2","Number","40425"
"Population Projections based on Census 2022","2037","60 years","Male","Method - M2","Number","38641"
"Population Projections based on Census 2022","2037","60 years","Female","Method - M2","Number","39725"
"Population Projections based on Census 2022","2037","61 years","Male","Method - M2","Number","37949"
"Population Projections based on Census 2022","2037","61 years","Female","Method - M2","Number","39119"
"Population Projections based on Census 2022","2037","62 years","Male","Method - M2","Number","37576"
"Population Projections based on Census 2022","2037","62 years","Female","Method - M2","Number","38429"
"Population Projections based on Census 2022","2037","63 years","Male","Method - M2","Number","37047"
"Population Projections based on Census 2022","2037","63 years","Female","Method - M2","Number","38053"
"Population Projections based on Census 2022","2037","64 years","Male","Method - M2","Number","37081"
"Population Projections based on Census 2022","2037","64 years","Female","Method - M2","Number","37882"
"Population Projections based on Census 2022","2037","65 years","Male","Method - M2","Number","36561"
"Population Projections based on Census 2022","2037","65 years","Female","Method - M2","Number","37234"
"Population Projections based on Census 2022","2037","66 years","Male","Method - M2","Number","34745"
"Population Projections based on Census 2022","2037","66 years","Female","Method - M2","Number","35484"
"Population Projections based on Census 2022","2037","67 years","Male","Method - M2","Number","33878"
"Population Projections based on Census 2022","2037","67 years","Female","Method - M2","Number","34658"
"Population Projections based on Census 2022","2037","68 years","Male","Method - M2","Number","31966"
"Population Projections based on Census 2022","2037","68 years","Female","Method - M2","Number","32321"
"Population Projections based on Census 2022","2037","69 years","Male","Method - M2","Number","31060"
"Population Projections based on Census 2022","2037","69 years","Female","Method - M2","Number","32024"
"Population Projections based on Census 2022","2037","70 years","Male","Method - M2","Number","30238"
"Population Projections based on Census 2022","2037","70 years","Female","Method - M2","Number","31379"
"Population Projections based on Census 2022","2037","71 years","Male","Method - M2","Number","29013"
"Population Projections based on Census 2022","2037","71 years","Female","Method - M2","Number","30578"
"Population Projections based on Census 2022","2037","72 years","Male","Method - M2","Number","28682"
"Population Projections based on Census 2022","2037","72 years","Female","Method - M2","Number","30792"
"Population Projections based on Census 2022","2037","73 years","Male","Method - M2","Number","27270"
"Population Projections based on Census 2022","2037","73 years","Female","Method - M2","Number","29382"
"Population Projections based on Census 2022","2037","74 years","Male","Method - M2","Number","26202"
"Population Projections based on Census 2022","2037","74 years","Female","Method - M2","Number","28368"
"Population Projections based on Census 2022","2037","75 years","Male","Method - M2","Number","25403"
"Population Projections based on Census 2022","2037","75 years","Female","Method - M2","Number","27518"
"Population Projections based on Census 2022","2037","76 years","Male","Method - M2","Number","23782"
"Population Projections based on Census 2022","2037","76 years","Female","Method - M2","Number","26442"
"Population Projections based on Census 2022","2037","77 years","Male","Method - M2","Number","22572"
"Population Projections based on Census 2022","2037","77 years","Female","Method - M2","Number","25075"
"Population Projections based on Census 2022","2037","78 years","Male","Method - M2","Number","20823"
"Population Projections based on Census 2022","2037","78 years","Female","Method - M2","Number","23109"
"Population Projections based on Census 2022","2037","79 years","Male","Method - M2","Number","19406"
"Population Projections based on Census 2022","2037","79 years","Female","Method - M2","Number","22324"
"Population Projections based on Census 2022","2037","80 years","Male","Method - M2","Number","18793"
"Population Projections based on Census 2022","2037","80 years","Female","Method - M2","Number","21270"
"Population Projections based on Census 2022","2037","81 years","Male","Method - M2","Number","17167"
"Population Projections based on Census 2022","2037","81 years","Female","Method - M2","Number","20105"
"Population Projections based on Census 2022","2037","82 years","Male","Method - M2","Number","16323"
"Population Projections based on Census 2022","2037","82 years","Female","Method - M2","Number","19336"
"Population Projections based on Census 2022","2037","83 years","Male","Method - M2","Number","14814"
"Population Projections based on Census 2022","2037","83 years","Female","Method - M2","Number","17528"
"Population Projections based on Census 2022","2037","84 years","Male","Method - M2","Number","13986"
"Population Projections based on Census 2022","2037","84 years","Female","Method - M2","Number","17045"
"Population Projections based on Census 2022","2037","85 years","Male","Method - M2","Number","12510"
"Population Projections based on Census 2022","2037","85 years","Female","Method - M2","Number","15446"
"Population Projections based on Census 2022","2037","86 years","Male","Method - M2","Number","11056"
"Population Projections based on Census 2022","2037","86 years","Female","Method - M2","Number","13947"
"Population Projections based on Census 2022","2037","87 years","Male","Method - M2","Number","9933"
"Population Projections based on Census 2022","2037","87 years","Female","Method - M2","Number","13033"
"Population Projections based on Census 2022","2037","88 years","Male","Method - M2","Number","8658"
"Population Projections based on Census 2022","2037","88 years","Female","Method - M2","Number","11525"
"Population Projections based on Census 2022","2037","89 years","Male","Method - M2","Number","7522"
"Population Projections based on Census 2022","2037","89 years","Female","Method - M2","Number","10090"
"Population Projections based on Census 2022","2037","90 years","Male","Method - M2","Number","6367"
"Population Projections based on Census 2022","2037","90 years","Female","Method - M2","Number","8801"
"Population Projections based on Census 2022","2037","91 years","Male","Method - M2","Number","5159"
"Population Projections based on Census 2022","2037","91 years","Female","Method - M2","Number","7635"
"Population Projections based on Census 2022","2037","92 years","Male","Method - M2","Number","4067"
"Population Projections based on Census 2022","2037","92 years","Female","Method - M2","Number","6136"
"Population Projections based on Census 2022","2037","93 years","Male","Method - M2","Number","3165"
"Population Projections based on Census 2022","2037","93 years","Female","Method - M2","Number","4917"
"Population Projections based on Census 2022","2037","94 years","Male","Method - M2","Number","2397"
"Population Projections based on Census 2022","2037","94 years","Female","Method - M2","Number","3990"
"Population Projections based on Census 2022","2037","95 years","Male","Method - M2","Number","1723"
"Population Projections based on Census 2022","2037","95 years","Female","Method - M2","Number","2921"
"Population Projections based on Census 2022","2037","96 years","Male","Method - M2","Number","1201"
"Population Projections based on Census 2022","2037","96 years","Female","Method - M2","Number","2167"
"Population Projections based on Census 2022","2037","97 years","Male","Method - M2","Number","855"
"Population Projections based on Census 2022","2037","97 years","Female","Method - M2","Number","1641"
"Population Projections based on Census 2022","2037","98 years","Male","Method - M2","Number","578"
"Population Projections based on Census 2022","2037","98 years","Female","Method - M2","Number","1170"
"Population Projections based on Census 2022","2037","99 years and over","Male","Method - M2","Number","910"
"Population Projections based on Census 2022","2037","99 years and over","Female","Method - M2","Number","2035"
"Population Projections based on Census 2022","2038","Under 1 year","Male","Method - M2","Number","26165"
"Population Projections based on Census 2022","2038","Under 1 year","Female","Method - M2","Number","24830"
"Population Projections based on Census 2022","2038","1 year","Male","Method - M2","Number","26430"
"Population Projections based on Census 2022","2038","1 year","Female","Method - M2","Number","25094"
"Population Projections based on Census 2022","2038","2 years","Male","Method - M2","Number","26669"
"Population Projections based on Census 2022","2038","2 years","Female","Method - M2","Number","25319"
"Population Projections based on Census 2022","2038","3 years","Male","Method - M2","Number","26886"
"Population Projections based on Census 2022","2038","3 years","Female","Method - M2","Number","25513"
"Population Projections based on Census 2022","2038","4 years","Male","Method - M2","Number","27079"
"Population Projections based on Census 2022","2038","4 years","Female","Method - M2","Number","25709"
"Population Projections based on Census 2022","2038","5 years","Male","Method - M2","Number","27335"
"Population Projections based on Census 2022","2038","5 years","Female","Method - M2","Number","25922"
"Population Projections based on Census 2022","2038","6 years","Male","Method - M2","Number","27659"
"Population Projections based on Census 2022","2038","6 years","Female","Method - M2","Number","26228"
"Population Projections based on Census 2022","2038","7 years","Male","Method - M2","Number","27984"
"Population Projections based on Census 2022","2038","7 years","Female","Method - M2","Number","26532"
"Population Projections based on Census 2022","2038","8 years","Male","Method - M2","Number","28295"
"Population Projections based on Census 2022","2038","8 years","Female","Method - M2","Number","26836"
"Population Projections based on Census 2022","2038","9 years","Male","Method - M2","Number","28628"
"Population Projections based on Census 2022","2038","9 years","Female","Method - M2","Number","27146"
"Population Projections based on Census 2022","2038","10 years","Male","Method - M2","Number","29052"
"Population Projections based on Census 2022","2038","10 years","Female","Method - M2","Number","27552"
"Population Projections based on Census 2022","2038","11 years","Male","Method - M2","Number","29590"
"Population Projections based on Census 2022","2038","11 years","Female","Method - M2","Number","28059"
"Population Projections based on Census 2022","2038","12 years","Male","Method - M2","Number","30181"
"Population Projections based on Census 2022","2038","12 years","Female","Method - M2","Number","28616"
"Population Projections based on Census 2022","2038","13 years","Male","Method - M2","Number","30697"
"Population Projections based on Census 2022","2038","13 years","Female","Method - M2","Number","29115"
"Population Projections based on Census 2022","2038","14 years","Male","Method - M2","Number","31176"
"Population Projections based on Census 2022","2038","14 years","Female","Method - M2","Number","29568"
"Population Projections based on Census 2022","2038","15 years","Male","Method - M2","Number","32471"
"Population Projections based on Census 2022","2038","15 years","Female","Method - M2","Number","30945"
"Population Projections based on Census 2022","2038","16 years","Male","Method - M2","Number","32497"
"Population Projections based on Census 2022","2038","16 years","Female","Method - M2","Number","31220"
"Population Projections based on Census 2022","2038","17 years","Male","Method - M2","Number","31876"
"Population Projections based on Census 2022","2038","17 years","Female","Method - M2","Number","30727"
"Population Projections based on Census 2022","2038","18 years","Male","Method - M2","Number","33011"
"Population Projections based on Census 2022","2038","18 years","Female","Method - M2","Number","32061"
"Population Projections based on Census 2022","2038","19 years","Male","Method - M2","Number","33659"
"Population Projections based on Census 2022","2038","19 years","Female","Method - M2","Number","32652"
"Population Projections based on Census 2022","2038","20 years","Male","Method - M2","Number","34210"
"Population Projections based on Census 2022","2038","20 years","Female","Method - M2","Number","33022"
"Population Projections based on Census 2022","2038","21 years","Male","Method - M2","Number","35047"
"Population Projections based on Census 2022","2038","21 years","Female","Method - M2","Number","34501"
"Population Projections based on Census 2022","2038","22 years","Male","Method - M2","Number","36243"
"Population Projections based on Census 2022","2038","22 years","Female","Method - M2","Number","35745"
"Population Projections based on Census 2022","2038","23 years","Male","Method - M2","Number","37416"
"Population Projections based on Census 2022","2038","23 years","Female","Method - M2","Number","36633"
"Population Projections based on Census 2022","2038","24 years","Male","Method - M2","Number","38107"
"Population Projections based on Census 2022","2038","24 years","Female","Method - M2","Number","37457"
"Population Projections based on Census 2022","2038","25 years","Male","Method - M2","Number","39141"
"Population Projections based on Census 2022","2038","25 years","Female","Method - M2","Number","38685"
"Population Projections based on Census 2022","2038","26 years","Male","Method - M2","Number","40547"
"Population Projections based on Census 2022","2038","26 years","Female","Method - M2","Number","39982"
"Population Projections based on Census 2022","2038","27 years","Male","Method - M2","Number","41011"
"Population Projections based on Census 2022","2038","27 years","Female","Method - M2","Number","41170"
"Population Projections based on Census 2022","2038","28 years","Male","Method - M2","Number","41978"
"Population Projections based on Census 2022","2038","28 years","Female","Method - M2","Number","42097"
"Population Projections based on Census 2022","2038","29 years","Male","Method - M2","Number","41758"
"Population Projections based on Census 2022","2038","29 years","Female","Method - M2","Number","42025"
"Population Projections based on Census 2022","2038","30 years","Male","Method - M2","Number","41220"
"Population Projections based on Census 2022","2038","30 years","Female","Method - M2","Number","41938"
"Population Projections based on Census 2022","2038","31 years","Male","Method - M2","Number","40028"
"Population Projections based on Census 2022","2038","31 years","Female","Method - M2","Number","40448"
"Population Projections based on Census 2022","2038","32 years","Male","Method - M2","Number","39115"
"Population Projections based on Census 2022","2038","32 years","Female","Method - M2","Number","39541"
"Population Projections based on Census 2022","2038","33 years","Male","Method - M2","Number","39577"
"Population Projections based on Census 2022","2038","33 years","Female","Method - M2","Number","39510"
"Population Projections based on Census 2022","2038","34 years","Male","Method - M2","Number","38828"
"Population Projections based on Census 2022","2038","34 years","Female","Method - M2","Number","39732"
"Population Projections based on Census 2022","2038","35 years","Male","Method - M2","Number","38287"
"Population Projections based on Census 2022","2038","35 years","Female","Method - M2","Number","39253"
"Population Projections based on Census 2022","2038","36 years","Male","Method - M2","Number","38076"
"Population Projections based on Census 2022","2038","36 years","Female","Method - M2","Number","39422"
"Population Projections based on Census 2022","2038","37 years","Male","Method - M2","Number","37439"
"Population Projections based on Census 2022","2038","37 years","Female","Method - M2","Number","38576"
"Population Projections based on Census 2022","2038","38 years","Male","Method - M2","Number","38271"
"Population Projections based on Census 2022","2038","38 years","Female","Method - M2","Number","39682"
"Population Projections based on Census 2022","2038","39 years","Male","Method - M2","Number","38223"
"Population Projections based on Census 2022","2038","39 years","Female","Method - M2","Number","39363"
"Population Projections based on Census 2022","2038","40 years","Male","Method - M2","Number","37964"
"Population Projections based on Census 2022","2038","40 years","Female","Method - M2","Number","39159"
"Population Projections based on Census 2022","2038","41 years","Male","Method - M2","Number","37465"
"Population Projections based on Census 2022","2038","41 years","Female","Method - M2","Number","38959"
"Population Projections based on Census 2022","2038","42 years","Male","Method - M2","Number","36530"
"Population Projections based on Census 2022","2038","42 years","Female","Method - M2","Number","38272"
"Population Projections based on Census 2022","2038","43 years","Male","Method - M2","Number","36193"
"Population Projections based on Census 2022","2038","43 years","Female","Method - M2","Number","38830"
"Population Projections based on Census 2022","2038","44 years","Male","Method - M2","Number","35787"
"Population Projections based on Census 2022","2038","44 years","Female","Method - M2","Number","38899"
"Population Projections based on Census 2022","2038","45 years","Male","Method - M2","Number","36407"
"Population Projections based on Census 2022","2038","45 years","Female","Method - M2","Number","39536"
"Population Projections based on Census 2022","2038","46 years","Male","Method - M2","Number","37058"
"Population Projections based on Census 2022","2038","46 years","Female","Method - M2","Number","41255"
"Population Projections based on Census 2022","2038","47 years","Male","Method - M2","Number","37787"
"Population Projections based on Census 2022","2038","47 years","Female","Method - M2","Number","41440"
"Population Projections based on Census 2022","2038","48 years","Male","Method - M2","Number","37593"
"Population Projections based on Census 2022","2038","48 years","Female","Method - M2","Number","41772"
"Population Projections based on Census 2022","2038","49 years","Male","Method - M2","Number","36821"
"Population Projections based on Census 2022","2038","49 years","Female","Method - M2","Number","41452"
"Population Projections based on Census 2022","2038","50 years","Male","Method - M2","Number","37725"
"Population Projections based on Census 2022","2038","50 years","Female","Method - M2","Number","42860"
"Population Projections based on Census 2022","2038","51 years","Male","Method - M2","Number","39342"
"Population Projections based on Census 2022","2038","51 years","Female","Method - M2","Number","44356"
"Population Projections based on Census 2022","2038","52 years","Male","Method - M2","Number","39851"
"Population Projections based on Census 2022","2038","52 years","Female","Method - M2","Number","44716"
"Population Projections based on Census 2022","2038","53 years","Male","Method - M2","Number","40199"
"Population Projections based on Census 2022","2038","53 years","Female","Method - M2","Number","44579"
"Population Projections based on Census 2022","2038","54 years","Male","Method - M2","Number","41096"
"Population Projections based on Census 2022","2038","54 years","Female","Method - M2","Number","45798"
"Population Projections based on Census 2022","2038","55 years","Male","Method - M2","Number","41938"
"Population Projections based on Census 2022","2038","55 years","Female","Method - M2","Number","46986"
"Population Projections based on Census 2022","2038","56 years","Male","Method - M2","Number","43613"
"Population Projections based on Census 2022","2038","56 years","Female","Method - M2","Number","47416"
"Population Projections based on Census 2022","2038","57 years","Male","Method - M2","Number","43845"
"Population Projections based on Census 2022","2038","57 years","Female","Method - M2","Number","46914"
"Population Projections based on Census 2022","2038","58 years","Male","Method - M2","Number","43612"
"Population Projections based on Census 2022","2038","58 years","Female","Method - M2","Number","45973"
"Population Projections based on Census 2022","2038","59 years","Male","Method - M2","Number","40709"
"Population Projections based on Census 2022","2038","59 years","Female","Method - M2","Number","43263"
"Population Projections based on Census 2022","2038","60 years","Male","Method - M2","Number","38627"
"Population Projections based on Census 2022","2038","60 years","Female","Method - M2","Number","40446"
"Population Projections based on Census 2022","2038","61 years","Male","Method - M2","Number","38611"
"Population Projections based on Census 2022","2038","61 years","Female","Method - M2","Number","39729"
"Population Projections based on Census 2022","2038","62 years","Male","Method - M2","Number","37895"
"Population Projections based on Census 2022","2038","62 years","Female","Method - M2","Number","39112"
"Population Projections based on Census 2022","2038","63 years","Male","Method - M2","Number","37530"
"Population Projections based on Census 2022","2038","63 years","Female","Method - M2","Number","38420"
"Population Projections based on Census 2022","2038","64 years","Male","Method - M2","Number","36979"
"Population Projections based on Census 2022","2038","64 years","Female","Method - M2","Number","38034"
"Population Projections based on Census 2022","2038","65 years","Male","Method - M2","Number","36813"
"Population Projections based on Census 2022","2038","65 years","Female","Method - M2","Number","37723"
"Population Projections based on Census 2022","2038","66 years","Male","Method - M2","Number","36289"
"Population Projections based on Census 2022","2038","66 years","Female","Method - M2","Number","37056"
"Population Projections based on Census 2022","2038","67 years","Male","Method - M2","Number","34471"
"Population Projections based on Census 2022","2038","67 years","Female","Method - M2","Number","35317"
"Population Projections based on Census 2022","2038","68 years","Male","Method - M2","Number","33583"
"Population Projections based on Census 2022","2038","68 years","Female","Method - M2","Number","34482"
"Population Projections based on Census 2022","2038","69 years","Male","Method - M2","Number","31653"
"Population Projections based on Census 2022","2038","69 years","Female","Method - M2","Number","32130"
"Population Projections based on Census 2022","2038","70 years","Male","Method - M2","Number","30727"
"Population Projections based on Census 2022","2038","70 years","Female","Method - M2","Number","31824"
"Population Projections based on Census 2022","2038","71 years","Male","Method - M2","Number","29882"
"Population Projections based on Census 2022","2038","71 years","Female","Method - M2","Number","31149"
"Population Projections based on Census 2022","2038","72 years","Male","Method - M2","Number","28633"
"Population Projections based on Census 2022","2038","72 years","Female","Method - M2","Number","30330"
"Population Projections based on Census 2022","2038","73 years","Male","Method - M2","Number","28250"
"Population Projections based on Census 2022","2038","73 years","Female","Method - M2","Number","30500"
"Population Projections based on Census 2022","2038","74 years","Male","Method - M2","Number","26805"
"Population Projections based on Census 2022","2038","74 years","Female","Method - M2","Number","29073"
"Population Projections based on Census 2022","2038","75 years","Male","Method - M2","Number","25696"
"Population Projections based on Census 2022","2038","75 years","Female","Method - M2","Number","28023"
"Population Projections based on Census 2022","2038","76 years","Male","Method - M2","Number","24818"
"Population Projections based on Census 2022","2038","76 years","Female","Method - M2","Number","27114"
"Population Projections based on Census 2022","2038","77 years","Male","Method - M2","Number","23165"
"Population Projections based on Census 2022","2038","77 years","Female","Method - M2","Number","26000"
"Population Projections based on Census 2022","2038","78 years","Male","Method - M2","Number","21922"
"Population Projections based on Census 2022","2038","78 years","Female","Method - M2","Number","24601"
"Population Projections based on Census 2022","2038","79 years","Male","Method - M2","Number","20156"
"Population Projections based on Census 2022","2038","79 years","Female","Method - M2","Number","22619"
"Population Projections based on Census 2022","2038","80 years","Male","Method - M2","Number","18717"
"Population Projections based on Census 2022","2038","80 years","Female","Method - M2","Number","21784"
"Population Projections based on Census 2022","2038","81 years","Male","Method - M2","Number","18051"
"Population Projections based on Census 2022","2038","81 years","Female","Method - M2","Number","20686"
"Population Projections based on Census 2022","2038","82 years","Male","Method - M2","Number","16406"
"Population Projections based on Census 2022","2038","82 years","Female","Method - M2","Number","19470"
"Population Projections based on Census 2022","2038","83 years","Male","Method - M2","Number","15489"
"Population Projections based on Census 2022","2038","83 years","Female","Method - M2","Number","18624"
"Population Projections based on Census 2022","2038","84 years","Male","Method - M2","Number","13957"
"Population Projections based on Census 2022","2038","84 years","Female","Method - M2","Number","16793"
"Population Projections based on Census 2022","2038","85 years","Male","Method - M2","Number","13075"
"Population Projections based on Census 2022","2038","85 years","Female","Method - M2","Number","16227"
"Population Projections based on Census 2022","2038","86 years","Male","Method - M2","Number","11583"
"Population Projections based on Census 2022","2038","86 years","Female","Method - M2","Number","14587"
"Population Projections based on Census 2022","2038","87 years","Male","Method - M2","Number","10141"
"Population Projections based on Census 2022","2038","87 years","Female","Method - M2","Number","13072"
"Population Projections based on Census 2022","2038","88 years","Male","Method - M2","Number","9016"
"Population Projections based on Census 2022","2038","88 years","Female","Method - M2","Number","12107"
"Population Projections based on Census 2022","2038","89 years","Male","Method - M2","Number","7769"
"Population Projections based on Census 2022","2038","89 years","Female","Method - M2","Number","10603"
"Population Projections based on Census 2022","2038","90 years","Male","Method - M2","Number","6671"
"Population Projections based on Census 2022","2038","90 years","Female","Method - M2","Number","9183"
"Population Projections based on Census 2022","2038","91 years","Male","Method - M2","Number","5568"
"Population Projections based on Census 2022","2038","91 years","Female","Method - M2","Number","7916"
"Population Projections based on Census 2022","2038","92 years","Male","Method - M2","Number","4439"
"Population Projections based on Census 2022","2038","92 years","Female","Method - M2","Number","6764"
"Population Projections based on Census 2022","2038","93 years","Male","Method - M2","Number","3418"
"Population Projections based on Census 2022","2038","93 years","Female","Method - M2","Number","5329"
"Population Projections based on Census 2022","2038","94 years","Male","Method - M2","Number","2597"
"Population Projections based on Census 2022","2038","94 years","Female","Method - M2","Number","4177"
"Population Projections based on Census 2022","2038","95 years","Male","Method - M2","Number","1918"
"Population Projections based on Census 2022","2038","95 years","Female","Method - M2","Number","3304"
"Population Projections based on Census 2022","2038","96 years","Male","Method - M2","Number","1333"
"Population Projections based on Census 2022","2038","96 years","Female","Method - M2","Number","2345"
"Population Projections based on Census 2022","2038","97 years","Male","Method - M2","Number","901"
"Population Projections based on Census 2022","2038","97 years","Female","Method - M2","Number","1687"
"Population Projections based on Census 2022","2038","98 years","Male","Method - M2","Number","619"
"Population Projections based on Census 2022","2038","98 years","Female","Method - M2","Number","1237"
"Population Projections based on Census 2022","2038","99 years and over","Male","Method - M2","Number","981"
"Population Projections based on Census 2022","2038","99 years and over","Female","Method - M2","Number","2161"
"Population Projections based on Census 2022","2039","Under 1 year","Male","Method - M2","Number","26410"
"Population Projections based on Census 2022","2039","Under 1 year","Female","Method - M2","Number","25064"
"Population Projections based on Census 2022","2039","1 year","Male","Method - M2","Number","26343"
"Population Projections based on Census 2022","2039","1 year","Female","Method - M2","Number","25010"
"Population Projections based on Census 2022","2039","2 years","Male","Method - M2","Number","26617"
"Population Projections based on Census 2022","2039","2 years","Female","Method - M2","Number","25270"
"Population Projections based on Census 2022","2039","3 years","Male","Method - M2","Number","26833"
"Population Projections based on Census 2022","2039","3 years","Female","Method - M2","Number","25466"
"Population Projections based on Census 2022","2039","4 years","Male","Method - M2","Number","27045"
"Population Projections based on Census 2022","2039","4 years","Female","Method - M2","Number","25676"
"Population Projections based on Census 2022","2039","5 years","Male","Method - M2","Number","27260"
"Population Projections based on Census 2022","2039","5 years","Female","Method - M2","Number","25849"
"Population Projections based on Census 2022","2039","6 years","Male","Method - M2","Number","27500"
"Population Projections based on Census 2022","2039","6 years","Female","Method - M2","Number","26078"
"Population Projections based on Census 2022","2039","7 years","Male","Method - M2","Number","27819"
"Population Projections based on Census 2022","2039","7 years","Female","Method - M2","Number","26373"
"Population Projections based on Census 2022","2039","8 years","Male","Method - M2","Number","28129"
"Population Projections based on Census 2022","2039","8 years","Female","Method - M2","Number","26678"
"Population Projections based on Census 2022","2039","9 years","Male","Method - M2","Number","28445"
"Population Projections based on Census 2022","2039","9 years","Female","Method - M2","Number","26973"
"Population Projections based on Census 2022","2039","10 years","Male","Method - M2","Number","28781"
"Population Projections based on Census 2022","2039","10 years","Female","Method - M2","Number","27297"
"Population Projections based on Census 2022","2039","11 years","Male","Method - M2","Number","29210"
"Population Projections based on Census 2022","2039","11 years","Female","Method - M2","Number","27694"
"Population Projections based on Census 2022","2039","12 years","Male","Method - M2","Number","29747"
"Population Projections based on Census 2022","2039","12 years","Female","Method - M2","Number","28208"
"Population Projections based on Census 2022","2039","13 years","Male","Method - M2","Number","30337"
"Population Projections based on Census 2022","2039","13 years","Female","Method - M2","Number","28772"
"Population Projections based on Census 2022","2039","14 years","Male","Method - M2","Number","30802"
"Population Projections based on Census 2022","2039","14 years","Female","Method - M2","Number","29216"
"Population Projections based on Census 2022","2039","15 years","Male","Method - M2","Number","31259"
"Population Projections based on Census 2022","2039","15 years","Female","Method - M2","Number","29799"
"Population Projections based on Census 2022","2039","16 years","Male","Method - M2","Number","32557"
"Population Projections based on Census 2022","2039","16 years","Female","Method - M2","Number","31182"
"Population Projections based on Census 2022","2039","17 years","Male","Method - M2","Number","32613"
"Population Projections based on Census 2022","2039","17 years","Female","Method - M2","Number","31404"
"Population Projections based on Census 2022","2039","18 years","Male","Method - M2","Number","31929"
"Population Projections based on Census 2022","2039","18 years","Female","Method - M2","Number","30902"
"Population Projections based on Census 2022","2039","19 years","Male","Method - M2","Number","33035"
"Population Projections based on Census 2022","2039","19 years","Female","Method - M2","Number","32234"
"Population Projections based on Census 2022","2039","20 years","Male","Method - M2","Number","33669"
"Population Projections based on Census 2022","2039","20 years","Female","Method - M2","Number","32803"
"Population Projections based on Census 2022","2039","21 years","Male","Method - M2","Number","34204"
"Population Projections based on Census 2022","2039","21 years","Female","Method - M2","Number","33127"
"Population Projections based on Census 2022","2039","22 years","Male","Method - M2","Number","35028"
"Population Projections based on Census 2022","2039","22 years","Female","Method - M2","Number","34588"
"Population Projections based on Census 2022","2039","23 years","Male","Method - M2","Number","36213"
"Population Projections based on Census 2022","2039","23 years","Female","Method - M2","Number","35836"
"Population Projections based on Census 2022","2039","24 years","Male","Method - M2","Number","37400"
"Population Projections based on Census 2022","2039","24 years","Female","Method - M2","Number","36695"
"Population Projections based on Census 2022","2039","25 years","Male","Method - M2","Number","38611"
"Population Projections based on Census 2022","2039","25 years","Female","Method - M2","Number","38056"
"Population Projections based on Census 2022","2039","26 years","Male","Method - M2","Number","39600"
"Population Projections based on Census 2022","2039","26 years","Female","Method - M2","Number","39254"
"Population Projections based on Census 2022","2039","27 years","Male","Method - M2","Number","40979"
"Population Projections based on Census 2022","2039","27 years","Female","Method - M2","Number","40535"
"Population Projections based on Census 2022","2039","28 years","Male","Method - M2","Number","41433"
"Population Projections based on Census 2022","2039","28 years","Female","Method - M2","Number","41692"
"Population Projections based on Census 2022","2039","29 years","Male","Method - M2","Number","42385"
"Population Projections based on Census 2022","2039","29 years","Female","Method - M2","Number","42577"
"Population Projections based on Census 2022","2039","30 years","Male","Method - M2","Number","42132"
"Population Projections based on Census 2022","2039","30 years","Female","Method - M2","Number","42493"
"Population Projections based on Census 2022","2039","31 years","Male","Method - M2","Number","41582"
"Population Projections based on Census 2022","2039","31 years","Female","Method - M2","Number","42387"
"Population Projections based on Census 2022","2039","32 years","Male","Method - M2","Number","40368"
"Population Projections based on Census 2022","2039","32 years","Female","Method - M2","Number","40902"
"Population Projections based on Census 2022","2039","33 years","Male","Method - M2","Number","39426"
"Population Projections based on Census 2022","2039","33 years","Female","Method - M2","Number","39985"
"Population Projections based on Census 2022","2039","34 years","Male","Method - M2","Number","39913"
"Population Projections based on Census 2022","2039","34 years","Female","Method - M2","Number","39972"
"Population Projections based on Census 2022","2039","35 years","Male","Method - M2","Number","39113"
"Population Projections based on Census 2022","2039","35 years","Female","Method - M2","Number","40165"
"Population Projections based on Census 2022","2039","36 years","Male","Method - M2","Number","38577"
"Population Projections based on Census 2022","2039","36 years","Female","Method - M2","Number","39687"
"Population Projections based on Census 2022","2039","37 years","Male","Method - M2","Number","38341"
"Population Projections based on Census 2022","2039","37 years","Female","Method - M2","Number","39833"
"Population Projections based on Census 2022","2039","38 years","Male","Method - M2","Number","37695"
"Population Projections based on Census 2022","2039","38 years","Female","Method - M2","Number","38993"
"Population Projections based on Census 2022","2039","39 years","Male","Method - M2","Number","38539"
"Population Projections based on Census 2022","2039","39 years","Female","Method - M2","Number","40120"
"Population Projections based on Census 2022","2039","40 years","Male","Method - M2","Number","38502"
"Population Projections based on Census 2022","2039","40 years","Female","Method - M2","Number","39801"
"Population Projections based on Census 2022","2039","41 years","Male","Method - M2","Number","38237"
"Population Projections based on Census 2022","2039","41 years","Female","Method - M2","Number","39615"
"Population Projections based on Census 2022","2039","42 years","Male","Method - M2","Number","37786"
"Population Projections based on Census 2022","2039","42 years","Female","Method - M2","Number","39440"
"Population Projections based on Census 2022","2039","43 years","Male","Method - M2","Number","36851"
"Population Projections based on Census 2022","2039","43 years","Female","Method - M2","Number","38754"
"Population Projections based on Census 2022","2039","44 years","Male","Method - M2","Number","36529"
"Population Projections based on Census 2022","2039","44 years","Female","Method - M2","Number","39309"
"Population Projections based on Census 2022","2039","45 years","Male","Method - M2","Number","35818"
"Population Projections based on Census 2022","2039","45 years","Female","Method - M2","Number","38925"
"Population Projections based on Census 2022","2039","46 years","Male","Method - M2","Number","36409"
"Population Projections based on Census 2022","2039","46 years","Female","Method - M2","Number","39565"
"Population Projections based on Census 2022","2039","47 years","Male","Method - M2","Number","37077"
"Population Projections based on Census 2022","2039","47 years","Female","Method - M2","Number","41281"
"Population Projections based on Census 2022","2039","48 years","Male","Method - M2","Number","37816"
"Population Projections based on Census 2022","2039","48 years","Female","Method - M2","Number","41489"
"Population Projections based on Census 2022","2039","49 years","Male","Method - M2","Number","37643"
"Population Projections based on Census 2022","2039","49 years","Female","Method - M2","Number","41822"
"Population Projections based on Census 2022","2039","50 years","Male","Method - M2","Number","36869"
"Population Projections based on Census 2022","2039","50 years","Female","Method - M2","Number","41508"
"Population Projections based on Census 2022","2039","51 years","Male","Method - M2","Number","37768"
"Population Projections based on Census 2022","2039","51 years","Female","Method - M2","Number","42909"
"Population Projections based on Census 2022","2039","52 years","Male","Method - M2","Number","39383"
"Population Projections based on Census 2022","2039","52 years","Female","Method - M2","Number","44394"
"Population Projections based on Census 2022","2039","53 years","Male","Method - M2","Number","39882"
"Population Projections based on Census 2022","2039","53 years","Female","Method - M2","Number","44750"
"Population Projections based on Census 2022","2039","54 years","Male","Method - M2","Number","40235"
"Population Projections based on Census 2022","2039","54 years","Female","Method - M2","Number","44614"
"Population Projections based on Census 2022","2039","55 years","Male","Method - M2","Number","41114"
"Population Projections based on Census 2022","2039","55 years","Female","Method - M2","Number","45834"
"Population Projections based on Census 2022","2039","56 years","Male","Method - M2","Number","41950"
"Population Projections based on Census 2022","2039","56 years","Female","Method - M2","Number","47011"
"Population Projections based on Census 2022","2039","57 years","Male","Method - M2","Number","43607"
"Population Projections based on Census 2022","2039","57 years","Female","Method - M2","Number","47424"
"Population Projections based on Census 2022","2039","58 years","Male","Method - M2","Number","43823"
"Population Projections based on Census 2022","2039","58 years","Female","Method - M2","Number","46925"
"Population Projections based on Census 2022","2039","59 years","Male","Method - M2","Number","43578"
"Population Projections based on Census 2022","2039","59 years","Female","Method - M2","Number","45994"
"Population Projections based on Census 2022","2039","60 years","Male","Method - M2","Number","40677"
"Population Projections based on Census 2022","2039","60 years","Female","Method - M2","Number","43278"
"Population Projections based on Census 2022","2039","61 years","Male","Method - M2","Number","38600"
"Population Projections based on Census 2022","2039","61 years","Female","Method - M2","Number","40450"
"Population Projections based on Census 2022","2039","62 years","Male","Method - M2","Number","38557"
"Population Projections based on Census 2022","2039","62 years","Female","Method - M2","Number","39722"
"Population Projections based on Census 2022","2039","63 years","Male","Method - M2","Number","37852"
"Population Projections based on Census 2022","2039","63 years","Female","Method - M2","Number","39103"
"Population Projections based on Census 2022","2039","64 years","Male","Method - M2","Number","37464"
"Population Projections based on Census 2022","2039","64 years","Female","Method - M2","Number","38403"
"Population Projections based on Census 2022","2039","65 years","Male","Method - M2","Number","36717"
"Population Projections based on Census 2022","2039","65 years","Female","Method - M2","Number","37878"
"Population Projections based on Census 2022","2039","66 years","Male","Method - M2","Number","36544"
"Population Projections based on Census 2022","2039","66 years","Female","Method - M2","Number","37546"
"Population Projections based on Census 2022","2039","67 years","Male","Method - M2","Number","36008"
"Population Projections based on Census 2022","2039","67 years","Female","Method - M2","Number","36884"
"Population Projections based on Census 2022","2039","68 years","Male","Method - M2","Number","34177"
"Population Projections based on Census 2022","2039","68 years","Female","Method - M2","Number","35141"
"Population Projections based on Census 2022","2039","69 years","Male","Method - M2","Number","33260"
"Population Projections based on Census 2022","2039","69 years","Female","Method - M2","Number","34281"
"Population Projections based on Census 2022","2039","70 years","Male","Method - M2","Number","31320"
"Population Projections based on Census 2022","2039","70 years","Female","Method - M2","Number","31934"
"Population Projections based on Census 2022","2039","71 years","Male","Method - M2","Number","30372"
"Population Projections based on Census 2022","2039","71 years","Female","Method - M2","Number","31595"
"Population Projections based on Census 2022","2039","72 years","Male","Method - M2","Number","29498"
"Population Projections based on Census 2022","2039","72 years","Female","Method - M2","Number","30902"
"Population Projections based on Census 2022","2039","73 years","Male","Method - M2","Number","28211"
"Population Projections based on Census 2022","2039","73 years","Female","Method - M2","Number","30050"
"Population Projections based on Census 2022","2039","74 years","Male","Method - M2","Number","27777"
"Population Projections based on Census 2022","2039","74 years","Female","Method - M2","Number","30185"
"Population Projections based on Census 2022","2039","75 years","Male","Method - M2","Number","26297"
"Population Projections based on Census 2022","2039","75 years","Female","Method - M2","Number","28726"
"Population Projections based on Census 2022","2039","76 years","Male","Method - M2","Number","25115"
"Population Projections based on Census 2022","2039","76 years","Female","Method - M2","Number","27619"
"Population Projections based on Census 2022","2039","77 years","Male","Method - M2","Number","24185"
"Population Projections based on Census 2022","2039","77 years","Female","Method - M2","Number","26669"
"Population Projections based on Census 2022","2039","78 years","Male","Method - M2","Number","22510"
"Population Projections based on Census 2022","2039","78 years","Female","Method - M2","Number","25517"
"Population Projections based on Census 2022","2039","79 years","Male","Method - M2","Number","21233"
"Population Projections based on Census 2022","2039","79 years","Female","Method - M2","Number","24088"
"Population Projections based on Census 2022","2039","80 years","Male","Method - M2","Number","19453"
"Population Projections based on Census 2022","2039","80 years","Female","Method - M2","Number","22082"
"Population Projections based on Census 2022","2039","81 years","Male","Method - M2","Number","17992"
"Population Projections based on Census 2022","2039","81 years","Female","Method - M2","Number","21197"
"Population Projections based on Census 2022","2039","82 years","Male","Method - M2","Number","17265"
"Population Projections based on Census 2022","2039","82 years","Female","Method - M2","Number","20045"
"Population Projections based on Census 2022","2039","83 years","Male","Method - M2","Number","15584"
"Population Projections based on Census 2022","2039","83 years","Female","Method - M2","Number","18767"
"Population Projections based on Census 2022","2039","84 years","Male","Method - M2","Number","14609"
"Population Projections based on Census 2022","2039","84 years","Female","Method - M2","Number","17856"
"Population Projections based on Census 2022","2039","85 years","Male","Method - M2","Number","13065"
"Population Projections based on Census 2022","2039","85 years","Female","Method - M2","Number","16003"
"Population Projections based on Census 2022","2039","86 years","Male","Method - M2","Number","12124"
"Population Projections based on Census 2022","2039","86 years","Female","Method - M2","Number","15341"
"Population Projections based on Census 2022","2039","87 years","Male","Method - M2","Number","10642"
"Population Projections based on Census 2022","2039","87 years","Female","Method - M2","Number","13689"
"Population Projections based on Census 2022","2039","88 years","Male","Method - M2","Number","9222"
"Population Projections based on Census 2022","2039","88 years","Female","Method - M2","Number","12160"
"Population Projections based on Census 2022","2039","89 years","Male","Method - M2","Number","8107"
"Population Projections based on Census 2022","2039","89 years","Female","Method - M2","Number","11156"
"Population Projections based on Census 2022","2039","90 years","Male","Method - M2","Number","6906"
"Population Projections based on Census 2022","2039","90 years","Female","Method - M2","Number","9667"
"Population Projections based on Census 2022","2039","91 years","Male","Method - M2","Number","5849"
"Population Projections based on Census 2022","2039","91 years","Female","Method - M2","Number","8276"
"Population Projections based on Census 2022","2039","92 years","Male","Method - M2","Number","4803"
"Population Projections based on Census 2022","2039","92 years","Female","Method - M2","Number","7028"
"Population Projections based on Census 2022","2039","93 years","Male","Method - M2","Number","3740"
"Population Projections based on Census 2022","2039","93 years","Female","Method - M2","Number","5887"
"Population Projections based on Census 2022","2039","94 years","Male","Method - M2","Number","2812"
"Population Projections based on Census 2022","2039","94 years","Female","Method - M2","Number","4536"
"Population Projections based on Census 2022","2039","95 years","Male","Method - M2","Number","2082"
"Population Projections based on Census 2022","2039","95 years","Female","Method - M2","Number","3467"
"Population Projections based on Census 2022","2039","96 years","Male","Method - M2","Number","1486"
"Population Projections based on Census 2022","2039","96 years","Female","Method - M2","Number","2657"
"Population Projections based on Census 2022","2039","97 years","Male","Method - M2","Number","1001"
"Population Projections based on Census 2022","2039","97 years","Female","Method - M2","Number","1828"
"Population Projections based on Census 2022","2039","98 years","Male","Method - M2","Number","653"
"Population Projections based on Census 2022","2039","98 years","Female","Method - M2","Number","1274"
"Population Projections based on Census 2022","2039","99 years and over","Male","Method - M2","Number","1052"
"Population Projections based on Census 2022","2039","99 years and over","Female","Method - M2","Number","2292"
"Population Projections based on Census 2022","2040","Under 1 year","Male","Method - M2","Number","26636"
"Population Projections based on Census 2022","2040","Under 1 year","Female","Method - M2","Number","25277"
"Population Projections based on Census 2022","2040","1 year","Male","Method - M2","Number","26589"
"Population Projections based on Census 2022","2040","1 year","Female","Method - M2","Number","25244"
"Population Projections based on Census 2022","2040","2 years","Male","Method - M2","Number","26530"
"Population Projections based on Census 2022","2040","2 years","Female","Method - M2","Number","25186"
"Population Projections based on Census 2022","2040","3 years","Male","Method - M2","Number","26781"
"Population Projections based on Census 2022","2040","3 years","Female","Method - M2","Number","25417"
"Population Projections based on Census 2022","2040","4 years","Male","Method - M2","Number","26993"
"Population Projections based on Census 2022","2040","4 years","Female","Method - M2","Number","25629"
"Population Projections based on Census 2022","2040","5 years","Male","Method - M2","Number","27226"
"Population Projections based on Census 2022","2040","5 years","Female","Method - M2","Number","25816"
"Population Projections based on Census 2022","2040","6 years","Male","Method - M2","Number","27425"
"Population Projections based on Census 2022","2040","6 years","Female","Method - M2","Number","26005"
"Population Projections based on Census 2022","2040","7 years","Male","Method - M2","Number","27660"
"Population Projections based on Census 2022","2040","7 years","Female","Method - M2","Number","26223"
"Population Projections based on Census 2022","2040","8 years","Male","Method - M2","Number","27965"
"Population Projections based on Census 2022","2040","8 years","Female","Method - M2","Number","26519"
"Population Projections based on Census 2022","2040","9 years","Male","Method - M2","Number","28279"
"Population Projections based on Census 2022","2040","9 years","Female","Method - M2","Number","26815"
"Population Projections based on Census 2022","2040","10 years","Male","Method - M2","Number","28598"
"Population Projections based on Census 2022","2040","10 years","Female","Method - M2","Number","27124"
"Population Projections based on Census 2022","2040","11 years","Male","Method - M2","Number","28939"
"Population Projections based on Census 2022","2040","11 years","Female","Method - M2","Number","27439"
"Population Projections based on Census 2022","2040","12 years","Male","Method - M2","Number","29367"
"Population Projections based on Census 2022","2040","12 years","Female","Method - M2","Number","27843"
"Population Projections based on Census 2022","2040","13 years","Male","Method - M2","Number","29903"
"Population Projections based on Census 2022","2040","13 years","Female","Method - M2","Number","28364"
"Population Projections based on Census 2022","2040","14 years","Male","Method - M2","Number","30442"
"Population Projections based on Census 2022","2040","14 years","Female","Method - M2","Number","28873"
"Population Projections based on Census 2022","2040","15 years","Male","Method - M2","Number","30885"
"Population Projections based on Census 2022","2040","15 years","Female","Method - M2","Number","29447"
"Population Projections based on Census 2022","2040","16 years","Male","Method - M2","Number","31346"
"Population Projections based on Census 2022","2040","16 years","Female","Method - M2","Number","30036"
"Population Projections based on Census 2022","2040","17 years","Male","Method - M2","Number","32673"
"Population Projections based on Census 2022","2040","17 years","Female","Method - M2","Number","31366"
"Population Projections based on Census 2022","2040","18 years","Male","Method - M2","Number","32666"
"Population Projections based on Census 2022","2040","18 years","Female","Method - M2","Number","31579"
"Population Projections based on Census 2022","2040","19 years","Male","Method - M2","Number","31953"
"Population Projections based on Census 2022","2040","19 years","Female","Method - M2","Number","31075"
"Population Projections based on Census 2022","2040","20 years","Male","Method - M2","Number","33045"
"Population Projections based on Census 2022","2040","20 years","Female","Method - M2","Number","32386"
"Population Projections based on Census 2022","2040","21 years","Male","Method - M2","Number","33663"
"Population Projections based on Census 2022","2040","21 years","Female","Method - M2","Number","32908"
"Population Projections based on Census 2022","2040","22 years","Male","Method - M2","Number","34186"
"Population Projections based on Census 2022","2040","22 years","Female","Method - M2","Number","33214"
"Population Projections based on Census 2022","2040","23 years","Male","Method - M2","Number","34999"
"Population Projections based on Census 2022","2040","23 years","Female","Method - M2","Number","34679"
"Population Projections based on Census 2022","2040","24 years","Male","Method - M2","Number","36197"
"Population Projections based on Census 2022","2040","24 years","Female","Method - M2","Number","35898"
"Population Projections based on Census 2022","2040","25 years","Male","Method - M2","Number","37905"
"Population Projections based on Census 2022","2040","25 years","Female","Method - M2","Number","37294"
"Population Projections based on Census 2022","2040","26 years","Male","Method - M2","Number","39070"
"Population Projections based on Census 2022","2040","26 years","Female","Method - M2","Number","38626"
"Population Projections based on Census 2022","2040","27 years","Male","Method - M2","Number","40032"
"Population Projections based on Census 2022","2040","27 years","Female","Method - M2","Number","39807"
"Population Projections based on Census 2022","2040","28 years","Male","Method - M2","Number","41401"
"Population Projections based on Census 2022","2040","28 years","Female","Method - M2","Number","41058"
"Population Projections based on Census 2022","2040","29 years","Male","Method - M2","Number","41841"
"Population Projections based on Census 2022","2040","29 years","Female","Method - M2","Number","42172"
"Population Projections based on Census 2022","2040","30 years","Male","Method - M2","Number","42760"
"Population Projections based on Census 2022","2040","30 years","Female","Method - M2","Number","43045"
"Population Projections based on Census 2022","2040","31 years","Male","Method - M2","Number","42494"
"Population Projections based on Census 2022","2040","31 years","Female","Method - M2","Number","42942"
"Population Projections based on Census 2022","2040","32 years","Male","Method - M2","Number","41921"
"Population Projections based on Census 2022","2040","32 years","Female","Method - M2","Number","42841"
"Population Projections based on Census 2022","2040","33 years","Male","Method - M2","Number","40679"
"Population Projections based on Census 2022","2040","33 years","Female","Method - M2","Number","41346"
"Population Projections based on Census 2022","2040","34 years","Male","Method - M2","Number","39763"
"Population Projections based on Census 2022","2040","34 years","Female","Method - M2","Number","40447"
"Population Projections based on Census 2022","2040","35 years","Male","Method - M2","Number","40198"
"Population Projections based on Census 2022","2040","35 years","Female","Method - M2","Number","40405"
"Population Projections based on Census 2022","2040","36 years","Male","Method - M2","Number","39403"
"Population Projections based on Census 2022","2040","36 years","Female","Method - M2","Number","40599"
"Population Projections based on Census 2022","2040","37 years","Male","Method - M2","Number","38843"
"Population Projections based on Census 2022","2040","37 years","Female","Method - M2","Number","40099"
"Population Projections based on Census 2022","2040","38 years","Male","Method - M2","Number","38598"
"Population Projections based on Census 2022","2040","38 years","Female","Method - M2","Number","40250"
"Population Projections based on Census 2022","2040","39 years","Male","Method - M2","Number","37963"
"Population Projections based on Census 2022","2040","39 years","Female","Method - M2","Number","39431"
"Population Projections based on Census 2022","2040","40 years","Male","Method - M2","Number","38819"
"Population Projections based on Census 2022","2040","40 years","Female","Method - M2","Number","40558"
"Population Projections based on Census 2022","2040","41 years","Male","Method - M2","Number","38775"
"Population Projections based on Census 2022","2040","41 years","Female","Method - M2","Number","40257"
"Population Projections based on Census 2022","2040","42 years","Male","Method - M2","Number","38558"
"Population Projections based on Census 2022","2040","42 years","Female","Method - M2","Number","40096"
"Population Projections based on Census 2022","2040","43 years","Male","Method - M2","Number","38106"
"Population Projections based on Census 2022","2040","43 years","Female","Method - M2","Number","39922"
"Population Projections based on Census 2022","2040","44 years","Male","Method - M2","Number","37187"
"Population Projections based on Census 2022","2040","44 years","Female","Method - M2","Number","39234"
"Population Projections based on Census 2022","2040","45 years","Male","Method - M2","Number","36560"
"Population Projections based on Census 2022","2040","45 years","Female","Method - M2","Number","39335"
"Population Projections based on Census 2022","2040","46 years","Male","Method - M2","Number","35822"
"Population Projections based on Census 2022","2040","46 years","Female","Method - M2","Number","38955"
"Population Projections based on Census 2022","2040","47 years","Male","Method - M2","Number","36429"
"Population Projections based on Census 2022","2040","47 years","Female","Method - M2","Number","39593"
"Population Projections based on Census 2022","2040","48 years","Male","Method - M2","Number","37108"
"Population Projections based on Census 2022","2040","48 years","Female","Method - M2","Number","41331"
"Population Projections based on Census 2022","2040","49 years","Male","Method - M2","Number","37867"
"Population Projections based on Census 2022","2040","49 years","Female","Method - M2","Number","41541"
"Population Projections based on Census 2022","2040","50 years","Male","Method - M2","Number","37690"
"Population Projections based on Census 2022","2040","50 years","Female","Method - M2","Number","41878"
"Population Projections based on Census 2022","2040","51 years","Male","Method - M2","Number","36915"
"Population Projections based on Census 2022","2040","51 years","Female","Method - M2","Number","41560"
"Population Projections based on Census 2022","2040","52 years","Male","Method - M2","Number","37814"
"Population Projections based on Census 2022","2040","52 years","Female","Method - M2","Number","42951"
"Population Projections based on Census 2022","2040","53 years","Male","Method - M2","Number","39417"
"Population Projections based on Census 2022","2040","53 years","Female","Method - M2","Number","44430"
"Population Projections based on Census 2022","2040","54 years","Male","Method - M2","Number","39921"
"Population Projections based on Census 2022","2040","54 years","Female","Method - M2","Number","44787"
"Population Projections based on Census 2022","2040","55 years","Male","Method - M2","Number","40258"
"Population Projections based on Census 2022","2040","55 years","Female","Method - M2","Number","44653"
"Population Projections based on Census 2022","2040","56 years","Male","Method - M2","Number","41131"
"Population Projections based on Census 2022","2040","56 years","Female","Method - M2","Number","45862"
"Population Projections based on Census 2022","2040","57 years","Male","Method - M2","Number","41952"
"Population Projections based on Census 2022","2040","57 years","Female","Method - M2","Number","47022"
"Population Projections based on Census 2022","2040","58 years","Male","Method - M2","Number","43590"
"Population Projections based on Census 2022","2040","58 years","Female","Method - M2","Number","47435"
"Population Projections based on Census 2022","2040","59 years","Male","Method - M2","Number","43791"
"Population Projections based on Census 2022","2040","59 years","Female","Method - M2","Number","46946"
"Population Projections based on Census 2022","2040","60 years","Male","Method - M2","Number","43536"
"Population Projections based on Census 2022","2040","60 years","Female","Method - M2","Number","46003"
"Population Projections based on Census 2022","2040","61 years","Male","Method - M2","Number","40644"
"Population Projections based on Census 2022","2040","61 years","Female","Method - M2","Number","43276"
"Population Projections based on Census 2022","2040","62 years","Male","Method - M2","Number","38550"
"Population Projections based on Census 2022","2040","62 years","Female","Method - M2","Number","40444"
"Population Projections based on Census 2022","2040","63 years","Male","Method - M2","Number","38514"
"Population Projections based on Census 2022","2040","63 years","Female","Method - M2","Number","39714"
"Population Projections based on Census 2022","2040","64 years","Male","Method - M2","Number","37788"
"Population Projections based on Census 2022","2040","64 years","Female","Method - M2","Number","39085"
"Population Projections based on Census 2022","2040","65 years","Male","Method - M2","Number","37204"
"Population Projections based on Census 2022","2040","65 years","Female","Method - M2","Number","38248"
"Population Projections based on Census 2022","2040","66 years","Male","Method - M2","Number","36455"
"Population Projections based on Census 2022","2040","66 years","Female","Method - M2","Number","37704"
"Population Projections based on Census 2022","2040","67 years","Male","Method - M2","Number","36266"
"Population Projections based on Census 2022","2040","67 years","Female","Method - M2","Number","37375"
"Population Projections based on Census 2022","2040","68 years","Male","Method - M2","Number","35705"
"Population Projections based on Census 2022","2040","68 years","Female","Method - M2","Number","36703"
"Population Projections based on Census 2022","2040","69 years","Male","Method - M2","Number","33854"
"Population Projections based on Census 2022","2040","69 years","Female","Method - M2","Number","34939"
"Population Projections based on Census 2022","2040","70 years","Male","Method - M2","Number","32916"
"Population Projections based on Census 2022","2040","70 years","Female","Method - M2","Number","34073"
"Population Projections based on Census 2022","2040","71 years","Male","Method - M2","Number","30965"
"Population Projections based on Census 2022","2040","71 years","Female","Method - M2","Number","31710"
"Population Projections based on Census 2022","2040","72 years","Male","Method - M2","Number","29988"
"Population Projections based on Census 2022","2040","72 years","Female","Method - M2","Number","31349"
"Population Projections based on Census 2022","2040","73 years","Male","Method - M2","Number","29070"
"Population Projections based on Census 2022","2040","73 years","Female","Method - M2","Number","30621"
"Population Projections based on Census 2022","2040","74 years","Male","Method - M2","Number","27748"
"Population Projections based on Census 2022","2040","74 years","Female","Method - M2","Number","29747"
"Population Projections based on Census 2022","2040","75 years","Male","Method - M2","Number","27259"
"Population Projections based on Census 2022","2040","75 years","Female","Method - M2","Number","29831"
"Population Projections based on Census 2022","2040","76 years","Male","Method - M2","Number","25714"
"Population Projections based on Census 2022","2040","76 years","Female","Method - M2","Number","28319"
"Population Projections based on Census 2022","2040","77 years","Male","Method - M2","Number","24487"
"Population Projections based on Census 2022","2040","77 years","Female","Method - M2","Number","27174"
"Population Projections based on Census 2022","2040","78 years","Male","Method - M2","Number","23513"
"Population Projections based on Census 2022","2040","78 years","Female","Method - M2","Number","26183"
"Population Projections based on Census 2022","2040","79 years","Male","Method - M2","Number","21815"
"Population Projections based on Census 2022","2040","79 years","Female","Method - M2","Number","24994"
"Population Projections based on Census 2022","2040","80 years","Male","Method - M2","Number","20505"
"Population Projections based on Census 2022","2040","80 years","Female","Method - M2","Number","23526"
"Population Projections based on Census 2022","2040","81 years","Male","Method - M2","Number","18713"
"Population Projections based on Census 2022","2040","81 years","Female","Method - M2","Number","21498"
"Population Projections based on Census 2022","2040","82 years","Male","Method - M2","Number","17224"
"Population Projections based on Census 2022","2040","82 years","Female","Method - M2","Number","20552"
"Population Projections based on Census 2022","2040","83 years","Male","Method - M2","Number","16415"
"Population Projections based on Census 2022","2040","83 years","Female","Method - M2","Number","19334"
"Population Projections based on Census 2022","2040","84 years","Male","Method - M2","Number","14715"
"Population Projections based on Census 2022","2040","84 years","Female","Method - M2","Number","18008"
"Population Projections based on Census 2022","2040","85 years","Male","Method - M2","Number","13691"
"Population Projections based on Census 2022","2040","85 years","Female","Method - M2","Number","17030"
"Population Projections based on Census 2022","2040","86 years","Male","Method - M2","Number","12133"
"Population Projections based on Census 2022","2040","86 years","Female","Method - M2","Number","15146"
"Population Projections based on Census 2022","2040","87 years","Male","Method - M2","Number","11156"
"Population Projections based on Census 2022","2040","87 years","Female","Method - M2","Number","14412"
"Population Projections based on Census 2022","2040","88 years","Male","Method - M2","Number","9695"
"Population Projections based on Census 2022","2040","88 years","Female","Method - M2","Number","12751"
"Population Projections based on Census 2022","2040","89 years","Male","Method - M2","Number","8309"
"Population Projections based on Census 2022","2040","89 years","Female","Method - M2","Number","11222"
"Population Projections based on Census 2022","2040","90 years","Male","Method - M2","Number","7223"
"Population Projections based on Census 2022","2040","90 years","Female","Method - M2","Number","10188"
"Population Projections based on Census 2022","2040","91 years","Male","Method - M2","Number","6070"
"Population Projections based on Census 2022","2040","91 years","Female","Method - M2","Number","8729"
"Population Projections based on Census 2022","2040","92 years","Male","Method - M2","Number","5058"
"Population Projections based on Census 2022","2040","92 years","Female","Method - M2","Number","7363"
"Population Projections based on Census 2022","2040","93 years","Male","Method - M2","Number","4057"
"Population Projections based on Census 2022","2040","93 years","Female","Method - M2","Number","6130"
"Population Projections based on Census 2022","2040","94 years","Male","Method - M2","Number","3084"
"Population Projections based on Census 2022","2040","94 years","Female","Method - M2","Number","5021"
"Population Projections based on Census 2022","2040","95 years","Male","Method - M2","Number","2259"
"Population Projections based on Census 2022","2040","95 years","Female","Method - M2","Number","3772"
"Population Projections based on Census 2022","2040","96 years","Male","Method - M2","Number","1616"
"Population Projections based on Census 2022","2040","96 years","Female","Method - M2","Number","2794"
"Population Projections based on Census 2022","2040","97 years","Male","Method - M2","Number","1117"
"Population Projections based on Census 2022","2040","97 years","Female","Method - M2","Number","2074"
"Population Projections based on Census 2022","2040","98 years","Male","Method - M2","Number","725"
"Population Projections based on Census 2022","2040","98 years","Female","Method - M2","Number","1381"
"Population Projections based on Census 2022","2040","99 years and over","Male","Method - M2","Number","1120"
"Population Projections based on Census 2022","2040","99 years and over","Female","Method - M2","Number","2404"
"Population Projections based on Census 2022","2041","Under 1 year","Male","Method - M2","Number","26828"
"Population Projections based on Census 2022","2041","Under 1 year","Female","Method - M2","Number","25461"
"Population Projections based on Census 2022","2041","1 year","Male","Method - M2","Number","26815"
"Population Projections based on Census 2022","2041","1 year","Female","Method - M2","Number","25457"
"Population Projections based on Census 2022","2041","2 years","Male","Method - M2","Number","26776"
"Population Projections based on Census 2022","2041","2 years","Female","Method - M2","Number","25420"
"Population Projections based on Census 2022","2041","3 years","Male","Method - M2","Number","26694"
"Population Projections based on Census 2022","2041","3 years","Female","Method - M2","Number","25333"
"Population Projections based on Census 2022","2041","4 years","Male","Method - M2","Number","26941"
"Population Projections based on Census 2022","2041","4 years","Female","Method - M2","Number","25580"
"Population Projections based on Census 2022","2041","5 years","Male","Method - M2","Number","27174"
"Population Projections based on Census 2022","2041","5 years","Female","Method - M2","Number","25769"
"Population Projections based on Census 2022","2041","6 years","Male","Method - M2","Number","27391"
"Population Projections based on Census 2022","2041","6 years","Female","Method - M2","Number","25972"
"Population Projections based on Census 2022","2041","7 years","Male","Method - M2","Number","27586"
"Population Projections based on Census 2022","2041","7 years","Female","Method - M2","Number","26150"
"Population Projections based on Census 2022","2041","8 years","Male","Method - M2","Number","27805"
"Population Projections based on Census 2022","2041","8 years","Female","Method - M2","Number","26369"
"Population Projections based on Census 2022","2041","9 years","Male","Method - M2","Number","28115"
"Population Projections based on Census 2022","2041","9 years","Female","Method - M2","Number","26656"
"Population Projections based on Census 2022","2041","10 years","Male","Method - M2","Number","28432"
"Population Projections based on Census 2022","2041","10 years","Female","Method - M2","Number","26966"
"Population Projections based on Census 2022","2041","11 years","Male","Method - M2","Number","28757"
"Population Projections based on Census 2022","2041","11 years","Female","Method - M2","Number","27266"
"Population Projections based on Census 2022","2041","12 years","Male","Method - M2","Number","29096"
"Population Projections based on Census 2022","2041","12 years","Female","Method - M2","Number","27588"
"Population Projections based on Census 2022","2041","13 years","Male","Method - M2","Number","29523"
"Population Projections based on Census 2022","2041","13 years","Female","Method - M2","Number","27999"
"Population Projections based on Census 2022","2041","14 years","Male","Method - M2","Number","30008"
"Population Projections based on Census 2022","2041","14 years","Female","Method - M2","Number","28465"
"Population Projections based on Census 2022","2041","15 years","Male","Method - M2","Number","30525"
"Population Projections based on Census 2022","2041","15 years","Female","Method - M2","Number","29104"
"Population Projections based on Census 2022","2041","16 years","Male","Method - M2","Number","30972"
"Population Projections based on Census 2022","2041","16 years","Female","Method - M2","Number","29684"
"Population Projections based on Census 2022","2041","17 years","Male","Method - M2","Number","31462"
"Population Projections based on Census 2022","2041","17 years","Female","Method - M2","Number","30220"
"Population Projections based on Census 2022","2041","18 years","Male","Method - M2","Number","32726"
"Population Projections based on Census 2022","2041","18 years","Female","Method - M2","Number","31541"
"Population Projections based on Census 2022","2041","19 years","Male","Method - M2","Number","32690"
"Population Projections based on Census 2022","2041","19 years","Female","Method - M2","Number","31752"
"Population Projections based on Census 2022","2041","20 years","Male","Method - M2","Number","31964"
"Population Projections based on Census 2022","2041","20 years","Female","Method - M2","Number","31227"
"Population Projections based on Census 2022","2041","21 years","Male","Method - M2","Number","33039"
"Population Projections based on Census 2022","2041","21 years","Female","Method - M2","Number","32492"
"Population Projections based on Census 2022","2041","22 years","Male","Method - M2","Number","33645"
"Population Projections based on Census 2022","2041","22 years","Female","Method - M2","Number","32995"
"Population Projections based on Census 2022","2041","23 years","Male","Method - M2","Number","34157"
"Population Projections based on Census 2022","2041","23 years","Female","Method - M2","Number","33305"
"Population Projections based on Census 2022","2041","24 years","Male","Method - M2","Number","34984"
"Population Projections based on Census 2022","2041","24 years","Female","Method - M2","Number","34741"
"Population Projections based on Census 2022","2041","25 years","Male","Method - M2","Number","36702"
"Population Projections based on Census 2022","2041","25 years","Female","Method - M2","Number","36498"
"Population Projections based on Census 2022","2041","26 years","Male","Method - M2","Number","38365"
"Population Projections based on Census 2022","2041","26 years","Female","Method - M2","Number","37864"
"Population Projections based on Census 2022","2041","27 years","Male","Method - M2","Number","39503"
"Population Projections based on Census 2022","2041","27 years","Female","Method - M2","Number","39179"
"Population Projections based on Census 2022","2041","28 years","Male","Method - M2","Number","40455"
"Population Projections based on Census 2022","2041","28 years","Female","Method - M2","Number","40329"
"Population Projections based on Census 2022","2041","29 years","Male","Method - M2","Number","41809"
"Population Projections based on Census 2022","2041","29 years","Female","Method - M2","Number","41539"
"Population Projections based on Census 2022","2041","30 years","Male","Method - M2","Number","42216"
"Population Projections based on Census 2022","2041","30 years","Female","Method - M2","Number","42640"
"Population Projections based on Census 2022","2041","31 years","Male","Method - M2","Number","43121"
"Population Projections based on Census 2022","2041","31 years","Female","Method - M2","Number","43495"
"Population Projections based on Census 2022","2041","32 years","Male","Method - M2","Number","42834"
"Population Projections based on Census 2022","2041","32 years","Female","Method - M2","Number","43396"
"Population Projections based on Census 2022","2041","33 years","Male","Method - M2","Number","42231"
"Population Projections based on Census 2022","2041","33 years","Female","Method - M2","Number","43285"
"Population Projections based on Census 2022","2041","34 years","Male","Method - M2","Number","41016"
"Population Projections based on Census 2022","2041","34 years","Female","Method - M2","Number","41808"
"Population Projections based on Census 2022","2041","35 years","Male","Method - M2","Number","40049"
"Population Projections based on Census 2022","2041","35 years","Female","Method - M2","Number","40880"
"Population Projections based on Census 2022","2041","36 years","Male","Method - M2","Number","40487"
"Population Projections based on Census 2022","2041","36 years","Female","Method - M2","Number","40839"
"Population Projections based on Census 2022","2041","37 years","Male","Method - M2","Number","39669"
"Population Projections based on Census 2022","2041","37 years","Female","Method - M2","Number","41011"
"Population Projections based on Census 2022","2041","38 years","Male","Method - M2","Number","39099"
"Population Projections based on Census 2022","2041","38 years","Female","Method - M2","Number","40516"
"Population Projections based on Census 2022","2041","39 years","Male","Method - M2","Number","38866"
"Population Projections based on Census 2022","2041","39 years","Female","Method - M2","Number","40688"
"Population Projections based on Census 2022","2041","40 years","Male","Method - M2","Number","38244"
"Population Projections based on Census 2022","2041","40 years","Female","Method - M2","Number","39869"
"Population Projections based on Census 2022","2041","41 years","Male","Method - M2","Number","39092"
"Population Projections based on Census 2022","2041","41 years","Female","Method - M2","Number","41014"
"Population Projections based on Census 2022","2041","42 years","Male","Method - M2","Number","39096"
"Population Projections based on Census 2022","2041","42 years","Female","Method - M2","Number","40738"
"Population Projections based on Census 2022","2041","43 years","Male","Method - M2","Number","38878"
"Population Projections based on Census 2022","2041","43 years","Female","Method - M2","Number","40578"
"Population Projections based on Census 2022","2041","44 years","Male","Method - M2","Number","38442"
"Population Projections based on Census 2022","2041","44 years","Female","Method - M2","Number","40402"
"Population Projections based on Census 2022","2041","45 years","Male","Method - M2","Number","37218"
"Population Projections based on Census 2022","2041","45 years","Female","Method - M2","Number","39260"
"Population Projections based on Census 2022","2041","46 years","Male","Method - M2","Number","36564"
"Population Projections based on Census 2022","2041","46 years","Female","Method - M2","Number","39365"
"Population Projections based on Census 2022","2041","47 years","Male","Method - M2","Number","35844"
"Population Projections based on Census 2022","2041","47 years","Female","Method - M2","Number","38984"
"Population Projections based on Census 2022","2041","48 years","Male","Method - M2","Number","36462"
"Population Projections based on Census 2022","2041","48 years","Female","Method - M2","Number","39645"
"Population Projections based on Census 2022","2041","49 years","Male","Method - M2","Number","37161"
"Population Projections based on Census 2022","2041","49 years","Female","Method - M2","Number","41383"
"Population Projections based on Census 2022","2041","50 years","Male","Method - M2","Number","37915"
"Population Projections based on Census 2022","2041","50 years","Female","Method - M2","Number","41599"
"Population Projections based on Census 2022","2041","51 years","Male","Method - M2","Number","37736"
"Population Projections based on Census 2022","2041","51 years","Female","Method - M2","Number","41930"
"Population Projections based on Census 2022","2041","52 years","Male","Method - M2","Number","36964"
"Population Projections based on Census 2022","2041","52 years","Female","Method - M2","Number","41604"
"Population Projections based on Census 2022","2041","53 years","Male","Method - M2","Number","37854"
"Population Projections based on Census 2022","2041","53 years","Female","Method - M2","Number","42990"
"Population Projections based on Census 2022","2041","54 years","Male","Method - M2","Number","39459"
"Population Projections based on Census 2022","2041","54 years","Female","Method - M2","Number","44468"
"Population Projections based on Census 2022","2041","55 years","Male","Method - M2","Number","39946"
"Population Projections based on Census 2022","2041","55 years","Female","Method - M2","Number","44828"
"Population Projections based on Census 2022","2041","56 years","Male","Method - M2","Number","40281"
"Population Projections based on Census 2022","2041","56 years","Female","Method - M2","Number","44685"
"Population Projections based on Census 2022","2041","57 years","Male","Method - M2","Number","41139"
"Population Projections based on Census 2022","2041","57 years","Female","Method - M2","Number","45877"
"Population Projections based on Census 2022","2041","58 years","Male","Method - M2","Number","41944"
"Population Projections based on Census 2022","2041","58 years","Female","Method - M2","Number","47036"
"Population Projections based on Census 2022","2041","59 years","Male","Method - M2","Number","43563"
"Population Projections based on Census 2022","2041","59 years","Female","Method - M2","Number","47456"
"Population Projections based on Census 2022","2041","60 years","Male","Method - M2","Number","43752"
"Population Projections based on Census 2022","2041","60 years","Female","Method - M2","Number","46955"
"Population Projections based on Census 2022","2041","61 years","Male","Method - M2","Number","43493"
"Population Projections based on Census 2022","2041","61 years","Female","Method - M2","Number","45995"
"Population Projections based on Census 2022","2041","62 years","Male","Method - M2","Number","40587"
"Population Projections based on Census 2022","2041","62 years","Female","Method - M2","Number","43263"
"Population Projections based on Census 2022","2041","63 years","Male","Method - M2","Number","38511"
"Population Projections based on Census 2022","2041","63 years","Female","Method - M2","Number","40435"
"Population Projections based on Census 2022","2041","64 years","Male","Method - M2","Number","38450"
"Population Projections based on Census 2022","2041","64 years","Female","Method - M2","Number","39697"
"Population Projections based on Census 2022","2041","65 years","Male","Method - M2","Number","37530"
"Population Projections based on Census 2022","2041","65 years","Female","Method - M2","Number","38931"
"Population Projections based on Census 2022","2041","66 years","Male","Method - M2","Number","36943"
"Population Projections based on Census 2022","2041","66 years","Female","Method - M2","Number","38076"
"Population Projections based on Census 2022","2041","67 years","Male","Method - M2","Number","36183"
"Population Projections based on Census 2022","2041","67 years","Female","Method - M2","Number","37536"
"Population Projections based on Census 2022","2041","68 years","Male","Method - M2","Number","35967"
"Population Projections based on Census 2022","2041","68 years","Female","Method - M2","Number","37194"
"Population Projections based on Census 2022","2041","69 years","Male","Method - M2","Number","35373"
"Population Projections based on Census 2022","2041","69 years","Female","Method - M2","Number","36495"
"Population Projections based on Census 2022","2041","70 years","Male","Method - M2","Number","33509"
"Population Projections based on Census 2022","2041","70 years","Female","Method - M2","Number","34731"
"Population Projections based on Census 2022","2041","71 years","Male","Method - M2","Number","32548"
"Population Projections based on Census 2022","2041","71 years","Female","Method - M2","Number","33836"
"Population Projections based on Census 2022","2041","72 years","Male","Method - M2","Number","30581"
"Population Projections based on Census 2022","2041","72 years","Female","Method - M2","Number","31468"
"Population Projections based on Census 2022","2041","73 years","Male","Method - M2","Number","29561"
"Population Projections based on Census 2022","2041","73 years","Female","Method - M2","Number","31069"
"Population Projections based on Census 2022","2041","74 years","Male","Method - M2","Number","28601"
"Population Projections based on Census 2022","2041","74 years","Female","Method - M2","Number","30317"
"Population Projections based on Census 2022","2041","75 years","Male","Method - M2","Number","27240"
"Population Projections based on Census 2022","2041","75 years","Female","Method - M2","Number","29405"
"Population Projections based on Census 2022","2041","76 years","Male","Method - M2","Number","26665"
"Population Projections based on Census 2022","2041","76 years","Female","Method - M2","Number","29416"
"Population Projections based on Census 2022","2041","77 years","Male","Method - M2","Number","25082"
"Population Projections based on Census 2022","2041","77 years","Female","Method - M2","Number","27870"
"Population Projections based on Census 2022","2041","78 years","Male","Method - M2","Number","23819"
"Population Projections based on Census 2022","2041","78 years","Female","Method - M2","Number","26687"
"Population Projections based on Census 2022","2041","79 years","Male","Method - M2","Number","22799"
"Population Projections based on Census 2022","2041","79 years","Female","Method - M2","Number","25656"
"Population Projections based on Census 2022","2041","80 years","Male","Method - M2","Number","21080"
"Population Projections based on Census 2022","2041","80 years","Female","Method - M2","Number","24421"
"Population Projections based on Census 2022","2041","81 years","Male","Method - M2","Number","19738"
"Population Projections based on Census 2022","2041","81 years","Female","Method - M2","Number","22913"
"Population Projections based on Census 2022","2041","82 years","Male","Method - M2","Number","17927"
"Population Projections based on Census 2022","2041","82 years","Female","Method - M2","Number","20856"
"Population Projections based on Census 2022","2041","83 years","Male","Method - M2","Number","16391"
"Population Projections based on Census 2022","2041","83 years","Female","Method - M2","Number","19836"
"Population Projections based on Census 2022","2041","84 years","Male","Method - M2","Number","15515"
"Population Projections based on Census 2022","2041","84 years","Female","Method - M2","Number","18566"
"Population Projections based on Census 2022","2041","85 years","Male","Method - M2","Number","13808"
"Population Projections based on Census 2022","2041","85 years","Female","Method - M2","Number","17190"
"Population Projections based on Census 2022","2041","86 years","Male","Method - M2","Number","12731"
"Population Projections based on Census 2022","2041","86 years","Female","Method - M2","Number","16133"
"Population Projections based on Census 2022","2041","87 years","Male","Method - M2","Number","11182"
"Population Projections based on Census 2022","2041","87 years","Female","Method - M2","Number","14246"
"Population Projections based on Census 2022","2041","88 years","Male","Method - M2","Number","10180"
"Population Projections based on Census 2022","2041","88 years","Female","Method - M2","Number","13442"
"Population Projections based on Census 2022","2041","89 years","Male","Method - M2","Number","8752"
"Population Projections based on Census 2022","2041","89 years","Female","Method - M2","Number","11785"
"Population Projections based on Census 2022","2041","90 years","Male","Method - M2","Number","7419"
"Population Projections based on Census 2022","2041","90 years","Female","Method - M2","Number","10266"
"Population Projections based on Census 2022","2041","91 years","Male","Method - M2","Number","6364"
"Population Projections based on Census 2022","2041","91 years","Female","Method - M2","Number","9217"
"Population Projections based on Census 2022","2041","92 years","Male","Method - M2","Number","5262"
"Population Projections based on Census 2022","2041","92 years","Female","Method - M2","Number","7782"
"Population Projections based on Census 2022","2041","93 years","Male","Method - M2","Number","4284"
"Population Projections based on Census 2022","2041","93 years","Female","Method - M2","Number","6435"
"Population Projections based on Census 2022","2041","94 years","Male","Method - M2","Number","3353"
"Population Projections based on Census 2022","2041","94 years","Female","Method - M2","Number","5239"
"Population Projections based on Census 2022","2041","95 years","Male","Method - M2","Number","2482"
"Population Projections based on Census 2022","2041","95 years","Female","Method - M2","Number","4182"
"Population Projections based on Census 2022","2041","96 years","Male","Method - M2","Number","1757"
"Population Projections based on Census 2022","2041","96 years","Female","Method - M2","Number","3046"
"Population Projections based on Census 2022","2041","97 years","Male","Method - M2","Number","1216"
"Population Projections based on Census 2022","2041","97 years","Female","Method - M2","Number","2185"
"Population Projections based on Census 2022","2041","98 years","Male","Method - M2","Number","809"
"Population Projections based on Census 2022","2041","98 years","Female","Method - M2","Number","1567"
"Population Projections based on Census 2022","2041","99 years and over","Male","Method - M2","Number","1210"
"Population Projections based on Census 2022","2041","99 years and over","Female","Method - M2","Number","2553"
"Population Projections based on Census 2022","2042","Under 1 year","Male","Method - M2","Number","27008"
"Population Projections based on Census 2022","2042","Under 1 year","Female","Method - M2","Number","25631"
"Population Projections based on Census 2022","2042","1 year","Male","Method - M2","Number","27007"
"Population Projections based on Census 2022","2042","1 year","Female","Method - M2","Number","25641"
"Population Projections based on Census 2022","2042","2 years","Male","Method - M2","Number","27002"
"Population Projections based on Census 2022","2042","2 years","Female","Method - M2","Number","25633"
"Population Projections based on Census 2022","2042","3 years","Male","Method - M2","Number","26940"
"Population Projections based on Census 2022","2042","3 years","Female","Method - M2","Number","25566"
"Population Projections based on Census 2022","2042","4 years","Male","Method - M2","Number","26854"
"Population Projections based on Census 2022","2042","4 years","Female","Method - M2","Number","25496"
"Population Projections based on Census 2022","2042","5 years","Male","Method - M2","Number","27122"
"Population Projections based on Census 2022","2042","5 years","Female","Method - M2","Number","25720"
"Population Projections based on Census 2022","2042","6 years","Male","Method - M2","Number","27340"
"Population Projections based on Census 2022","2042","6 years","Female","Method - M2","Number","25925"
"Population Projections based on Census 2022","2042","7 years","Male","Method - M2","Number","27551"
"Population Projections based on Census 2022","2042","7 years","Female","Method - M2","Number","26117"
"Population Projections based on Census 2022","2042","8 years","Male","Method - M2","Number","27732"
"Population Projections based on Census 2022","2042","8 years","Female","Method - M2","Number","26296"
"Population Projections based on Census 2022","2042","9 years","Male","Method - M2","Number","27955"
"Population Projections based on Census 2022","2042","9 years","Female","Method - M2","Number","26506"
"Population Projections based on Census 2022","2042","10 years","Male","Method - M2","Number","28268"
"Population Projections based on Census 2022","2042","10 years","Female","Method - M2","Number","26807"
"Population Projections based on Census 2022","2042","11 years","Male","Method - M2","Number","28591"
"Population Projections based on Census 2022","2042","11 years","Female","Method - M2","Number","27108"
"Population Projections based on Census 2022","2042","12 years","Male","Method - M2","Number","28914"
"Population Projections based on Census 2022","2042","12 years","Female","Method - M2","Number","27415"
"Population Projections based on Census 2022","2042","13 years","Male","Method - M2","Number","29252"
"Population Projections based on Census 2022","2042","13 years","Female","Method - M2","Number","27744"
"Population Projections based on Census 2022","2042","14 years","Male","Method - M2","Number","29628"
"Population Projections based on Census 2022","2042","14 years","Female","Method - M2","Number","28100"
"Population Projections based on Census 2022","2042","15 years","Male","Method - M2","Number","30091"
"Population Projections based on Census 2022","2042","15 years","Female","Method - M2","Number","28696"
"Population Projections based on Census 2022","2042","16 years","Male","Method - M2","Number","30612"
"Population Projections based on Census 2022","2042","16 years","Female","Method - M2","Number","29341"
"Population Projections based on Census 2022","2042","17 years","Male","Method - M2","Number","31088"
"Population Projections based on Census 2022","2042","17 years","Female","Method - M2","Number","29869"
"Population Projections based on Census 2022","2042","18 years","Male","Method - M2","Number","31515"
"Population Projections based on Census 2022","2042","18 years","Female","Method - M2","Number","30395"
"Population Projections based on Census 2022","2042","19 years","Male","Method - M2","Number","32750"
"Population Projections based on Census 2022","2042","19 years","Female","Method - M2","Number","31714"
"Population Projections based on Census 2022","2042","20 years","Male","Method - M2","Number","32700"
"Population Projections based on Census 2022","2042","20 years","Female","Method - M2","Number","31904"
"Population Projections based on Census 2022","2042","21 years","Male","Method - M2","Number","31958"
"Population Projections based on Census 2022","2042","21 years","Female","Method - M2","Number","31333"
"Population Projections based on Census 2022","2042","22 years","Male","Method - M2","Number","33021"
"Population Projections based on Census 2022","2042","22 years","Female","Method - M2","Number","32579"
"Population Projections based on Census 2022","2042","23 years","Male","Method - M2","Number","33617"
"Population Projections based on Census 2022","2042","23 years","Female","Method - M2","Number","33086"
"Population Projections based on Census 2022","2042","24 years","Male","Method - M2","Number","34143"
"Population Projections based on Census 2022","2042","24 years","Female","Method - M2","Number","33368"
"Population Projections based on Census 2022","2042","25 years","Male","Method - M2","Number","35490"
"Population Projections based on Census 2022","2042","25 years","Female","Method - M2","Number","35341"
"Population Projections based on Census 2022","2042","26 years","Male","Method - M2","Number","37162"
"Population Projections based on Census 2022","2042","26 years","Female","Method - M2","Number","37069"
"Population Projections based on Census 2022","2042","27 years","Male","Method - M2","Number","38798"
"Population Projections based on Census 2022","2042","27 years","Female","Method - M2","Number","38418"
"Population Projections based on Census 2022","2042","28 years","Male","Method - M2","Number","39926"
"Population Projections based on Census 2022","2042","28 years","Female","Method - M2","Number","39702"
"Population Projections based on Census 2022","2042","29 years","Male","Method - M2","Number","40864"
"Population Projections based on Census 2022","2042","29 years","Female","Method - M2","Number","40810"
"Population Projections based on Census 2022","2042","30 years","Male","Method - M2","Number","42185"
"Population Projections based on Census 2022","2042","30 years","Female","Method - M2","Number","42007"
"Population Projections based on Census 2022","2042","31 years","Male","Method - M2","Number","42579"
"Population Projections based on Census 2022","2042","31 years","Female","Method - M2","Number","43090"
"Population Projections based on Census 2022","2042","32 years","Male","Method - M2","Number","43460"
"Population Projections based on Census 2022","2042","32 years","Female","Method - M2","Number","43949"
"Population Projections based on Census 2022","2042","33 years","Male","Method - M2","Number","43144"
"Population Projections based on Census 2022","2042","33 years","Female","Method - M2","Number","43840"
"Population Projections based on Census 2022","2042","34 years","Male","Method - M2","Number","42567"
"Population Projections based on Census 2022","2042","34 years","Female","Method - M2","Number","43747"
"Population Projections based on Census 2022","2042","35 years","Male","Method - M2","Number","41301"
"Population Projections based on Census 2022","2042","35 years","Female","Method - M2","Number","42241"
"Population Projections based on Census 2022","2042","36 years","Male","Method - M2","Number","40340"
"Population Projections based on Census 2022","2042","36 years","Female","Method - M2","Number","41315"
"Population Projections based on Census 2022","2042","37 years","Male","Method - M2","Number","40752"
"Population Projections based on Census 2022","2042","37 years","Female","Method - M2","Number","41251"
"Population Projections based on Census 2022","2042","38 years","Male","Method - M2","Number","39925"
"Population Projections based on Census 2022","2042","38 years","Female","Method - M2","Number","41428"
"Population Projections based on Census 2022","2042","39 years","Male","Method - M2","Number","39367"
"Population Projections based on Census 2022","2042","39 years","Female","Method - M2","Number","40954"
"Population Projections based on Census 2022","2042","40 years","Male","Method - M2","Number","39147"
"Population Projections based on Census 2022","2042","40 years","Female","Method - M2","Number","41126"
"Population Projections based on Census 2022","2042","41 years","Male","Method - M2","Number","38518"
"Population Projections based on Census 2022","2042","41 years","Female","Method - M2","Number","40326"
"Population Projections based on Census 2022","2042","42 years","Male","Method - M2","Number","39413"
"Population Projections based on Census 2022","2042","42 years","Female","Method - M2","Number","41495"
"Population Projections based on Census 2022","2042","43 years","Male","Method - M2","Number","39416"
"Population Projections based on Census 2022","2042","43 years","Female","Method - M2","Number","41220"
"Population Projections based on Census 2022","2042","44 years","Male","Method - M2","Number","39214"
"Population Projections based on Census 2022","2042","44 years","Female","Method - M2","Number","41058"
"Population Projections based on Census 2022","2042","45 years","Male","Method - M2","Number","38472"
"Population Projections based on Census 2022","2042","45 years","Female","Method - M2","Number","40428"
"Population Projections based on Census 2022","2042","46 years","Male","Method - M2","Number","37222"
"Population Projections based on Census 2022","2042","46 years","Female","Method - M2","Number","39291"
"Population Projections based on Census 2022","2042","47 years","Male","Method - M2","Number","36586"
"Population Projections based on Census 2022","2042","47 years","Female","Method - M2","Number","39394"
"Population Projections based on Census 2022","2042","48 years","Male","Method - M2","Number","35879"
"Population Projections based on Census 2022","2042","48 years","Female","Method - M2","Number","39037"
"Population Projections based on Census 2022","2042","49 years","Male","Method - M2","Number","36517"
"Population Projections based on Census 2022","2042","49 years","Female","Method - M2","Number","39700"
"Population Projections based on Census 2022","2042","50 years","Male","Method - M2","Number","37211"
"Population Projections based on Census 2022","2042","50 years","Female","Method - M2","Number","41441"
"Population Projections based on Census 2022","2042","51 years","Male","Method - M2","Number","37962"
"Population Projections based on Census 2022","2042","51 years","Female","Method - M2","Number","41653"
"Population Projections based on Census 2022","2042","52 years","Male","Method - M2","Number","37785"
"Population Projections based on Census 2022","2042","52 years","Female","Method - M2","Number","41975"
"Population Projections based on Census 2022","2042","53 years","Male","Method - M2","Number","37007"
"Population Projections based on Census 2022","2042","53 years","Female","Method - M2","Number","41647"
"Population Projections based on Census 2022","2042","54 years","Male","Method - M2","Number","37902"
"Population Projections based on Census 2022","2042","54 years","Female","Method - M2","Number","43032"
"Population Projections based on Census 2022","2042","55 years","Male","Method - M2","Number","39487"
"Population Projections based on Census 2022","2042","55 years","Female","Method - M2","Number","44511"
"Population Projections based on Census 2022","2042","56 years","Male","Method - M2","Number","39972"
"Population Projections based on Census 2022","2042","56 years","Female","Method - M2","Number","44862"
"Population Projections based on Census 2022","2042","57 years","Male","Method - M2","Number","40294"
"Population Projections based on Census 2022","2042","57 years","Female","Method - M2","Number","44704"
"Population Projections based on Census 2022","2042","58 years","Male","Method - M2","Number","41136"
"Population Projections based on Census 2022","2042","58 years","Female","Method - M2","Number","45896"
"Population Projections based on Census 2022","2042","59 years","Male","Method - M2","Number","41926"
"Population Projections based on Census 2022","2042","59 years","Female","Method - M2","Number","47061"
"Population Projections based on Census 2022","2042","60 years","Male","Method - M2","Number","43528"
"Population Projections based on Census 2022","2042","60 years","Female","Method - M2","Number","47466"
"Population Projections based on Census 2022","2042","61 years","Male","Method - M2","Number","43711"
"Population Projections based on Census 2022","2042","61 years","Female","Method - M2","Number","46946"
"Population Projections based on Census 2022","2042","62 years","Male","Method - M2","Number","43425"
"Population Projections based on Census 2022","2042","62 years","Female","Method - M2","Number","45976"
"Population Projections based on Census 2022","2042","63 years","Male","Method - M2","Number","40540"
"Population Projections based on Census 2022","2042","63 years","Female","Method - M2","Number","43247"
"Population Projections based on Census 2022","2042","64 years","Male","Method - M2","Number","38451"
"Population Projections based on Census 2022","2042","64 years","Female","Method - M2","Number","40418"
"Population Projections based on Census 2022","2042","65 years","Male","Method - M2","Number","38192"
"Population Projections based on Census 2022","2042","65 years","Female","Method - M2","Number","39543"
"Population Projections based on Census 2022","2042","66 years","Male","Method - M2","Number","37271"
"Population Projections based on Census 2022","2042","66 years","Female","Method - M2","Number","38758"
"Population Projections based on Census 2022","2042","67 years","Male","Method - M2","Number","36673"
"Population Projections based on Census 2022","2042","67 years","Female","Method - M2","Number","37909"
"Population Projections based on Census 2022","2042","68 years","Male","Method - M2","Number","35890"
"Population Projections based on Census 2022","2042","68 years","Female","Method - M2","Number","37359"
"Population Projections based on Census 2022","2042","69 years","Male","Method - M2","Number","35638"
"Population Projections based on Census 2022","2042","69 years","Female","Method - M2","Number","36987"
"Population Projections based on Census 2022","2042","70 years","Male","Method - M2","Number","35018"
"Population Projections based on Census 2022","2042","70 years","Female","Method - M2","Number","36280"
"Population Projections based on Census 2022","2042","71 years","Male","Method - M2","Number","33141"
"Population Projections based on Census 2022","2042","71 years","Female","Method - M2","Number","34493"
"Population Projections based on Census 2022","2042","72 years","Male","Method - M2","Number","32150"
"Population Projections based on Census 2022","2042","72 years","Female","Method - M2","Number","33580"
"Population Projections based on Census 2022","2042","73 years","Male","Method - M2","Number","30153"
"Population Projections based on Census 2022","2042","73 years","Female","Method - M2","Number","31193"
"Population Projections based on Census 2022","2042","74 years","Male","Method - M2","Number","29093"
"Population Projections based on Census 2022","2042","74 years","Female","Method - M2","Number","30766"
"Population Projections based on Census 2022","2042","75 years","Male","Method - M2","Number","28086"
"Population Projections based on Census 2022","2042","75 years","Female","Method - M2","Number","29975"
"Population Projections based on Census 2022","2042","76 years","Male","Method - M2","Number","26657"
"Population Projections based on Census 2022","2042","76 years","Female","Method - M2","Number","29003"
"Population Projections based on Census 2022","2042","77 years","Male","Method - M2","Number","26020"
"Population Projections based on Census 2022","2042","77 years","Female","Method - M2","Number","28958"
"Population Projections based on Census 2022","2042","78 years","Male","Method - M2","Number","24409"
"Population Projections based on Census 2022","2042","78 years","Female","Method - M2","Number","27379"
"Population Projections based on Census 2022","2042","79 years","Male","Method - M2","Number","23109"
"Population Projections based on Census 2022","2042","79 years","Female","Method - M2","Number","26158"
"Population Projections based on Census 2022","2042","80 years","Male","Method - M2","Number","22044"
"Population Projections based on Census 2022","2042","80 years","Female","Method - M2","Number","25078"
"Population Projections based on Census 2022","2042","81 years","Male","Method - M2","Number","20305"
"Population Projections based on Census 2022","2042","81 years","Female","Method - M2","Number","23796"
"Population Projections based on Census 2022","2042","82 years","Male","Method - M2","Number","18923"
"Population Projections based on Census 2022","2042","82 years","Female","Method - M2","Number","22239"
"Population Projections based on Census 2022","2042","83 years","Male","Method - M2","Number","17075"
"Population Projections based on Census 2022","2042","83 years","Female","Method - M2","Number","20142"
"Population Projections based on Census 2022","2042","84 years","Male","Method - M2","Number","15508"
"Population Projections based on Census 2022","2042","84 years","Female","Method - M2","Number","19061"
"Population Projections based on Census 2022","2042","85 years","Male","Method - M2","Number","14574"
"Population Projections based on Census 2022","2042","85 years","Female","Method - M2","Number","17736"
"Population Projections based on Census 2022","2042","86 years","Male","Method - M2","Number","12857"
"Population Projections based on Census 2022","2042","86 years","Female","Method - M2","Number","16301"
"Population Projections based on Census 2022","2042","87 years","Male","Method - M2","Number","11750"
"Population Projections based on Census 2022","2042","87 years","Female","Method - M2","Number","15190"
"Population Projections based on Census 2022","2042","88 years","Male","Method - M2","Number","10221"
"Population Projections based on Census 2022","2042","88 years","Female","Method - M2","Number","13304"
"Population Projections based on Census 2022","2042","89 years","Male","Method - M2","Number","9206"
"Population Projections based on Census 2022","2042","89 years","Female","Method - M2","Number","12440"
"Population Projections based on Census 2022","2042","90 years","Male","Method - M2","Number","7829"
"Population Projections based on Census 2022","2042","90 years","Female","Method - M2","Number","10798"
"Population Projections based on Census 2022","2042","91 years","Male","Method - M2","Number","6551"
"Population Projections based on Census 2022","2042","91 years","Female","Method - M2","Number","9304"
"Population Projections based on Census 2022","2042","92 years","Male","Method - M2","Number","5530"
"Population Projections based on Census 2022","2042","92 years","Female","Method - M2","Number","8232"
"Population Projections based on Census 2022","2042","93 years","Male","Method - M2","Number","4468"
"Population Projections based on Census 2022","2042","93 years","Female","Method - M2","Number","6815"
"Population Projections based on Census 2022","2042","94 years","Male","Method - M2","Number","3549"
"Population Projections based on Census 2022","2042","94 years","Female","Method - M2","Number","5511"
"Population Projections based on Census 2022","2042","95 years","Male","Method - M2","Number","2704"
"Population Projections based on Census 2022","2042","95 years","Female","Method - M2","Number","4373"
"Population Projections based on Census 2022","2042","96 years","Male","Method - M2","Number","1934"
"Population Projections based on Census 2022","2042","96 years","Female","Method - M2","Number","3382"
"Population Projections based on Census 2022","2042","97 years","Male","Method - M2","Number","1324"
"Population Projections based on Census 2022","2042","97 years","Female","Method - M2","Number","2385"
"Population Projections based on Census 2022","2042","98 years","Male","Method - M2","Number","882"
"Population Projections based on Census 2022","2042","98 years","Female","Method - M2","Number","1653"
"Population Projections based on Census 2022","2042","99 years and over","Male","Method - M2","Number","1324"
"Population Projections based on Census 2022","2042","99 years and over","Female","Method - M2","Number","2784"
"Population Projections based on Census 2022","2043","Under 1 year","Male","Method - M2","Number","27106"
"Population Projections based on Census 2022","2043","Under 1 year","Female","Method - M2","Number","25724"
"Population Projections based on Census 2022","2043","1 year","Male","Method - M2","Number","27187"
"Population Projections based on Census 2022","2043","1 year","Female","Method - M2","Number","25811"
"Population Projections based on Census 2022","2043","2 years","Male","Method - M2","Number","27194"
"Population Projections based on Census 2022","2043","2 years","Female","Method - M2","Number","25817"
"Population Projections based on Census 2022","2043","3 years","Male","Method - M2","Number","27166"
"Population Projections based on Census 2022","2043","3 years","Female","Method - M2","Number","25780"
"Population Projections based on Census 2022","2043","4 years","Male","Method - M2","Number","27100"
"Population Projections based on Census 2022","2043","4 years","Female","Method - M2","Number","25729"
"Population Projections based on Census 2022","2043","5 years","Male","Method - M2","Number","27035"
"Population Projections based on Census 2022","2043","5 years","Female","Method - M2","Number","25636"
"Population Projections based on Census 2022","2043","6 years","Male","Method - M2","Number","27288"
"Population Projections based on Census 2022","2043","6 years","Female","Method - M2","Number","25876"
"Population Projections based on Census 2022","2043","7 years","Male","Method - M2","Number","27500"
"Population Projections based on Census 2022","2043","7 years","Female","Method - M2","Number","26070"
"Population Projections based on Census 2022","2043","8 years","Male","Method - M2","Number","27697"
"Population Projections based on Census 2022","2043","8 years","Female","Method - M2","Number","26263"
"Population Projections based on Census 2022","2043","9 years","Male","Method - M2","Number","27882"
"Population Projections based on Census 2022","2043","9 years","Female","Method - M2","Number","26433"
"Population Projections based on Census 2022","2043","10 years","Male","Method - M2","Number","28108"
"Population Projections based on Census 2022","2043","10 years","Female","Method - M2","Number","26657"
"Population Projections based on Census 2022","2043","11 years","Male","Method - M2","Number","28427"
"Population Projections based on Census 2022","2043","11 years","Female","Method - M2","Number","26949"
"Population Projections based on Census 2022","2043","12 years","Male","Method - M2","Number","28748"
"Population Projections based on Census 2022","2043","12 years","Female","Method - M2","Number","27257"
"Population Projections based on Census 2022","2043","13 years","Male","Method - M2","Number","29070"
"Population Projections based on Census 2022","2043","13 years","Female","Method - M2","Number","27571"
"Population Projections based on Census 2022","2043","14 years","Male","Method - M2","Number","29358"
"Population Projections based on Census 2022","2043","14 years","Female","Method - M2","Number","27845"
"Population Projections based on Census 2022","2043","15 years","Male","Method - M2","Number","29711"
"Population Projections based on Census 2022","2043","15 years","Female","Method - M2","Number","28332"
"Population Projections based on Census 2022","2043","16 years","Male","Method - M2","Number","30178"
"Population Projections based on Census 2022","2043","16 years","Female","Method - M2","Number","28933"
"Population Projections based on Census 2022","2043","17 years","Male","Method - M2","Number","30728"
"Population Projections based on Census 2022","2043","17 years","Female","Method - M2","Number","29526"
"Population Projections based on Census 2022","2043","18 years","Male","Method - M2","Number","31142"
"Population Projections based on Census 2022","2043","18 years","Female","Method - M2","Number","30044"
"Population Projections based on Census 2022","2043","19 years","Male","Method - M2","Number","31540"
"Population Projections based on Census 2022","2043","19 years","Female","Method - M2","Number","30568"
"Population Projections based on Census 2022","2043","20 years","Male","Method - M2","Number","32760"
"Population Projections based on Census 2022","2043","20 years","Female","Method - M2","Number","31866"
"Population Projections based on Census 2022","2043","21 years","Male","Method - M2","Number","32694"
"Population Projections based on Census 2022","2043","21 years","Female","Method - M2","Number","32009"
"Population Projections based on Census 2022","2043","22 years","Male","Method - M2","Number","31941"
"Population Projections based on Census 2022","2043","22 years","Female","Method - M2","Number","31421"
"Population Projections based on Census 2022","2043","23 years","Male","Method - M2","Number","32993"
"Population Projections based on Census 2022","2043","23 years","Female","Method - M2","Number","32670"
"Population Projections based on Census 2022","2043","24 years","Male","Method - M2","Number","33603"
"Population Projections based on Census 2022","2043","24 years","Female","Method - M2","Number","33149"
"Population Projections based on Census 2022","2043","25 years","Male","Method - M2","Number","34649"
"Population Projections based on Census 2022","2043","25 years","Female","Method - M2","Number","33968"
"Population Projections based on Census 2022","2043","26 years","Male","Method - M2","Number","35951"
"Population Projections based on Census 2022","2043","26 years","Female","Method - M2","Number","35911"
"Population Projections based on Census 2022","2043","27 years","Male","Method - M2","Number","37596"
"Population Projections based on Census 2022","2043","27 years","Female","Method - M2","Number","37623"
"Population Projections based on Census 2022","2043","28 years","Male","Method - M2","Number","39221"
"Population Projections based on Census 2022","2043","28 years","Female","Method - M2","Number","38941"
"Population Projections based on Census 2022","2043","29 years","Male","Method - M2","Number","40336"
"Population Projections based on Census 2022","2043","29 years","Female","Method - M2","Number","40183"
"Population Projections based on Census 2022","2043","30 years","Male","Method - M2","Number","41240"
"Population Projections based on Census 2022","2043","30 years","Female","Method - M2","Number","41279"
"Population Projections based on Census 2022","2043","31 years","Male","Method - M2","Number","42548"
"Population Projections based on Census 2022","2043","31 years","Female","Method - M2","Number","42457"
"Population Projections based on Census 2022","2043","32 years","Male","Method - M2","Number","42919"
"Population Projections based on Census 2022","2043","32 years","Female","Method - M2","Number","43544"
"Population Projections based on Census 2022","2043","33 years","Male","Method - M2","Number","43770"
"Population Projections based on Census 2022","2043","33 years","Female","Method - M2","Number","44393"
"Population Projections based on Census 2022","2043","34 years","Male","Method - M2","Number","43480"
"Population Projections based on Census 2022","2043","34 years","Female","Method - M2","Number","44302"
"Population Projections based on Census 2022","2043","35 years","Male","Method - M2","Number","42852"
"Population Projections based on Census 2022","2043","35 years","Female","Method - M2","Number","44179"
"Population Projections based on Census 2022","2043","36 years","Male","Method - M2","Number","41591"
"Population Projections based on Census 2022","2043","36 years","Female","Method - M2","Number","42676"
"Population Projections based on Census 2022","2043","37 years","Male","Method - M2","Number","40606"
"Population Projections based on Census 2022","2043","37 years","Female","Method - M2","Number","41727"
"Population Projections based on Census 2022","2043","38 years","Male","Method - M2","Number","41008"
"Population Projections based on Census 2022","2043","38 years","Female","Method - M2","Number","41668"
"Population Projections based on Census 2022","2043","39 years","Male","Method - M2","Number","40193"
"Population Projections based on Census 2022","2043","39 years","Female","Method - M2","Number","41866"
"Population Projections based on Census 2022","2043","40 years","Male","Method - M2","Number","39648"
"Population Projections based on Census 2022","2043","40 years","Female","Method - M2","Number","41392"
"Population Projections based on Census 2022","2043","41 years","Male","Method - M2","Number","39421"
"Population Projections based on Census 2022","2043","41 years","Female","Method - M2","Number","41582"
"Population Projections based on Census 2022","2043","42 years","Male","Method - M2","Number","38840"
"Population Projections based on Census 2022","2043","42 years","Female","Method - M2","Number","40808"
"Population Projections based on Census 2022","2043","43 years","Male","Method - M2","Number","39733"
"Population Projections based on Census 2022","2043","43 years","Female","Method - M2","Number","41978"
"Population Projections based on Census 2022","2043","44 years","Male","Method - M2","Number","39752"
"Population Projections based on Census 2022","2043","44 years","Female","Method - M2","Number","41699"
"Population Projections based on Census 2022","2043","45 years","Male","Method - M2","Number","39244"
"Population Projections based on Census 2022","2043","45 years","Female","Method - M2","Number","41084"
"Population Projections based on Census 2022","2043","46 years","Male","Method - M2","Number","38475"
"Population Projections based on Census 2022","2043","46 years","Female","Method - M2","Number","40458"
"Population Projections based on Census 2022","2043","47 years","Male","Method - M2","Number","37244"
"Population Projections based on Census 2022","2043","47 years","Female","Method - M2","Number","39321"
"Population Projections based on Census 2022","2043","48 years","Male","Method - M2","Number","36620"
"Population Projections based on Census 2022","2043","48 years","Female","Method - M2","Number","39447"
"Population Projections based on Census 2022","2043","49 years","Male","Method - M2","Number","35936"
"Population Projections based on Census 2022","2043","49 years","Female","Method - M2","Number","39093"
"Population Projections based on Census 2022","2043","50 years","Male","Method - M2","Number","36569"
"Population Projections based on Census 2022","2043","50 years","Female","Method - M2","Number","39761"
"Population Projections based on Census 2022","2043","51 years","Male","Method - M2","Number","37260"
"Population Projections based on Census 2022","2043","51 years","Female","Method - M2","Number","41496"
"Population Projections based on Census 2022","2043","52 years","Male","Method - M2","Number","38012"
"Population Projections based on Census 2022","2043","52 years","Female","Method - M2","Number","41699"
"Population Projections based on Census 2022","2043","53 years","Male","Method - M2","Number","37827"
"Population Projections based on Census 2022","2043","53 years","Female","Method - M2","Number","42018"
"Population Projections based on Census 2022","2043","54 years","Male","Method - M2","Number","37058"
"Population Projections based on Census 2022","2043","54 years","Female","Method - M2","Number","41692"
"Population Projections based on Census 2022","2043","55 years","Male","Method - M2","Number","37937"
"Population Projections based on Census 2022","2043","55 years","Female","Method - M2","Number","43078"
"Population Projections based on Census 2022","2043","56 years","Male","Method - M2","Number","39516"
"Population Projections based on Census 2022","2043","56 years","Female","Method - M2","Number","44546"
"Population Projections based on Census 2022","2043","57 years","Male","Method - M2","Number","39988"
"Population Projections based on Census 2022","2043","57 years","Female","Method - M2","Number","44882"
"Population Projections based on Census 2022","2043","58 years","Male","Method - M2","Number","40297"
"Population Projections based on Census 2022","2043","58 years","Female","Method - M2","Number","44727"
"Population Projections based on Census 2022","2043","59 years","Male","Method - M2","Number","41124"
"Population Projections based on Census 2022","2043","59 years","Female","Method - M2","Number","45926"
"Population Projections based on Census 2022","2043","60 years","Male","Method - M2","Number","41901"
"Population Projections based on Census 2022","2043","60 years","Female","Method - M2","Number","47074"
"Population Projections based on Census 2022","2043","61 years","Male","Method - M2","Number","43492"
"Population Projections based on Census 2022","2043","61 years","Female","Method - M2","Number","47458"
"Population Projections based on Census 2022","2043","62 years","Male","Method - M2","Number","43645"
"Population Projections based on Census 2022","2043","62 years","Female","Method - M2","Number","46926"
"Population Projections based on Census 2022","2043","63 years","Male","Method - M2","Number","43367"
"Population Projections based on Census 2022","2043","63 years","Female","Method - M2","Number","45953"
"Population Projections based on Census 2022","2043","64 years","Male","Method - M2","Number","40472"
"Population Projections based on Census 2022","2043","64 years","Female","Method - M2","Number","43222"
"Population Projections based on Census 2022","2043","65 years","Male","Method - M2","Number","38197"
"Population Projections based on Census 2022","2043","65 years","Female","Method - M2","Number","40264"
"Population Projections based on Census 2022","2043","66 years","Male","Method - M2","Number","37933"
"Population Projections based on Census 2022","2043","66 years","Female","Method - M2","Number","39371"
"Population Projections based on Census 2022","2043","67 years","Male","Method - M2","Number","37003"
"Population Projections based on Census 2022","2043","67 years","Female","Method - M2","Number","38591"
"Population Projections based on Census 2022","2043","68 years","Male","Method - M2","Number","36382"
"Population Projections based on Census 2022","2043","68 years","Female","Method - M2","Number","37733"
"Population Projections based on Census 2022","2043","69 years","Male","Method - M2","Number","35568"
"Population Projections based on Census 2022","2043","69 years","Female","Method - M2","Number","37155"
"Population Projections based on Census 2022","2043","70 years","Male","Method - M2","Number","35287"
"Population Projections based on Census 2022","2043","70 years","Female","Method - M2","Number","36773"
"Population Projections based on Census 2022","2043","71 years","Male","Method - M2","Number","34638"
"Population Projections based on Census 2022","2043","71 years","Female","Method - M2","Number","36035"
"Population Projections based on Census 2022","2043","72 years","Male","Method - M2","Number","32742"
"Population Projections based on Census 2022","2043","72 years","Female","Method - M2","Number","34236"
"Population Projections based on Census 2022","2043","73 years","Male","Method - M2","Number","31706"
"Population Projections based on Census 2022","2043","73 years","Female","Method - M2","Number","33290"
"Population Projections based on Census 2022","2043","74 years","Male","Method - M2","Number","29683"
"Population Projections based on Census 2022","2043","74 years","Female","Method - M2","Number","30895"
"Population Projections based on Census 2022","2043","75 years","Male","Method - M2","Number","28579"
"Population Projections based on Census 2022","2043","75 years","Female","Method - M2","Number","30425"
"Population Projections based on Census 2022","2043","76 years","Male","Method - M2","Number","27495"
"Population Projections based on Census 2022","2043","76 years","Female","Method - M2","Number","29572"
"Population Projections based on Census 2022","2043","77 years","Male","Method - M2","Number","26024"
"Population Projections based on Census 2022","2043","77 years","Female","Method - M2","Number","28559"
"Population Projections based on Census 2022","2043","78 years","Male","Method - M2","Number","25333"
"Population Projections based on Census 2022","2043","78 years","Female","Method - M2","Number","28457"
"Population Projections based on Census 2022","2043","79 years","Male","Method - M2","Number","23693"
"Population Projections based on Census 2022","2043","79 years","Female","Method - M2","Number","26846"
"Population Projections based on Census 2022","2043","80 years","Male","Method - M2","Number","22357"
"Population Projections based on Census 2022","2043","80 years","Female","Method - M2","Number","25578"
"Population Projections based on Census 2022","2043","81 years","Male","Method - M2","Number","21247"
"Population Projections based on Census 2022","2043","81 years","Female","Method - M2","Number","24447"
"Population Projections based on Census 2022","2043","82 years","Male","Method - M2","Number","19480"
"Population Projections based on Census 2022","2043","82 years","Female","Method - M2","Number","23107"
"Population Projections based on Census 2022","2043","83 years","Male","Method - M2","Number","18038"
"Population Projections based on Census 2022","2043","83 years","Female","Method - M2","Number","21489"
"Population Projections based on Census 2022","2043","84 years","Male","Method - M2","Number","16171"
"Population Projections based on Census 2022","2043","84 years","Female","Method - M2","Number","19369"
"Population Projections based on Census 2022","2043","85 years","Male","Method - M2","Number","14584"
"Population Projections based on Census 2022","2043","85 years","Female","Method - M2","Number","18224"
"Population Projections based on Census 2022","2043","86 years","Male","Method - M2","Number","13586"
"Population Projections based on Census 2022","2043","86 years","Female","Method - M2","Number","16834"
"Population Projections based on Census 2022","2043","87 years","Male","Method - M2","Number","11883"
"Population Projections based on Census 2022","2043","87 years","Female","Method - M2","Number","15365"
"Population Projections based on Census 2022","2043","88 years","Male","Method - M2","Number","10757"
"Population Projections based on Census 2022","2043","88 years","Female","Method - M2","Number","14202"
"Population Projections based on Census 2022","2043","89 years","Male","Method - M2","Number","9260"
"Population Projections based on Census 2022","2043","89 years","Female","Method - M2","Number","12330"
"Population Projections based on Census 2022","2043","90 years","Male","Method - M2","Number","8251"
"Population Projections based on Census 2022","2043","90 years","Female","Method - M2","Number","11415"
"Population Projections based on Census 2022","2043","91 years","Male","Method - M2","Number","6928"
"Population Projections based on Census 2022","2043","91 years","Female","Method - M2","Number","9803"
"Population Projections based on Census 2022","2043","92 years","Male","Method - M2","Number","5706"
"Population Projections based on Census 2022","2043","92 years","Female","Method - M2","Number","8326"
"Population Projections based on Census 2022","2043","93 years","Male","Method - M2","Number","4707"
"Population Projections based on Census 2022","2043","93 years","Female","Method - M2","Number","7222"
"Population Projections based on Census 2022","2043","94 years","Male","Method - M2","Number","3710"
"Population Projections based on Census 2022","2043","94 years","Female","Method - M2","Number","5847"
"Population Projections based on Census 2022","2043","95 years","Male","Method - M2","Number","2868"
"Population Projections based on Census 2022","2043","95 years","Female","Method - M2","Number","4608"
"Population Projections based on Census 2022","2043","96 years","Male","Method - M2","Number","2111"
"Population Projections based on Census 2022","2043","96 years","Female","Method - M2","Number","3544"
"Population Projections based on Census 2022","2043","97 years","Male","Method - M2","Number","1459"
"Population Projections based on Census 2022","2043","97 years","Female","Method - M2","Number","2652"
"Population Projections based on Census 2022","2043","98 years","Male","Method - M2","Number","961"
"Population Projections based on Census 2022","2043","98 years","Female","Method - M2","Number","1806"
"Population Projections based on Census 2022","2043","99 years and over","Male","Method - M2","Number","1445"
"Population Projections based on Census 2022","2043","99 years and over","Female","Method - M2","Number","2994"
"Population Projections based on Census 2022","2044","Under 1 year","Male","Method - M2","Number","27141"
"Population Projections based on Census 2022","2044","Under 1 year","Female","Method - M2","Number","25758"
"Population Projections based on Census 2022","2044","1 year","Male","Method - M2","Number","27285"
"Population Projections based on Census 2022","2044","1 year","Female","Method - M2","Number","25904"
"Population Projections based on Census 2022","2044","2 years","Male","Method - M2","Number","27374"
"Population Projections based on Census 2022","2044","2 years","Female","Method - M2","Number","25987"
"Population Projections based on Census 2022","2044","3 years","Male","Method - M2","Number","27358"
"Population Projections based on Census 2022","2044","3 years","Female","Method - M2","Number","25964"
"Population Projections based on Census 2022","2044","4 years","Male","Method - M2","Number","27326"
"Population Projections based on Census 2022","2044","4 years","Female","Method - M2","Number","25943"
"Population Projections based on Census 2022","2044","5 years","Male","Method - M2","Number","27281"
"Population Projections based on Census 2022","2044","5 years","Female","Method - M2","Number","25869"
"Population Projections based on Census 2022","2044","6 years","Male","Method - M2","Number","27200"
"Population Projections based on Census 2022","2044","6 years","Female","Method - M2","Number","25792"
"Population Projections based on Census 2022","2044","7 years","Male","Method - M2","Number","27449"
"Population Projections based on Census 2022","2044","7 years","Female","Method - M2","Number","26021"
"Population Projections based on Census 2022","2044","8 years","Male","Method - M2","Number","27646"
"Population Projections based on Census 2022","2044","8 years","Female","Method - M2","Number","26216"
"Population Projections based on Census 2022","2044","9 years","Male","Method - M2","Number","27847"
"Population Projections based on Census 2022","2044","9 years","Female","Method - M2","Number","26400"
"Population Projections based on Census 2022","2044","10 years","Male","Method - M2","Number","28035"
"Population Projections based on Census 2022","2044","10 years","Female","Method - M2","Number","26584"
"Population Projections based on Census 2022","2044","11 years","Male","Method - M2","Number","28267"
"Population Projections based on Census 2022","2044","11 years","Female","Method - M2","Number","26799"
"Population Projections based on Census 2022","2044","12 years","Male","Method - M2","Number","28584"
"Population Projections based on Census 2022","2044","12 years","Female","Method - M2","Number","27098"
"Population Projections based on Census 2022","2044","13 years","Male","Method - M2","Number","28904"
"Population Projections based on Census 2022","2044","13 years","Female","Method - M2","Number","27413"
"Population Projections based on Census 2022","2044","14 years","Male","Method - M2","Number","29175"
"Population Projections based on Census 2022","2044","14 years","Female","Method - M2","Number","27672"
"Population Projections based on Census 2022","2044","15 years","Male","Method - M2","Number","29441"
"Population Projections based on Census 2022","2044","15 years","Female","Method - M2","Number","28077"
"Population Projections based on Census 2022","2044","16 years","Male","Method - M2","Number","29798"
"Population Projections based on Census 2022","2044","16 years","Female","Method - M2","Number","28569"
"Population Projections based on Census 2022","2044","17 years","Male","Method - M2","Number","30294"
"Population Projections based on Census 2022","2044","17 years","Female","Method - M2","Number","29118"
"Population Projections based on Census 2022","2044","18 years","Male","Method - M2","Number","30782"
"Population Projections based on Census 2022","2044","18 years","Female","Method - M2","Number","29701"
"Population Projections based on Census 2022","2044","19 years","Male","Method - M2","Number","31167"
"Population Projections based on Census 2022","2044","19 years","Female","Method - M2","Number","30217"
"Population Projections based on Census 2022","2044","20 years","Male","Method - M2","Number","31551"
"Population Projections based on Census 2022","2044","20 years","Female","Method - M2","Number","30720"
"Population Projections based on Census 2022","2044","21 years","Male","Method - M2","Number","32754"
"Population Projections based on Census 2022","2044","21 years","Female","Method - M2","Number","31972"
"Population Projections based on Census 2022","2044","22 years","Male","Method - M2","Number","32677"
"Population Projections based on Census 2022","2044","22 years","Female","Method - M2","Number","32096"
"Population Projections based on Census 2022","2044","23 years","Male","Method - M2","Number","31913"
"Population Projections based on Census 2022","2044","23 years","Female","Method - M2","Number","31513"
"Population Projections based on Census 2022","2044","24 years","Male","Method - M2","Number","32979"
"Population Projections based on Census 2022","2044","24 years","Female","Method - M2","Number","32733"
"Population Projections based on Census 2022","2044","25 years","Male","Method - M2","Number","34110"
"Population Projections based on Census 2022","2044","25 years","Female","Method - M2","Number","33749"
"Population Projections based on Census 2022","2044","26 years","Male","Method - M2","Number","35111"
"Population Projections based on Census 2022","2044","26 years","Female","Method - M2","Number","34539"
"Population Projections based on Census 2022","2044","27 years","Male","Method - M2","Number","36386"
"Population Projections based on Census 2022","2044","27 years","Female","Method - M2","Number","36465"
"Population Projections based on Census 2022","2044","28 years","Male","Method - M2","Number","38020"
"Population Projections based on Census 2022","2044","28 years","Female","Method - M2","Number","38146"
"Population Projections based on Census 2022","2044","29 years","Male","Method - M2","Number","39631"
"Population Projections based on Census 2022","2044","29 years","Female","Method - M2","Number","39423"
"Population Projections based on Census 2022","2044","30 years","Male","Method - M2","Number","40713"
"Population Projections based on Census 2022","2044","30 years","Female","Method - M2","Number","40652"
"Population Projections based on Census 2022","2044","31 years","Male","Method - M2","Number","41603"
"Population Projections based on Census 2022","2044","31 years","Female","Method - M2","Number","41729"
"Population Projections based on Census 2022","2044","32 years","Male","Method - M2","Number","42888"
"Population Projections based on Census 2022","2044","32 years","Female","Method - M2","Number","42911"
"Population Projections based on Census 2022","2044","33 years","Male","Method - M2","Number","43229"
"Population Projections based on Census 2022","2044","33 years","Female","Method - M2","Number","43989"
"Population Projections based on Census 2022","2044","34 years","Male","Method - M2","Number","44106"
"Population Projections based on Census 2022","2044","34 years","Female","Method - M2","Number","44855"
"Population Projections based on Census 2022","2044","35 years","Male","Method - M2","Number","43765"
"Population Projections based on Census 2022","2044","35 years","Female","Method - M2","Number","44734"
"Population Projections based on Census 2022","2044","36 years","Male","Method - M2","Number","43142"
"Population Projections based on Census 2022","2044","36 years","Female","Method - M2","Number","44613"
"Population Projections based on Census 2022","2044","37 years","Male","Method - M2","Number","41857"
"Population Projections based on Census 2022","2044","37 years","Female","Method - M2","Number","43088"
"Population Projections based on Census 2022","2044","38 years","Male","Method - M2","Number","40862"
"Population Projections based on Census 2022","2044","38 years","Female","Method - M2","Number","42145"
"Population Projections based on Census 2022","2044","39 years","Male","Method - M2","Number","41276"
"Population Projections based on Census 2022","2044","39 years","Female","Method - M2","Number","42106"
"Population Projections based on Census 2022","2044","40 years","Male","Method - M2","Number","40473"
"Population Projections based on Census 2022","2044","40 years","Female","Method - M2","Number","42304"
"Population Projections based on Census 2022","2044","41 years","Male","Method - M2","Number","39922"
"Population Projections based on Census 2022","2044","41 years","Female","Method - M2","Number","41849"
"Population Projections based on Census 2022","2044","42 years","Male","Method - M2","Number","39743"
"Population Projections based on Census 2022","2044","42 years","Female","Method - M2","Number","42064"
"Population Projections based on Census 2022","2044","43 years","Male","Method - M2","Number","39162"
"Population Projections based on Census 2022","2044","43 years","Female","Method - M2","Number","41291"
"Population Projections based on Census 2022","2044","44 years","Male","Method - M2","Number","40069"
"Population Projections based on Census 2022","2044","44 years","Female","Method - M2","Number","42457"
"Population Projections based on Census 2022","2044","45 years","Male","Method - M2","Number","39782"
"Population Projections based on Census 2022","2044","45 years","Female","Method - M2","Number","41725"
"Population Projections based on Census 2022","2044","46 years","Male","Method - M2","Number","39247"
"Population Projections based on Census 2022","2044","46 years","Female","Method - M2","Number","41114"
"Population Projections based on Census 2022","2044","47 years","Male","Method - M2","Number","38496"
"Population Projections based on Census 2022","2044","47 years","Female","Method - M2","Number","40487"
"Population Projections based on Census 2022","2044","48 years","Male","Method - M2","Number","37279"
"Population Projections based on Census 2022","2044","48 years","Female","Method - M2","Number","39375"
"Population Projections based on Census 2022","2044","49 years","Male","Method - M2","Number","36676"
"Population Projections based on Census 2022","2044","49 years","Female","Method - M2","Number","39503"
"Population Projections based on Census 2022","2044","50 years","Male","Method - M2","Number","35990"
"Population Projections based on Census 2022","2044","50 years","Female","Method - M2","Number","39155"
"Population Projections based on Census 2022","2044","51 years","Male","Method - M2","Number","36620"
"Population Projections based on Census 2022","2044","51 years","Female","Method - M2","Number","39818"
"Population Projections based on Census 2022","2044","52 years","Male","Method - M2","Number","37312"
"Population Projections based on Census 2022","2044","52 years","Female","Method - M2","Number","41543"
"Population Projections based on Census 2022","2044","53 years","Male","Method - M2","Number","38055"
"Population Projections based on Census 2022","2044","53 years","Female","Method - M2","Number","41743"
"Population Projections based on Census 2022","2044","54 years","Male","Method - M2","Number","37878"
"Population Projections based on Census 2022","2044","54 years","Female","Method - M2","Number","42064"
"Population Projections based on Census 2022","2044","55 years","Male","Method - M2","Number","37097"
"Population Projections based on Census 2022","2044","55 years","Female","Method - M2","Number","41742"
"Population Projections based on Census 2022","2044","56 years","Male","Method - M2","Number","37972"
"Population Projections based on Census 2022","2044","56 years","Female","Method - M2","Number","43117"
"Population Projections based on Census 2022","2044","57 years","Male","Method - M2","Number","39536"
"Population Projections based on Census 2022","2044","57 years","Female","Method - M2","Number","44569"
"Population Projections based on Census 2022","2044","58 years","Male","Method - M2","Number","39994"
"Population Projections based on Census 2022","2044","58 years","Female","Method - M2","Number","44906"
"Population Projections based on Census 2022","2044","59 years","Male","Method - M2","Number","40292"
"Population Projections based on Census 2022","2044","59 years","Female","Method - M2","Number","44761"
"Population Projections based on Census 2022","2044","60 years","Male","Method - M2","Number","41105"
"Population Projections based on Census 2022","2044","60 years","Female","Method - M2","Number","45944"
"Population Projections based on Census 2022","2044","61 years","Male","Method - M2","Number","41875"
"Population Projections based on Census 2022","2044","61 years","Female","Method - M2","Number","47070"
"Population Projections based on Census 2022","2044","62 years","Male","Method - M2","Number","43431"
"Population Projections based on Census 2022","2044","62 years","Female","Method - M2","Number","47439"
"Population Projections based on Census 2022","2044","63 years","Male","Method - M2","Number","43589"
"Population Projections based on Census 2022","2044","63 years","Female","Method - M2","Number","46903"
"Population Projections based on Census 2022","2044","64 years","Male","Method - M2","Number","43287"
"Population Projections based on Census 2022","2044","64 years","Female","Method - M2","Number","45920"
"Population Projections based on Census 2022","2044","65 years","Male","Method - M2","Number","40210"
"Population Projections based on Census 2022","2044","65 years","Female","Method - M2","Number","43059"
"Population Projections based on Census 2022","2044","66 years","Male","Method - M2","Number","37943"
"Population Projections based on Census 2022","2044","66 years","Female","Method - M2","Number","40092"
"Population Projections based on Census 2022","2044","67 years","Male","Method - M2","Number","37665"
"Population Projections based on Census 2022","2044","67 years","Female","Method - M2","Number","39204"
"Population Projections based on Census 2022","2044","68 years","Male","Method - M2","Number","36714"
"Population Projections based on Census 2022","2044","68 years","Female","Method - M2","Number","38415"
"Population Projections based on Census 2022","2044","69 years","Male","Method - M2","Number","36061"
"Population Projections based on Census 2022","2044","69 years","Female","Method - M2","Number","37531"
"Population Projections based on Census 2022","2044","70 years","Male","Method - M2","Number","35224"
"Population Projections based on Census 2022","2044","70 years","Female","Method - M2","Number","36945"
"Population Projections based on Census 2022","2044","71 years","Male","Method - M2","Number","34911"
"Population Projections based on Census 2022","2044","71 years","Female","Method - M2","Number","36529"
"Population Projections based on Census 2022","2044","72 years","Male","Method - M2","Number","34227"
"Population Projections based on Census 2022","2044","72 years","Female","Method - M2","Number","35770"
"Population Projections based on Census 2022","2044","73 years","Male","Method - M2","Number","32298"
"Population Projections based on Census 2022","2044","73 years","Female","Method - M2","Number","33945"
"Population Projections based on Census 2022","2044","74 years","Male","Method - M2","Number","31219"
"Population Projections based on Census 2022","2044","74 years","Female","Method - M2","Number","32975"
"Population Projections based on Census 2022","2044","75 years","Male","Method - M2","Number","29167"
"Population Projections based on Census 2022","2044","75 years","Female","Method - M2","Number","30558"
"Population Projections based on Census 2022","2044","76 years","Male","Method - M2","Number","27987"
"Population Projections based on Census 2022","2044","76 years","Female","Method - M2","Number","30023"
"Population Projections based on Census 2022","2044","77 years","Male","Method - M2","Number","26853"
"Population Projections based on Census 2022","2044","77 years","Female","Method - M2","Number","29127"
"Population Projections based on Census 2022","2044","78 years","Male","Method - M2","Number","25349"
"Population Projections based on Census 2022","2044","78 years","Female","Method - M2","Number","28073"
"Population Projections based on Census 2022","2044","79 years","Male","Method - M2","Number","24602"
"Population Projections based on Census 2022","2044","79 years","Female","Method - M2","Number","27912"
"Population Projections based on Census 2022","2044","80 years","Male","Method - M2","Number","22935"
"Population Projections based on Census 2022","2044","80 years","Female","Method - M2","Number","26261"
"Population Projections based on Census 2022","2044","81 years","Male","Method - M2","Number","21562"
"Population Projections based on Census 2022","2044","81 years","Female","Method - M2","Number","24945"
"Population Projections based on Census 2022","2044","82 years","Male","Method - M2","Number","20397"
"Population Projections based on Census 2022","2044","82 years","Female","Method - M2","Number","23751"
"Population Projections based on Census 2022","2044","83 years","Male","Method - M2","Number","18583"
"Population Projections based on Census 2022","2044","83 years","Female","Method - M2","Number","22341"
"Population Projections based on Census 2022","2044","84 years","Male","Method - M2","Number","17097"
"Population Projections based on Census 2022","2044","84 years","Female","Method - M2","Number","20676"
"Population Projections based on Census 2022","2044","85 years","Male","Method - M2","Number","15222"
"Population Projections based on Census 2022","2044","85 years","Female","Method - M2","Number","18532"
"Population Projections based on Census 2022","2044","86 years","Male","Method - M2","Number","13612"
"Population Projections based on Census 2022","2044","86 years","Female","Method - M2","Number","17312"
"Population Projections based on Census 2022","2044","87 years","Male","Method - M2","Number","12573"
"Population Projections based on Census 2022","2044","87 years","Female","Method - M2","Number","15883"
"Population Projections based on Census 2022","2044","88 years","Male","Method - M2","Number","10895"
"Population Projections based on Census 2022","2044","88 years","Female","Method - M2","Number","14383"
"Population Projections based on Census 2022","2044","89 years","Male","Method - M2","Number","9762"
"Population Projections based on Census 2022","2044","89 years","Female","Method - M2","Number","13178"
"Population Projections based on Census 2022","2044","90 years","Male","Method - M2","Number","8316"
"Population Projections based on Census 2022","2044","90 years","Female","Method - M2","Number","11332"
"Population Projections based on Census 2022","2044","91 years","Male","Method - M2","Number","7317"
"Population Projections based on Census 2022","2044","91 years","Female","Method - M2","Number","10380"
"Population Projections based on Census 2022","2044","92 years","Male","Method - M2","Number","6048"
"Population Projections based on Census 2022","2044","92 years","Female","Method - M2","Number","8788"
"Population Projections based on Census 2022","2044","93 years","Male","Method - M2","Number","4868"
"Population Projections based on Census 2022","2044","93 years","Female","Method - M2","Number","7319"
"Population Projections based on Census 2022","2044","94 years","Male","Method - M2","Number","3917"
"Population Projections based on Census 2022","2044","94 years","Female","Method - M2","Number","6208"
"Population Projections based on Census 2022","2044","95 years","Male","Method - M2","Number","3005"
"Population Projections based on Census 2022","2044","95 years","Female","Method - M2","Number","4898"
"Population Projections based on Census 2022","2044","96 years","Male","Method - M2","Number","2244"
"Population Projections based on Census 2022","2044","96 years","Female","Method - M2","Number","3741"
"Population Projections based on Census 2022","2044","97 years","Male","Method - M2","Number","1595"
"Population Projections based on Census 2022","2044","97 years","Female","Method - M2","Number","2783"
"Population Projections based on Census 2022","2044","98 years","Male","Method - M2","Number","1059"
"Population Projections based on Census 2022","2044","98 years","Female","Method - M2","Number","2009"
"Population Projections based on Census 2022","2044","99 years and over","Male","Method - M2","Number","1574"
"Population Projections based on Census 2022","2044","99 years and over","Female","Method - M2","Number","3241"
"Population Projections based on Census 2022","2045","Under 1 year","Male","Method - M2","Number","27114"
"Population Projections based on Census 2022","2045","Under 1 year","Female","Method - M2","Number","25732"
"Population Projections based on Census 2022","2045","1 year","Male","Method - M2","Number","27320"
"Population Projections based on Census 2022","2045","1 year","Female","Method - M2","Number","25938"
"Population Projections based on Census 2022","2045","2 years","Male","Method - M2","Number","27472"
"Population Projections based on Census 2022","2045","2 years","Female","Method - M2","Number","26081"
"Population Projections based on Census 2022","2045","3 years","Male","Method - M2","Number","27538"
"Population Projections based on Census 2022","2045","3 years","Female","Method - M2","Number","26134"
"Population Projections based on Census 2022","2045","4 years","Male","Method - M2","Number","27518"
"Population Projections based on Census 2022","2045","4 years","Female","Method - M2","Number","26127"
"Population Projections based on Census 2022","2045","5 years","Male","Method - M2","Number","27507"
"Population Projections based on Census 2022","2045","5 years","Female","Method - M2","Number","26083"
"Population Projections based on Census 2022","2045","6 years","Male","Method - M2","Number","27447"
"Population Projections based on Census 2022","2045","6 years","Female","Method - M2","Number","26025"
"Population Projections based on Census 2022","2045","7 years","Male","Method - M2","Number","27360"
"Population Projections based on Census 2022","2045","7 years","Female","Method - M2","Number","25937"
"Population Projections based on Census 2022","2045","8 years","Male","Method - M2","Number","27595"
"Population Projections based on Census 2022","2045","8 years","Female","Method - M2","Number","26167"
"Population Projections based on Census 2022","2045","9 years","Male","Method - M2","Number","27796"
"Population Projections based on Census 2022","2045","9 years","Female","Method - M2","Number","26353"
"Population Projections based on Census 2022","2045","10 years","Male","Method - M2","Number","28000"
"Population Projections based on Census 2022","2045","10 years","Female","Method - M2","Number","26551"
"Population Projections based on Census 2022","2045","11 years","Male","Method - M2","Number","28194"
"Population Projections based on Census 2022","2045","11 years","Female","Method - M2","Number","26726"
"Population Projections based on Census 2022","2045","12 years","Male","Method - M2","Number","28425"
"Population Projections based on Census 2022","2045","12 years","Female","Method - M2","Number","26948"
"Population Projections based on Census 2022","2045","13 years","Male","Method - M2","Number","28740"
"Population Projections based on Census 2022","2045","13 years","Female","Method - M2","Number","27254"
"Population Projections based on Census 2022","2045","14 years","Male","Method - M2","Number","29010"
"Population Projections based on Census 2022","2045","14 years","Female","Method - M2","Number","27514"
"Population Projections based on Census 2022","2045","15 years","Male","Method - M2","Number","29258"
"Population Projections based on Census 2022","2045","15 years","Female","Method - M2","Number","27904"
"Population Projections based on Census 2022","2045","16 years","Male","Method - M2","Number","29528"
"Population Projections based on Census 2022","2045","16 years","Female","Method - M2","Number","28314"
"Population Projections based on Census 2022","2045","17 years","Male","Method - M2","Number","29915"
"Population Projections based on Census 2022","2045","17 years","Female","Method - M2","Number","28754"
"Population Projections based on Census 2022","2045","18 years","Male","Method - M2","Number","30348"
"Population Projections based on Census 2022","2045","18 years","Female","Method - M2","Number","29294"
"Population Projections based on Census 2022","2045","19 years","Male","Method - M2","Number","30807"
"Population Projections based on Census 2022","2045","19 years","Female","Method - M2","Number","29874"
"Population Projections based on Census 2022","2045","20 years","Male","Method - M2","Number","31178"
"Population Projections based on Census 2022","2045","20 years","Female","Method - M2","Number","30369"
"Population Projections based on Census 2022","2045","21 years","Male","Method - M2","Number","31546"
"Population Projections based on Census 2022","2045","21 years","Female","Method - M2","Number","30826"
"Population Projections based on Census 2022","2045","22 years","Male","Method - M2","Number","32737"
"Population Projections based on Census 2022","2045","22 years","Female","Method - M2","Number","32060"
"Population Projections based on Census 2022","2045","23 years","Male","Method - M2","Number","32650"
"Population Projections based on Census 2022","2045","23 years","Female","Method - M2","Number","32187"
"Population Projections based on Census 2022","2045","24 years","Male","Method - M2","Number","31900"
"Population Projections based on Census 2022","2045","24 years","Female","Method - M2","Number","31576"
"Population Projections based on Census 2022","2045","25 years","Male","Method - M2","Number","33486"
"Population Projections based on Census 2022","2045","25 years","Female","Method - M2","Number","33333"
"Population Projections based on Census 2022","2045","26 years","Male","Method - M2","Number","34572"
"Population Projections based on Census 2022","2045","26 years","Female","Method - M2","Number","34320"
"Population Projections based on Census 2022","2045","27 years","Male","Method - M2","Number","35546"
"Population Projections based on Census 2022","2045","27 years","Female","Method - M2","Number","35093"
"Population Projections based on Census 2022","2045","28 years","Male","Method - M2","Number","36811"
"Population Projections based on Census 2022","2045","28 years","Female","Method - M2","Number","36989"
"Population Projections based on Census 2022","2045","29 years","Male","Method - M2","Number","38431"
"Population Projections based on Census 2022","2045","29 years","Female","Method - M2","Number","38628"
"Population Projections based on Census 2022","2045","30 years","Male","Method - M2","Number","40008"
"Population Projections based on Census 2022","2045","30 years","Female","Method - M2","Number","39892"
"Population Projections based on Census 2022","2045","31 years","Male","Method - M2","Number","41077"
"Population Projections based on Census 2022","2045","31 years","Female","Method - M2","Number","41102"
"Population Projections based on Census 2022","2045","32 years","Male","Method - M2","Number","41944"
"Population Projections based on Census 2022","2045","32 years","Female","Method - M2","Number","42184"
"Population Projections based on Census 2022","2045","33 years","Male","Method - M2","Number","43199"
"Population Projections based on Census 2022","2045","33 years","Female","Method - M2","Number","43356"
"Population Projections based on Census 2022","2045","34 years","Male","Method - M2","Number","43566"
"Population Projections based on Census 2022","2045","34 years","Female","Method - M2","Number","44451"
"Population Projections based on Census 2022","2045","35 years","Male","Method - M2","Number","44391"
"Population Projections based on Census 2022","2045","35 years","Female","Method - M2","Number","45287"
"Population Projections based on Census 2022","2045","36 years","Male","Method - M2","Number","44054"
"Population Projections based on Census 2022","2045","36 years","Female","Method - M2","Number","45168"
"Population Projections based on Census 2022","2045","37 years","Male","Method - M2","Number","43408"
"Population Projections based on Census 2022","2045","37 years","Female","Method - M2","Number","45024"
"Population Projections based on Census 2022","2045","38 years","Male","Method - M2","Number","42113"
"Population Projections based on Census 2022","2045","38 years","Female","Method - M2","Number","43505"
"Population Projections based on Census 2022","2045","39 years","Male","Method - M2","Number","41131"
"Population Projections based on Census 2022","2045","39 years","Female","Method - M2","Number","42583"
"Population Projections based on Census 2022","2045","40 years","Male","Method - M2","Number","41556"
"Population Projections based on Census 2022","2045","40 years","Female","Method - M2","Number","42545"
"Population Projections based on Census 2022","2045","41 years","Male","Method - M2","Number","40746"
"Population Projections based on Census 2022","2045","41 years","Female","Method - M2","Number","42760"
"Population Projections based on Census 2022","2045","42 years","Male","Method - M2","Number","40244"
"Population Projections based on Census 2022","2045","42 years","Female","Method - M2","Number","42331"
"Population Projections based on Census 2022","2045","43 years","Male","Method - M2","Number","40064"
"Population Projections based on Census 2022","2045","43 years","Female","Method - M2","Number","42547"
"Population Projections based on Census 2022","2045","44 years","Male","Method - M2","Number","39499"
"Population Projections based on Census 2022","2045","44 years","Female","Method - M2","Number","41771"
"Population Projections based on Census 2022","2045","45 years","Male","Method - M2","Number","40100"
"Population Projections based on Census 2022","2045","45 years","Female","Method - M2","Number","42483"
"Population Projections based on Census 2022","2045","46 years","Male","Method - M2","Number","39785"
"Population Projections based on Census 2022","2045","46 years","Female","Method - M2","Number","41755"
"Population Projections based on Census 2022","2045","47 years","Male","Method - M2","Number","39268"
"Population Projections based on Census 2022","2045","47 years","Female","Method - M2","Number","41143"
"Population Projections based on Census 2022","2045","48 years","Male","Method - M2","Number","38530"
"Population Projections based on Census 2022","2045","48 years","Female","Method - M2","Number","40540"
"Population Projections based on Census 2022","2045","49 years","Male","Method - M2","Number","37335"
"Population Projections based on Census 2022","2045","49 years","Female","Method - M2","Number","39432"
"Population Projections based on Census 2022","2045","50 years","Male","Method - M2","Number","36730"
"Population Projections based on Census 2022","2045","50 years","Female","Method - M2","Number","39565"
"Population Projections based on Census 2022","2045","51 years","Male","Method - M2","Number","36043"
"Population Projections based on Census 2022","2045","51 years","Female","Method - M2","Number","39214"
"Population Projections based on Census 2022","2045","52 years","Male","Method - M2","Number","36674"
"Population Projections based on Census 2022","2045","52 years","Female","Method - M2","Number","39868"
"Population Projections based on Census 2022","2045","53 years","Male","Method - M2","Number","37358"
"Population Projections based on Census 2022","2045","53 years","Female","Method - M2","Number","41588"
"Population Projections based on Census 2022","2045","54 years","Male","Method - M2","Number","38107"
"Population Projections based on Census 2022","2045","54 years","Female","Method - M2","Number","41789"
"Population Projections based on Census 2022","2045","55 years","Male","Method - M2","Number","37916"
"Population Projections based on Census 2022","2045","55 years","Female","Method - M2","Number","42114"
"Population Projections based on Census 2022","2045","56 years","Male","Method - M2","Number","37137"
"Population Projections based on Census 2022","2045","56 years","Female","Method - M2","Number","41785"
"Population Projections based on Census 2022","2045","57 years","Male","Method - M2","Number","37999"
"Population Projections based on Census 2022","2045","57 years","Female","Method - M2","Number","43144"
"Population Projections based on Census 2022","2045","58 years","Male","Method - M2","Number","39546"
"Population Projections based on Census 2022","2045","58 years","Female","Method - M2","Number","44595"
"Population Projections based on Census 2022","2045","59 years","Male","Method - M2","Number","39992"
"Population Projections based on Census 2022","2045","59 years","Female","Method - M2","Number","44941"
"Population Projections based on Census 2022","2045","60 years","Male","Method - M2","Number","40279"
"Population Projections based on Census 2022","2045","60 years","Female","Method - M2","Number","44784"
"Population Projections based on Census 2022","2045","61 years","Male","Method - M2","Number","41086"
"Population Projections based on Census 2022","2045","61 years","Female","Method - M2","Number","45945"
"Population Projections based on Census 2022","2045","62 years","Male","Method - M2","Number","41826"
"Population Projections based on Census 2022","2045","62 years","Female","Method - M2","Number","47055"
"Population Projections based on Census 2022","2045","63 years","Male","Method - M2","Number","43380"
"Population Projections based on Census 2022","2045","63 years","Female","Method - M2","Number","47417"
"Population Projections based on Census 2022","2045","64 years","Male","Method - M2","Number","43511"
"Population Projections based on Census 2022","2045","64 years","Female","Method - M2","Number","46870"
"Population Projections based on Census 2022","2045","65 years","Male","Method - M2","Number","43011"
"Population Projections based on Census 2022","2045","65 years","Female","Method - M2","Number","45749"
"Population Projections based on Census 2022","2045","66 years","Male","Method - M2","Number","39946"
"Population Projections based on Census 2022","2045","66 years","Female","Method - M2","Number","42877"
"Population Projections based on Census 2022","2045","67 years","Male","Method - M2","Number","37680"
"Population Projections based on Census 2022","2045","67 years","Female","Method - M2","Number","39925"
"Population Projections based on Census 2022","2045","68 years","Male","Method - M2","Number","37375"
"Population Projections based on Census 2022","2045","68 years","Female","Method - M2","Number","39028"
"Population Projections based on Census 2022","2045","69 years","Male","Method - M2","Number","36396"
"Population Projections based on Census 2022","2045","69 years","Female","Method - M2","Number","38213"
"Population Projections based on Census 2022","2045","70 years","Male","Method - M2","Number","35718"
"Population Projections based on Census 2022","2045","70 years","Female","Method - M2","Number","37322"
"Population Projections based on Census 2022","2045","71 years","Male","Method - M2","Number","34856"
"Population Projections based on Census 2022","2045","71 years","Female","Method - M2","Number","36704"
"Population Projections based on Census 2022","2045","72 years","Male","Method - M2","Number","34504"
"Population Projections based on Census 2022","2045","72 years","Female","Method - M2","Number","36265"
"Population Projections based on Census 2022","2045","73 years","Male","Method - M2","Number","33768"
"Population Projections based on Census 2022","2045","73 years","Female","Method - M2","Number","35469"
"Population Projections based on Census 2022","2045","74 years","Male","Method - M2","Number","31809"
"Population Projections based on Census 2022","2045","74 years","Female","Method - M2","Number","33629"
"Population Projections based on Census 2022","2045","75 years","Male","Method - M2","Number","30683"
"Population Projections based on Census 2022","2045","75 years","Female","Method - M2","Number","32620"
"Population Projections based on Census 2022","2045","76 years","Male","Method - M2","Number","28573"
"Population Projections based on Census 2022","2045","76 years","Female","Method - M2","Number","30161"
"Population Projections based on Census 2022","2045","77 years","Male","Method - M2","Number","27344"
"Population Projections based on Census 2022","2045","77 years","Female","Method - M2","Number","29578"
"Population Projections based on Census 2022","2045","78 years","Male","Method - M2","Number","26167"
"Population Projections based on Census 2022","2045","78 years","Female","Method - M2","Number","28639"
"Population Projections based on Census 2022","2045","79 years","Male","Method - M2","Number","24630"
"Population Projections based on Census 2022","2045","79 years","Female","Method - M2","Number","27544"
"Population Projections based on Census 2022","2045","80 years","Male","Method - M2","Number","23826"
"Population Projections based on Census 2022","2045","80 years","Female","Method - M2","Number","27313"
"Population Projections based on Census 2022","2045","81 years","Male","Method - M2","Number","22132"
"Population Projections based on Census 2022","2045","81 years","Female","Method - M2","Number","25621"
"Population Projections based on Census 2022","2045","82 years","Male","Method - M2","Number","20714"
"Population Projections based on Census 2022","2045","82 years","Female","Method - M2","Number","24246"
"Population Projections based on Census 2022","2045","83 years","Male","Method - M2","Number","19473"
"Population Projections based on Census 2022","2045","83 years","Female","Method - M2","Number","22976"
"Population Projections based on Census 2022","2045","84 years","Male","Method - M2","Number","17629"
"Population Projections based on Census 2022","2045","84 years","Female","Method - M2","Number","21509"
"Population Projections based on Census 2022","2045","85 years","Male","Method - M2","Number","16109"
"Population Projections based on Census 2022","2045","85 years","Female","Method - M2","Number","19796"
"Population Projections based on Census 2022","2045","86 years","Male","Method - M2","Number","14223"
"Population Projections based on Census 2022","2045","86 years","Female","Method - M2","Number","17619"
"Population Projections based on Census 2022","2045","87 years","Male","Method - M2","Number","12614"
"Population Projections based on Census 2022","2045","87 years","Female","Method - M2","Number","16350"
"Population Projections based on Census 2022","2045","88 years","Male","Method - M2","Number","11544"
"Population Projections based on Census 2022","2045","88 years","Female","Method - M2","Number","14883"
"Population Projections based on Census 2022","2045","89 years","Male","Method - M2","Number","9903"
"Population Projections based on Census 2022","2045","89 years","Female","Method - M2","Number","13363"
"Population Projections based on Census 2022","2045","90 years","Male","Method - M2","Number","8782"
"Population Projections based on Census 2022","2045","90 years","Female","Method - M2","Number","12127"
"Population Projections based on Census 2022","2045","91 years","Male","Method - M2","Number","7390"
"Population Projections based on Census 2022","2045","91 years","Female","Method - M2","Number","10321"
"Population Projections based on Census 2022","2045","92 years","Male","Method - M2","Number","6401"
"Population Projections based on Census 2022","2045","92 years","Female","Method - M2","Number","9321"
"Population Projections based on Census 2022","2045","93 years","Male","Method - M2","Number","5171"
"Population Projections based on Census 2022","2045","93 years","Female","Method - M2","Number","7739"
"Population Projections based on Census 2022","2045","94 years","Male","Method - M2","Number","4061"
"Population Projections based on Census 2022","2045","94 years","Female","Method - M2","Number","6303"
"Population Projections based on Census 2022","2045","95 years","Male","Method - M2","Number","3179"
"Population Projections based on Census 2022","2045","95 years","Female","Method - M2","Number","5209"
"Population Projections based on Census 2022","2045","96 years","Male","Method - M2","Number","2355"
"Population Projections based on Census 2022","2045","96 years","Female","Method - M2","Number","3983"
"Population Projections based on Census 2022","2045","97 years","Male","Method - M2","Number","1698"
"Population Projections based on Census 2022","2045","97 years","Female","Method - M2","Number","2942"
"Population Projections based on Census 2022","2045","98 years","Male","Method - M2","Number","1159"
"Population Projections based on Census 2022","2045","98 years","Female","Method - M2","Number","2111"
"Population Projections based on Census 2022","2045","99 years and over","Male","Method - M2","Number","1720"
"Population Projections based on Census 2022","2045","99 years and over","Female","Method - M2","Number","3547"
"Population Projections based on Census 2022","2046","Under 1 year","Male","Method - M2","Number","27045"
"Population Projections based on Census 2022","2046","Under 1 year","Female","Method - M2","Number","25666"
"Population Projections based on Census 2022","2046","1 year","Male","Method - M2","Number","27293"
"Population Projections based on Census 2022","2046","1 year","Female","Method - M2","Number","25912"
"Population Projections based on Census 2022","2046","2 years","Male","Method - M2","Number","27507"
"Population Projections based on Census 2022","2046","2 years","Female","Method - M2","Number","26115"
"Population Projections based on Census 2022","2046","3 years","Male","Method - M2","Number","27636"
"Population Projections based on Census 2022","2046","3 years","Female","Method - M2","Number","26228"
"Population Projections based on Census 2022","2046","4 years","Male","Method - M2","Number","27698"
"Population Projections based on Census 2022","2046","4 years","Female","Method - M2","Number","26297"
"Population Projections based on Census 2022","2046","5 years","Male","Method - M2","Number","27699"
"Population Projections based on Census 2022","2046","5 years","Female","Method - M2","Number","26267"
"Population Projections based on Census 2022","2046","6 years","Male","Method - M2","Number","27673"
"Population Projections based on Census 2022","2046","6 years","Female","Method - M2","Number","26239"
"Population Projections based on Census 2022","2046","7 years","Male","Method - M2","Number","27607"
"Population Projections based on Census 2022","2046","7 years","Female","Method - M2","Number","26170"
"Population Projections based on Census 2022","2046","8 years","Male","Method - M2","Number","27506"
"Population Projections based on Census 2022","2046","8 years","Female","Method - M2","Number","26083"
"Population Projections based on Census 2022","2046","9 years","Male","Method - M2","Number","27745"
"Population Projections based on Census 2022","2046","9 years","Female","Method - M2","Number","26304"
"Population Projections based on Census 2022","2046","10 years","Male","Method - M2","Number","27949"
"Population Projections based on Census 2022","2046","10 years","Female","Method - M2","Number","26504"
"Population Projections based on Census 2022","2046","11 years","Male","Method - M2","Number","28159"
"Population Projections based on Census 2022","2046","11 years","Female","Method - M2","Number","26693"
"Population Projections based on Census 2022","2046","12 years","Male","Method - M2","Number","28352"
"Population Projections based on Census 2022","2046","12 years","Female","Method - M2","Number","26875"
"Population Projections based on Census 2022","2046","13 years","Male","Method - M2","Number","28581"
"Population Projections based on Census 2022","2046","13 years","Female","Method - M2","Number","27104"
"Population Projections based on Census 2022","2046","14 years","Male","Method - M2","Number","28846"
"Population Projections based on Census 2022","2046","14 years","Female","Method - M2","Number","27355"
"Population Projections based on Census 2022","2046","15 years","Male","Method - M2","Number","29093"
"Population Projections based on Census 2022","2046","15 years","Female","Method - M2","Number","27746"
"Population Projections based on Census 2022","2046","16 years","Male","Method - M2","Number","29345"
"Population Projections based on Census 2022","2046","16 years","Female","Method - M2","Number","28141"
"Population Projections based on Census 2022","2046","17 years","Male","Method - M2","Number","29645"
"Population Projections based on Census 2022","2046","17 years","Female","Method - M2","Number","28499"
"Population Projections based on Census 2022","2046","18 years","Male","Method - M2","Number","29969"
"Population Projections based on Census 2022","2046","18 years","Female","Method - M2","Number","28930"
"Population Projections based on Census 2022","2046","19 years","Male","Method - M2","Number","30373"
"Population Projections based on Census 2022","2046","19 years","Female","Method - M2","Number","29467"
"Population Projections based on Census 2022","2046","20 years","Male","Method - M2","Number","30818"
"Population Projections based on Census 2022","2046","20 years","Female","Method - M2","Number","30026"
"Population Projections based on Census 2022","2046","21 years","Male","Method - M2","Number","31173"
"Population Projections based on Census 2022","2046","21 years","Female","Method - M2","Number","30475"
"Population Projections based on Census 2022","2046","22 years","Male","Method - M2","Number","31529"
"Population Projections based on Census 2022","2046","22 years","Female","Method - M2","Number","30914"
"Population Projections based on Census 2022","2046","23 years","Male","Method - M2","Number","32710"
"Population Projections based on Census 2022","2046","23 years","Female","Method - M2","Number","32151"
"Population Projections based on Census 2022","2046","24 years","Male","Method - M2","Number","32637"
"Population Projections based on Census 2022","2046","24 years","Female","Method - M2","Number","32250"
"Population Projections based on Census 2022","2046","25 years","Male","Method - M2","Number","32408"
"Population Projections based on Census 2022","2046","25 years","Female","Method - M2","Number","32177"
"Population Projections based on Census 2022","2046","26 years","Male","Method - M2","Number","33948"
"Population Projections based on Census 2022","2046","26 years","Female","Method - M2","Number","33904"
"Population Projections based on Census 2022","2046","27 years","Male","Method - M2","Number","35008"
"Population Projections based on Census 2022","2046","27 years","Female","Method - M2","Number","34875"
"Population Projections based on Census 2022","2046","28 years","Male","Method - M2","Number","35972"
"Population Projections based on Census 2022","2046","28 years","Female","Method - M2","Number","35617"
"Population Projections based on Census 2022","2046","29 years","Male","Method - M2","Number","37222"
"Population Projections based on Census 2022","2046","29 years","Female","Method - M2","Number","37471"
"Population Projections based on Census 2022","2046","30 years","Male","Method - M2","Number","38809"
"Population Projections based on Census 2022","2046","30 years","Female","Method - M2","Number","39097"
"Population Projections based on Census 2022","2046","31 years","Male","Method - M2","Number","40372"
"Population Projections based on Census 2022","2046","31 years","Female","Method - M2","Number","40343"
"Population Projections based on Census 2022","2046","32 years","Male","Method - M2","Number","41419"
"Population Projections based on Census 2022","2046","32 years","Female","Method - M2","Number","41557"
"Population Projections based on Census 2022","2046","33 years","Male","Method - M2","Number","42256"
"Population Projections based on Census 2022","2046","33 years","Female","Method - M2","Number","42629"
"Population Projections based on Census 2022","2046","34 years","Male","Method - M2","Number","43536"
"Population Projections based on Census 2022","2046","34 years","Female","Method - M2","Number","43818"
"Population Projections based on Census 2022","2046","35 years","Male","Method - M2","Number","43851"
"Population Projections based on Census 2022","2046","35 years","Female","Method - M2","Number","44884"
"Population Projections based on Census 2022","2046","36 years","Male","Method - M2","Number","44681"
"Population Projections based on Census 2022","2046","36 years","Female","Method - M2","Number","45721"
"Population Projections based on Census 2022","2046","37 years","Male","Method - M2","Number","44319"
"Population Projections based on Census 2022","2046","37 years","Female","Method - M2","Number","45579"
"Population Projections based on Census 2022","2046","38 years","Male","Method - M2","Number","43663"
"Population Projections based on Census 2022","2046","38 years","Female","Method - M2","Number","45441"
"Population Projections based on Census 2022","2046","39 years","Male","Method - M2","Number","42381"
"Population Projections based on Census 2022","2046","39 years","Female","Method - M2","Number","43943"
"Population Projections based on Census 2022","2046","40 years","Male","Method - M2","Number","41412"
"Population Projections based on Census 2022","2046","40 years","Female","Method - M2","Number","43021"
"Population Projections based on Census 2022","2046","41 years","Male","Method - M2","Number","41829"
"Population Projections based on Census 2022","2046","41 years","Female","Method - M2","Number","43002"
"Population Projections based on Census 2022","2046","42 years","Male","Method - M2","Number","41068"
"Population Projections based on Census 2022","2046","42 years","Female","Method - M2","Number","43242"
"Population Projections based on Census 2022","2046","43 years","Male","Method - M2","Number","40565"
"Population Projections based on Census 2022","2046","43 years","Female","Method - M2","Number","42814"
"Population Projections based on Census 2022","2046","44 years","Male","Method - M2","Number","40401"
"Population Projections based on Census 2022","2046","44 years","Female","Method - M2","Number","43027"
"Population Projections based on Census 2022","2046","45 years","Male","Method - M2","Number","39531"
"Population Projections based on Census 2022","2046","45 years","Female","Method - M2","Number","41798"
"Population Projections based on Census 2022","2046","46 years","Male","Method - M2","Number","40103"
"Population Projections based on Census 2022","2046","46 years","Female","Method - M2","Number","42513"
"Population Projections based on Census 2022","2046","47 years","Male","Method - M2","Number","39806"
"Population Projections based on Census 2022","2046","47 years","Female","Method - M2","Number","41784"
"Population Projections based on Census 2022","2046","48 years","Male","Method - M2","Number","39302"
"Population Projections based on Census 2022","2046","48 years","Female","Method - M2","Number","41196"
"Population Projections based on Census 2022","2046","49 years","Male","Method - M2","Number","38585"
"Population Projections based on Census 2022","2046","49 years","Female","Method - M2","Number","40596"
"Population Projections based on Census 2022","2046","50 years","Male","Method - M2","Number","37389"
"Population Projections based on Census 2022","2046","50 years","Female","Method - M2","Number","39495"
"Population Projections based on Census 2022","2046","51 years","Male","Method - M2","Number","36783"
"Population Projections based on Census 2022","2046","51 years","Female","Method - M2","Number","39624"
"Population Projections based on Census 2022","2046","52 years","Male","Method - M2","Number","36100"
"Population Projections based on Census 2022","2046","52 years","Female","Method - M2","Number","39266"
"Population Projections based on Census 2022","2046","53 years","Male","Method - M2","Number","36723"
"Population Projections based on Census 2022","2046","53 years","Female","Method - M2","Number","39916"
"Population Projections based on Census 2022","2046","54 years","Male","Method - M2","Number","37413"
"Population Projections based on Census 2022","2046","54 years","Female","Method - M2","Number","41636"
"Population Projections based on Census 2022","2046","55 years","Male","Method - M2","Number","38146"
"Population Projections based on Census 2022","2046","55 years","Female","Method - M2","Number","41841"
"Population Projections based on Census 2022","2046","56 years","Male","Method - M2","Number","37955"
"Population Projections based on Census 2022","2046","56 years","Female","Method - M2","Number","42158"
"Population Projections based on Census 2022","2046","57 years","Male","Method - M2","Number","37169"
"Population Projections based on Census 2022","2046","57 years","Female","Method - M2","Number","41815"
"Population Projections based on Census 2022","2046","58 years","Male","Method - M2","Number","38017"
"Population Projections based on Census 2022","2046","58 years","Female","Method - M2","Number","43175"
"Population Projections based on Census 2022","2046","59 years","Male","Method - M2","Number","39548"
"Population Projections based on Census 2022","2046","59 years","Female","Method - M2","Number","44632"
"Population Projections based on Census 2022","2046","60 years","Male","Method - M2","Number","39983"
"Population Projections based on Census 2022","2046","60 years","Female","Method - M2","Number","44966"
"Population Projections based on Census 2022","2046","61 years","Male","Method - M2","Number","40266"
"Population Projections based on Census 2022","2046","61 years","Female","Method - M2","Number","44790"
"Population Projections based on Census 2022","2046","62 years","Male","Method - M2","Number","41044"
"Population Projections based on Census 2022","2046","62 years","Female","Method - M2","Number","45935"
"Population Projections based on Census 2022","2046","63 years","Male","Method - M2","Number","41788"
"Population Projections based on Census 2022","2046","63 years","Female","Method - M2","Number","47036"
"Population Projections based on Census 2022","2046","64 years","Male","Method - M2","Number","43307"
"Population Projections based on Census 2022","2046","64 years","Female","Method - M2","Number","47385"
"Population Projections based on Census 2022","2046","65 years","Male","Method - M2","Number","43238"
"Population Projections based on Census 2022","2046","65 years","Female","Method - M2","Number","46698"
"Population Projections based on Census 2022","2046","66 years","Male","Method - M2","Number","42732"
"Population Projections based on Census 2022","2046","66 years","Female","Method - M2","Number","45558"
"Population Projections based on Census 2022","2046","67 years","Male","Method - M2","Number","39672"
"Population Projections based on Census 2022","2046","67 years","Female","Method - M2","Number","42699"
"Population Projections based on Census 2022","2046","68 years","Male","Method - M2","Number","37396"
"Population Projections based on Census 2022","2046","68 years","Female","Method - M2","Number","39748"
"Population Projections based on Census 2022","2046","69 years","Male","Method - M2","Number","37056"
"Population Projections based on Census 2022","2046","69 years","Female","Method - M2","Number","38825"
"Population Projections based on Census 2022","2046","70 years","Male","Method - M2","Number","36056"
"Population Projections based on Census 2022","2046","70 years","Female","Method - M2","Number","38003"
"Population Projections based on Census 2022","2046","71 years","Male","Method - M2","Number","35351"
"Population Projections based on Census 2022","2046","71 years","Female","Method - M2","Number","37083"
"Population Projections based on Census 2022","2046","72 years","Male","Method - M2","Number","34456"
"Population Projections based on Census 2022","2046","72 years","Female","Method - M2","Number","36443"
"Population Projections based on Census 2022","2046","73 years","Male","Method - M2","Number","34050"
"Population Projections based on Census 2022","2046","73 years","Female","Method - M2","Number","35965"
"Population Projections based on Census 2022","2046","74 years","Male","Method - M2","Number","33264"
"Population Projections based on Census 2022","2046","74 years","Female","Method - M2","Number","35142"
"Population Projections based on Census 2022","2046","75 years","Male","Method - M2","Number","31271"
"Population Projections based on Census 2022","2046","75 years","Female","Method - M2","Number","33272"
"Population Projections based on Census 2022","2046","76 years","Male","Method - M2","Number","30067"
"Population Projections based on Census 2022","2046","76 years","Female","Method - M2","Number","32203"
"Population Projections based on Census 2022","2046","77 years","Male","Method - M2","Number","27927"
"Population Projections based on Census 2022","2046","77 years","Female","Method - M2","Number","29722"
"Population Projections based on Census 2022","2046","78 years","Male","Method - M2","Number","26657"
"Population Projections based on Census 2022","2046","78 years","Female","Method - M2","Number","29090"
"Population Projections based on Census 2022","2046","79 years","Male","Method - M2","Number","25436"
"Population Projections based on Census 2022","2046","79 years","Female","Method - M2","Number","28108"
"Population Projections based on Census 2022","2046","80 years","Male","Method - M2","Number","23866"
"Population Projections based on Census 2022","2046","80 years","Female","Method - M2","Number","26963"
"Population Projections based on Census 2022","2046","81 years","Male","Method - M2","Number","23004"
"Population Projections based on Census 2022","2046","81 years","Female","Method - M2","Number","26657"
"Population Projections based on Census 2022","2046","82 years","Male","Method - M2","Number","21275"
"Population Projections based on Census 2022","2046","82 years","Female","Method - M2","Number","24914"
"Population Projections based on Census 2022","2046","83 years","Male","Method - M2","Number","19790"
"Population Projections based on Census 2022","2046","83 years","Female","Method - M2","Number","23467"
"Population Projections based on Census 2022","2046","84 years","Male","Method - M2","Number","18488"
"Population Projections based on Census 2022","2046","84 years","Female","Method - M2","Number","22133"
"Population Projections based on Census 2022","2046","85 years","Male","Method - M2","Number","16626"
"Population Projections based on Census 2022","2046","85 years","Female","Method - M2","Number","20607"
"Population Projections based on Census 2022","2046","86 years","Male","Method - M2","Number","15068"
"Population Projections based on Census 2022","2046","86 years","Female","Method - M2","Number","18836"
"Population Projections based on Census 2022","2046","87 years","Male","Method - M2","Number","13196"
"Population Projections based on Census 2022","2046","87 years","Female","Method - M2","Number","16655"
"Population Projections based on Census 2022","2046","88 years","Male","Method - M2","Number","11598"
"Population Projections based on Census 2022","2046","88 years","Female","Method - M2","Number","15337"
"Population Projections based on Census 2022","2046","89 years","Male","Method - M2","Number","10509"
"Population Projections based on Census 2022","2046","89 years","Female","Method - M2","Number","13844"
"Population Projections based on Census 2022","2046","90 years","Male","Method - M2","Number","8924"
"Population Projections based on Census 2022","2046","90 years","Female","Method - M2","Number","12314"
"Population Projections based on Census 2022","2046","91 years","Male","Method - M2","Number","7818"
"Population Projections based on Census 2022","2046","91 years","Female","Method - M2","Number","11062"
"Population Projections based on Census 2022","2046","92 years","Male","Method - M2","Number","6479"
"Population Projections based on Census 2022","2046","92 years","Female","Method - M2","Number","9284"
"Population Projections based on Census 2022","2046","93 years","Male","Method - M2","Number","5484"
"Population Projections based on Census 2022","2046","93 years","Female","Method - M2","Number","8222"
"Population Projections based on Census 2022","2046","94 years","Male","Method - M2","Number","4322"
"Population Projections based on Census 2022","2046","94 years","Female","Method - M2","Number","6676"
"Population Projections based on Census 2022","2046","95 years","Male","Method - M2","Number","3302"
"Population Projections based on Census 2022","2046","95 years","Female","Method - M2","Number","5299"
"Population Projections based on Census 2022","2046","96 years","Male","Method - M2","Number","2497"
"Population Projections based on Census 2022","2046","96 years","Female","Method - M2","Number","4243"
"Population Projections based on Census 2022","2046","97 years","Male","Method - M2","Number","1785"
"Population Projections based on Census 2022","2046","97 years","Female","Method - M2","Number","3137"
"Population Projections based on Census 2022","2046","98 years","Male","Method - M2","Number","1235"
"Population Projections based on Census 2022","2046","98 years","Female","Method - M2","Number","2234"
"Population Projections based on Census 2022","2046","99 years and over","Male","Method - M2","Number","1880"
"Population Projections based on Census 2022","2046","99 years and over","Female","Method - M2","Number","3819"
"Population Projections based on Census 2022","2047","Under 1 year","Male","Method - M2","Number","26935"
"Population Projections based on Census 2022","2047","Under 1 year","Female","Method - M2","Number","25561"
"Population Projections based on Census 2022","2047","1 year","Male","Method - M2","Number","27224"
"Population Projections based on Census 2022","2047","1 year","Female","Method - M2","Number","25847"
"Population Projections based on Census 2022","2047","2 years","Male","Method - M2","Number","27480"
"Population Projections based on Census 2022","2047","2 years","Female","Method - M2","Number","26089"
"Population Projections based on Census 2022","2047","3 years","Male","Method - M2","Number","27671"
"Population Projections based on Census 2022","2047","3 years","Female","Method - M2","Number","26262"
"Population Projections based on Census 2022","2047","4 years","Male","Method - M2","Number","27796"
"Population Projections based on Census 2022","2047","4 years","Female","Method - M2","Number","26391"
"Population Projections based on Census 2022","2047","5 years","Male","Method - M2","Number","27879"
"Population Projections based on Census 2022","2047","5 years","Female","Method - M2","Number","26437"
"Population Projections based on Census 2022","2047","6 years","Male","Method - M2","Number","27865"
"Population Projections based on Census 2022","2047","6 years","Female","Method - M2","Number","26423"
"Population Projections based on Census 2022","2047","7 years","Male","Method - M2","Number","27834"
"Population Projections based on Census 2022","2047","7 years","Female","Method - M2","Number","26384"
"Population Projections based on Census 2022","2047","8 years","Male","Method - M2","Number","27753"
"Population Projections based on Census 2022","2047","8 years","Female","Method - M2","Number","26316"
"Population Projections based on Census 2022","2047","9 years","Male","Method - M2","Number","27656"
"Population Projections based on Census 2022","2047","9 years","Female","Method - M2","Number","26220"
"Population Projections based on Census 2022","2047","10 years","Male","Method - M2","Number","27898"
"Population Projections based on Census 2022","2047","10 years","Female","Method - M2","Number","26455"
"Population Projections based on Census 2022","2047","11 years","Male","Method - M2","Number","28108"
"Population Projections based on Census 2022","2047","11 years","Female","Method - M2","Number","26646"
"Population Projections based on Census 2022","2047","12 years","Male","Method - M2","Number","28316"
"Population Projections based on Census 2022","2047","12 years","Female","Method - M2","Number","26842"
"Population Projections based on Census 2022","2047","13 years","Male","Method - M2","Number","28508"
"Population Projections based on Census 2022","2047","13 years","Female","Method - M2","Number","27031"
"Population Projections based on Census 2022","2047","14 years","Male","Method - M2","Number","28687"
"Population Projections based on Census 2022","2047","14 years","Female","Method - M2","Number","27205"
"Population Projections based on Census 2022","2047","15 years","Male","Method - M2","Number","28929"
"Population Projections based on Census 2022","2047","15 years","Female","Method - M2","Number","27586"
"Population Projections based on Census 2022","2047","16 years","Male","Method - M2","Number","29181"
"Population Projections based on Census 2022","2047","16 years","Female","Method - M2","Number","27983"
"Population Projections based on Census 2022","2047","17 years","Male","Method - M2","Number","29462"
"Population Projections based on Census 2022","2047","17 years","Female","Method - M2","Number","28326"
"Population Projections based on Census 2022","2047","18 years","Male","Method - M2","Number","29699"
"Population Projections based on Census 2022","2047","18 years","Female","Method - M2","Number","28675"
"Population Projections based on Census 2022","2047","19 years","Male","Method - M2","Number","29995"
"Population Projections based on Census 2022","2047","19 years","Female","Method - M2","Number","29103"
"Population Projections based on Census 2022","2047","20 years","Male","Method - M2","Number","30384"
"Population Projections based on Census 2022","2047","20 years","Female","Method - M2","Number","29619"
"Population Projections based on Census 2022","2047","21 years","Male","Method - M2","Number","30814"
"Population Projections based on Census 2022","2047","21 years","Female","Method - M2","Number","30132"
"Population Projections based on Census 2022","2047","22 years","Male","Method - M2","Number","31157"
"Population Projections based on Census 2022","2047","22 years","Female","Method - M2","Number","30563"
"Population Projections based on Census 2022","2047","23 years","Male","Method - M2","Number","31502"
"Population Projections based on Census 2022","2047","23 years","Female","Method - M2","Number","31006"
"Population Projections based on Census 2022","2047","24 years","Male","Method - M2","Number","32697"
"Population Projections based on Census 2022","2047","24 years","Female","Method - M2","Number","32214"
"Population Projections based on Census 2022","2047","25 years","Male","Method - M2","Number","33144"
"Population Projections based on Census 2022","2047","25 years","Female","Method - M2","Number","32850"
"Population Projections based on Census 2022","2047","26 years","Male","Method - M2","Number","32871"
"Population Projections based on Census 2022","2047","26 years","Female","Method - M2","Number","32748"
"Population Projections based on Census 2022","2047","27 years","Male","Method - M2","Number","34384"
"Population Projections based on Census 2022","2047","27 years","Female","Method - M2","Number","34459"
"Population Projections based on Census 2022","2047","28 years","Male","Method - M2","Number","35434"
"Population Projections based on Census 2022","2047","28 years","Female","Method - M2","Number","35399"
"Population Projections based on Census 2022","2047","29 years","Male","Method - M2","Number","36384"
"Population Projections based on Census 2022","2047","29 years","Female","Method - M2","Number","36100"
"Population Projections based on Census 2022","2047","30 years","Male","Method - M2","Number","37601"
"Population Projections based on Census 2022","2047","30 years","Female","Method - M2","Number","37941"
"Population Projections based on Census 2022","2047","31 years","Male","Method - M2","Number","39175"
"Population Projections based on Census 2022","2047","31 years","Female","Method - M2","Number","39548"
"Population Projections based on Census 2022","2047","32 years","Male","Method - M2","Number","40714"
"Population Projections based on Census 2022","2047","32 years","Female","Method - M2","Number","40799"
"Population Projections based on Census 2022","2047","33 years","Male","Method - M2","Number","41731"
"Population Projections based on Census 2022","2047","33 years","Female","Method - M2","Number","42002"
"Population Projections based on Census 2022","2047","34 years","Male","Method - M2","Number","42594"
"Population Projections based on Census 2022","2047","34 years","Female","Method - M2","Number","43092"
"Population Projections based on Census 2022","2047","35 years","Male","Method - M2","Number","43821"
"Population Projections based on Census 2022","2047","35 years","Female","Method - M2","Number","44251"
"Population Projections based on Census 2022","2047","36 years","Male","Method - M2","Number","44141"
"Population Projections based on Census 2022","2047","36 years","Female","Method - M2","Number","45318"
"Population Projections based on Census 2022","2047","37 years","Male","Method - M2","Number","44946"
"Population Projections based on Census 2022","2047","37 years","Female","Method - M2","Number","46132"
"Population Projections based on Census 2022","2047","38 years","Male","Method - M2","Number","44574"
"Population Projections based on Census 2022","2047","38 years","Female","Method - M2","Number","45996"
"Population Projections based on Census 2022","2047","39 years","Male","Method - M2","Number","43931"
"Population Projections based on Census 2022","2047","39 years","Female","Method - M2","Number","45879"
"Population Projections based on Census 2022","2047","40 years","Male","Method - M2","Number","42661"
"Population Projections based on Census 2022","2047","40 years","Female","Method - M2","Number","44381"
"Population Projections based on Census 2022","2047","41 years","Male","Method - M2","Number","41686"
"Population Projections based on Census 2022","2047","41 years","Female","Method - M2","Number","43478"
"Population Projections based on Census 2022","2047","42 years","Male","Method - M2","Number","42150"
"Population Projections based on Census 2022","2047","42 years","Female","Method - M2","Number","43484"
"Population Projections based on Census 2022","2047","43 years","Male","Method - M2","Number","41389"
"Population Projections based on Census 2022","2047","43 years","Female","Method - M2","Number","43725"
"Population Projections based on Census 2022","2047","44 years","Male","Method - M2","Number","40902"
"Population Projections based on Census 2022","2047","44 years","Female","Method - M2","Number","43294"
"Population Projections based on Census 2022","2047","45 years","Male","Method - M2","Number","40433"
"Population Projections based on Census 2022","2047","45 years","Female","Method - M2","Number","43053"
"Population Projections based on Census 2022","2047","46 years","Male","Method - M2","Number","39535"
"Population Projections based on Census 2022","2047","46 years","Female","Method - M2","Number","41829"
"Population Projections based on Census 2022","2047","47 years","Male","Method - M2","Number","40124"
"Population Projections based on Census 2022","2047","47 years","Female","Method - M2","Number","42542"
"Population Projections based on Census 2022","2047","48 years","Male","Method - M2","Number","39839"
"Population Projections based on Census 2022","2047","48 years","Female","Method - M2","Number","41837"
"Population Projections based on Census 2022","2047","49 years","Male","Method - M2","Number","39357"
"Population Projections based on Census 2022","2047","49 years","Female","Method - M2","Number","41252"
"Population Projections based on Census 2022","2047","50 years","Male","Method - M2","Number","38638"
"Population Projections based on Census 2022","2047","50 years","Female","Method - M2","Number","40659"
"Population Projections based on Census 2022","2047","51 years","Male","Method - M2","Number","37442"
"Population Projections based on Census 2022","2047","51 years","Female","Method - M2","Number","39555"
"Population Projections based on Census 2022","2047","52 years","Male","Method - M2","Number","36839"
"Population Projections based on Census 2022","2047","52 years","Female","Method - M2","Number","39676"
"Population Projections based on Census 2022","2047","53 years","Male","Method - M2","Number","36151"
"Population Projections based on Census 2022","2047","53 years","Female","Method - M2","Number","39316"
"Population Projections based on Census 2022","2047","54 years","Male","Method - M2","Number","36780"
"Population Projections based on Census 2022","2047","54 years","Female","Method - M2","Number","39968"
"Population Projections based on Census 2022","2047","55 years","Male","Method - M2","Number","37456"
"Population Projections based on Census 2022","2047","55 years","Female","Method - M2","Number","41689"
"Population Projections based on Census 2022","2047","56 years","Male","Method - M2","Number","38186"
"Population Projections based on Census 2022","2047","56 years","Female","Method - M2","Number","41886"
"Population Projections based on Census 2022","2047","57 years","Male","Method - M2","Number","37986"
"Population Projections based on Census 2022","2047","57 years","Female","Method - M2","Number","42189"
"Population Projections based on Census 2022","2047","58 years","Male","Method - M2","Number","37192"
"Population Projections based on Census 2022","2047","58 years","Female","Method - M2","Number","41850"
"Population Projections based on Census 2022","2047","59 years","Male","Method - M2","Number","38026"
"Population Projections based on Census 2022","2047","59 years","Female","Method - M2","Number","43217"
"Population Projections based on Census 2022","2047","60 years","Male","Method - M2","Number","39543"
"Population Projections based on Census 2022","2047","60 years","Female","Method - M2","Number","44659"
"Population Projections based on Census 2022","2047","61 years","Male","Method - M2","Number","39974"
"Population Projections based on Census 2022","2047","61 years","Female","Method - M2","Number","44974"
"Population Projections based on Census 2022","2047","62 years","Male","Method - M2","Number","40230"
"Population Projections based on Census 2022","2047","62 years","Female","Method - M2","Number","44786"
"Population Projections based on Census 2022","2047","63 years","Male","Method - M2","Number","41013"
"Population Projections based on Census 2022","2047","63 years","Female","Method - M2","Number","45922"
"Population Projections based on Census 2022","2047","64 years","Male","Method - M2","Number","41728"
"Population Projections based on Census 2022","2047","64 years","Female","Method - M2","Number","47007"
"Population Projections based on Census 2022","2047","65 years","Male","Method - M2","Number","43040"
"Population Projections based on Census 2022","2047","65 years","Female","Method - M2","Number","47214"
"Population Projections based on Census 2022","2047","66 years","Male","Method - M2","Number","42962"
"Population Projections based on Census 2022","2047","66 years","Female","Method - M2","Number","46506"
"Population Projections based on Census 2022","2047","67 years","Male","Method - M2","Number","42442"
"Population Projections based on Census 2022","2047","67 years","Female","Method - M2","Number","45371"
"Population Projections based on Census 2022","2047","68 years","Male","Method - M2","Number","39376"
"Population Projections based on Census 2022","2047","68 years","Female","Method - M2","Number","42511"
"Population Projections based on Census 2022","2047","69 years","Male","Method - M2","Number","37083"
"Population Projections based on Census 2022","2047","69 years","Female","Method - M2","Number","39545"
"Population Projections based on Census 2022","2047","70 years","Male","Method - M2","Number","36715"
"Population Projections based on Census 2022","2047","70 years","Female","Method - M2","Number","38615"
"Population Projections based on Census 2022","2047","71 years","Male","Method - M2","Number","35691"
"Population Projections based on Census 2022","2047","71 years","Female","Method - M2","Number","37763"
"Population Projections based on Census 2022","2047","72 years","Male","Method - M2","Number","34952"
"Population Projections based on Census 2022","2047","72 years","Female","Method - M2","Number","36824"
"Population Projections based on Census 2022","2047","73 years","Male","Method - M2","Number","34010"
"Population Projections based on Census 2022","2047","73 years","Female","Method - M2","Number","36146"
"Population Projections based on Census 2022","2047","74 years","Male","Method - M2","Number","33549"
"Population Projections based on Census 2022","2047","74 years","Female","Method - M2","Number","35639"
"Population Projections based on Census 2022","2047","75 years","Male","Method - M2","Number","32709"
"Population Projections based on Census 2022","2047","75 years","Female","Method - M2","Number","34773"
"Population Projections based on Census 2022","2047","76 years","Male","Method - M2","Number","30653"
"Population Projections based on Census 2022","2047","76 years","Female","Method - M2","Number","32852"
"Population Projections based on Census 2022","2047","77 years","Male","Method - M2","Number","29397"
"Population Projections based on Census 2022","2047","77 years","Female","Method - M2","Number","31741"
"Population Projections based on Census 2022","2047","78 years","Male","Method - M2","Number","27236"
"Population Projections based on Census 2022","2047","78 years","Female","Method - M2","Number","29240"
"Population Projections based on Census 2022","2047","79 years","Male","Method - M2","Number","25924"
"Population Projections based on Census 2022","2047","79 years","Female","Method - M2","Number","28559"
"Population Projections based on Census 2022","2047","80 years","Male","Method - M2","Number","24659"
"Population Projections based on Census 2022","2047","80 years","Female","Method - M2","Number","27524"
"Population Projections based on Census 2022","2047","81 years","Male","Method - M2","Number","23056"
"Population Projections based on Census 2022","2047","81 years","Female","Method - M2","Number","26327"
"Population Projections based on Census 2022","2047","82 years","Male","Method - M2","Number","22126"
"Population Projections based on Census 2022","2047","82 years","Female","Method - M2","Number","25932"
"Population Projections based on Census 2022","2047","83 years","Male","Method - M2","Number","20340"
"Population Projections based on Census 2022","2047","83 years","Female","Method - M2","Number","24126"
"Population Projections based on Census 2022","2047","84 years","Male","Method - M2","Number","18805"
"Population Projections based on Census 2022","2047","84 years","Female","Method - M2","Number","22619"
"Population Projections based on Census 2022","2047","85 years","Male","Method - M2","Number","17451"
"Population Projections based on Census 2022","2047","85 years","Female","Method - M2","Number","21219"
"Population Projections based on Census 2022","2047","86 years","Male","Method - M2","Number","15568"
"Population Projections based on Census 2022","2047","86 years","Female","Method - M2","Number","19623"
"Population Projections based on Census 2022","2047","87 years","Male","Method - M2","Number","13996"
"Population Projections based on Census 2022","2047","87 years","Female","Method - M2","Number","17820"
"Population Projections based on Census 2022","2047","88 years","Male","Method - M2","Number","12149"
"Population Projections based on Census 2022","2047","88 years","Female","Method - M2","Number","15639"
"Population Projections based on Census 2022","2047","89 years","Male","Method - M2","Number","10575"
"Population Projections based on Census 2022","2047","89 years","Female","Method - M2","Number","14282"
"Population Projections based on Census 2022","2047","90 years","Male","Method - M2","Number","9485"
"Population Projections based on Census 2022","2047","90 years","Female","Method - M2","Number","12774"
"Population Projections based on Census 2022","2047","91 years","Male","Method - M2","Number","7960"
"Population Projections based on Census 2022","2047","91 years","Female","Method - M2","Number","11249"
"Population Projections based on Census 2022","2047","92 years","Male","Method - M2","Number","6867"
"Population Projections based on Census 2022","2047","92 years","Female","Method - M2","Number","9965"
"Population Projections based on Census 2022","2047","93 years","Male","Method - M2","Number","5563"
"Population Projections based on Census 2022","2047","93 years","Female","Method - M2","Number","8203"
"Population Projections based on Census 2022","2047","94 years","Male","Method - M2","Number","4592"
"Population Projections based on Census 2022","2047","94 years","Female","Method - M2","Number","7104"
"Population Projections based on Census 2022","2047","95 years","Male","Method - M2","Number","3521"
"Population Projections based on Census 2022","2047","95 years","Female","Method - M2","Number","5621"
"Population Projections based on Census 2022","2047","96 years","Male","Method - M2","Number","2598"
"Population Projections based on Census 2022","2047","96 years","Female","Method - M2","Number","4324"
"Population Projections based on Census 2022","2047","97 years","Male","Method - M2","Number","1895"
"Population Projections based on Census 2022","2047","97 years","Female","Method - M2","Number","3346"
"Population Projections based on Census 2022","2047","98 years","Male","Method - M2","Number","1299"
"Population Projections based on Census 2022","2047","98 years","Female","Method - M2","Number","2384"
"Population Projections based on Census 2022","2047","99 years and over","Male","Method - M2","Number","2031"
"Population Projections based on Census 2022","2047","99 years and over","Female","Method - M2","Number","4084"
"Population Projections based on Census 2022","2048","Under 1 year","Male","Method - M2","Number","26763"
"Population Projections based on Census 2022","2048","Under 1 year","Female","Method - M2","Number","25397"
"Population Projections based on Census 2022","2048","1 year","Male","Method - M2","Number","27114"
"Population Projections based on Census 2022","2048","1 year","Female","Method - M2","Number","25741"
"Population Projections based on Census 2022","2048","2 years","Male","Method - M2","Number","27411"
"Population Projections based on Census 2022","2048","2 years","Female","Method - M2","Number","26024"
"Population Projections based on Census 2022","2048","3 years","Male","Method - M2","Number","27644"
"Population Projections based on Census 2022","2048","3 years","Female","Method - M2","Number","26236"
"Population Projections based on Census 2022","2048","4 years","Male","Method - M2","Number","27831"
"Population Projections based on Census 2022","2048","4 years","Female","Method - M2","Number","26425"
"Population Projections based on Census 2022","2048","5 years","Male","Method - M2","Number","27977"
"Population Projections based on Census 2022","2048","5 years","Female","Method - M2","Number","26531"
"Population Projections based on Census 2022","2048","6 years","Male","Method - M2","Number","28045"
"Population Projections based on Census 2022","2048","6 years","Female","Method - M2","Number","26593"
"Population Projections based on Census 2022","2048","7 years","Male","Method - M2","Number","28026"
"Population Projections based on Census 2022","2048","7 years","Female","Method - M2","Number","26568"
"Population Projections based on Census 2022","2048","8 years","Male","Method - M2","Number","27980"
"Population Projections based on Census 2022","2048","8 years","Female","Method - M2","Number","26530"
"Population Projections based on Census 2022","2048","9 years","Male","Method - M2","Number","27903"
"Population Projections based on Census 2022","2048","9 years","Female","Method - M2","Number","26453"
"Population Projections based on Census 2022","2048","10 years","Male","Method - M2","Number","27809"
"Population Projections based on Census 2022","2048","10 years","Female","Method - M2","Number","26371"
"Population Projections based on Census 2022","2048","11 years","Male","Method - M2","Number","28057"
"Population Projections based on Census 2022","2048","11 years","Female","Method - M2","Number","26597"
"Population Projections based on Census 2022","2048","12 years","Male","Method - M2","Number","28265"
"Population Projections based on Census 2022","2048","12 years","Female","Method - M2","Number","26795"
"Population Projections based on Census 2022","2048","13 years","Male","Method - M2","Number","28472"
"Population Projections based on Census 2022","2048","13 years","Female","Method - M2","Number","26998"
"Population Projections based on Census 2022","2048","14 years","Male","Method - M2","Number","28614"
"Population Projections based on Census 2022","2048","14 years","Female","Method - M2","Number","27132"
"Population Projections based on Census 2022","2048","15 years","Male","Method - M2","Number","28770"
"Population Projections based on Census 2022","2048","15 years","Female","Method - M2","Number","27437"
"Population Projections based on Census 2022","2048","16 years","Male","Method - M2","Number","29017"
"Population Projections based on Census 2022","2048","16 years","Female","Method - M2","Number","27823"
"Population Projections based on Census 2022","2048","17 years","Male","Method - M2","Number","29298"
"Population Projections based on Census 2022","2048","17 years","Female","Method - M2","Number","28168"
"Population Projections based on Census 2022","2048","18 years","Male","Method - M2","Number","29516"
"Population Projections based on Census 2022","2048","18 years","Female","Method - M2","Number","28502"
"Population Projections based on Census 2022","2048","19 years","Male","Method - M2","Number","29725"
"Population Projections based on Census 2022","2048","19 years","Female","Method - M2","Number","28848"
"Population Projections based on Census 2022","2048","20 years","Male","Method - M2","Number","30006"
"Population Projections based on Census 2022","2048","20 years","Female","Method - M2","Number","29255"
"Population Projections based on Census 2022","2048","21 years","Male","Method - M2","Number","30380"
"Population Projections based on Census 2022","2048","21 years","Female","Method - M2","Number","29725"
"Population Projections based on Census 2022","2048","22 years","Male","Method - M2","Number","30798"
"Population Projections based on Census 2022","2048","22 years","Female","Method - M2","Number","30220"
"Population Projections based on Census 2022","2048","23 years","Male","Method - M2","Number","31130"
"Population Projections based on Census 2022","2048","23 years","Female","Method - M2","Number","30655"
"Population Projections based on Census 2022","2048","24 years","Male","Method - M2","Number","31490"
"Population Projections based on Census 2022","2048","24 years","Female","Method - M2","Number","31069"
"Population Projections based on Census 2022","2048","25 years","Male","Method - M2","Number","33205"
"Population Projections based on Census 2022","2048","25 years","Female","Method - M2","Number","32815"
"Population Projections based on Census 2022","2048","26 years","Male","Method - M2","Number","33607"
"Population Projections based on Census 2022","2048","26 years","Female","Method - M2","Number","33421"
"Population Projections based on Census 2022","2048","27 years","Male","Method - M2","Number","33308"
"Population Projections based on Census 2022","2048","27 years","Female","Method - M2","Number","33303"
"Population Projections based on Census 2022","2048","28 years","Male","Method - M2","Number","34810"
"Population Projections based on Census 2022","2048","28 years","Female","Method - M2","Number","34983"
"Population Projections based on Census 2022","2048","29 years","Male","Method - M2","Number","35847"
"Population Projections based on Census 2022","2048","29 years","Female","Method - M2","Number","35882"
"Population Projections based on Census 2022","2048","30 years","Male","Method - M2","Number","36763"
"Population Projections based on Census 2022","2048","30 years","Female","Method - M2","Number","36570"
"Population Projections based on Census 2022","2048","31 years","Male","Method - M2","Number","37967"
"Population Projections based on Census 2022","2048","31 years","Female","Method - M2","Number","38392"
"Population Projections based on Census 2022","2048","32 years","Male","Method - M2","Number","39518"
"Population Projections based on Census 2022","2048","32 years","Female","Method - M2","Number","40003"
"Population Projections based on Census 2022","2048","33 years","Male","Method - M2","Number","41027"
"Population Projections based on Census 2022","2048","33 years","Female","Method - M2","Number","41245"
"Population Projections based on Census 2022","2048","34 years","Male","Method - M2","Number","42070"
"Population Projections based on Census 2022","2048","34 years","Female","Method - M2","Number","42465"
"Population Projections based on Census 2022","2048","35 years","Male","Method - M2","Number","42880"
"Population Projections based on Census 2022","2048","35 years","Female","Method - M2","Number","43525"
"Population Projections based on Census 2022","2048","36 years","Male","Method - M2","Number","44112"
"Population Projections based on Census 2022","2048","36 years","Female","Method - M2","Number","44685"
"Population Projections based on Census 2022","2048","37 years","Male","Method - M2","Number","44407"
"Population Projections based on Census 2022","2048","37 years","Female","Method - M2","Number","45730"
"Population Projections based on Census 2022","2048","38 years","Male","Method - M2","Number","45202"
"Population Projections based on Census 2022","2048","38 years","Female","Method - M2","Number","46549"
"Population Projections based on Census 2022","2048","39 years","Male","Method - M2","Number","44841"
"Population Projections based on Census 2022","2048","39 years","Female","Method - M2","Number","46433"
"Population Projections based on Census 2022","2048","40 years","Male","Method - M2","Number","44211"
"Population Projections based on Census 2022","2048","40 years","Female","Method - M2","Number","46317"
"Population Projections based on Census 2022","2048","41 years","Male","Method - M2","Number","42934"
"Population Projections based on Census 2022","2048","41 years","Female","Method - M2","Number","44837"
"Population Projections based on Census 2022","2048","42 years","Male","Method - M2","Number","42008"
"Population Projections based on Census 2022","2048","42 years","Female","Method - M2","Number","43960"
"Population Projections based on Census 2022","2048","43 years","Male","Method - M2","Number","42471"
"Population Projections based on Census 2022","2048","43 years","Female","Method - M2","Number","43967"
"Population Projections based on Census 2022","2048","44 years","Male","Method - M2","Number","41726"
"Population Projections based on Census 2022","2048","44 years","Female","Method - M2","Number","44205"
"Population Projections based on Census 2022","2048","45 years","Male","Method - M2","Number","40934"
"Population Projections based on Census 2022","2048","45 years","Female","Method - M2","Number","43320"
"Population Projections based on Census 2022","2048","46 years","Male","Method - M2","Number","40437"
"Population Projections based on Census 2022","2048","46 years","Female","Method - M2","Number","43083"
"Population Projections based on Census 2022","2048","47 years","Male","Method - M2","Number","39557"
"Population Projections based on Census 2022","2048","47 years","Female","Method - M2","Number","41859"
"Population Projections based on Census 2022","2048","48 years","Male","Method - M2","Number","40158"
"Population Projections based on Census 2022","2048","48 years","Female","Method - M2","Number","42595"
"Population Projections based on Census 2022","2048","49 years","Male","Method - M2","Number","39894"
"Population Projections based on Census 2022","2048","49 years","Female","Method - M2","Number","41893"
"Population Projections based on Census 2022","2048","50 years","Male","Method - M2","Number","39409"
"Population Projections based on Census 2022","2048","50 years","Female","Method - M2","Number","41314"
"Population Projections based on Census 2022","2048","51 years","Male","Method - M2","Number","38690"
"Population Projections based on Census 2022","2048","51 years","Female","Method - M2","Number","40718"
"Population Projections based on Census 2022","2048","52 years","Male","Method - M2","Number","37498"
"Population Projections based on Census 2022","2048","52 years","Female","Method - M2","Number","39608"
"Population Projections based on Census 2022","2048","53 years","Male","Method - M2","Number","36890"
"Population Projections based on Census 2022","2048","53 years","Female","Method - M2","Number","39726"
"Population Projections based on Census 2022","2048","54 years","Male","Method - M2","Number","36211"
"Population Projections based on Census 2022","2048","54 years","Female","Method - M2","Number","39370"
"Population Projections based on Census 2022","2048","55 years","Male","Method - M2","Number","36825"
"Population Projections based on Census 2022","2048","55 years","Female","Method - M2","Number","40024"
"Population Projections based on Census 2022","2048","56 years","Male","Method - M2","Number","37500"
"Population Projections based on Census 2022","2048","56 years","Female","Method - M2","Number","41736"
"Population Projections based on Census 2022","2048","57 years","Male","Method - M2","Number","38218"
"Population Projections based on Census 2022","2048","57 years","Female","Method - M2","Number","41918"
"Population Projections based on Census 2022","2048","58 years","Male","Method - M2","Number","38008"
"Population Projections based on Census 2022","2048","58 years","Female","Method - M2","Number","42224"
"Population Projections based on Census 2022","2048","59 years","Male","Method - M2","Number","37207"
"Population Projections based on Census 2022","2048","59 years","Female","Method - M2","Number","41897"
"Population Projections based on Census 2022","2048","60 years","Male","Method - M2","Number","38030"
"Population Projections based on Census 2022","2048","60 years","Female","Method - M2","Number","43249"
"Population Projections based on Census 2022","2048","61 years","Male","Method - M2","Number","39539"
"Population Projections based on Census 2022","2048","61 years","Female","Method - M2","Number","44669"
"Population Projections based on Census 2022","2048","62 years","Male","Method - M2","Number","39942"
"Population Projections based on Census 2022","2048","62 years","Female","Method - M2","Number","44971"
"Population Projections based on Census 2022","2048","63 years","Male","Method - M2","Number","40206"
"Population Projections based on Census 2022","2048","63 years","Female","Method - M2","Number","44779"
"Population Projections based on Census 2022","2048","64 years","Male","Method - M2","Number","40961"
"Population Projections based on Census 2022","2048","64 years","Female","Method - M2","Number","45900"
"Population Projections based on Census 2022","2048","65 years","Male","Method - M2","Number","41474"
"Population Projections based on Census 2022","2048","65 years","Female","Method - M2","Number","46840"
"Population Projections based on Census 2022","2048","66 years","Male","Method - M2","Number","42770"
"Population Projections based on Census 2022","2048","66 years","Female","Method - M2","Number","47023"
"Population Projections based on Census 2022","2048","67 years","Male","Method - M2","Number","42675"
"Population Projections based on Census 2022","2048","67 years","Female","Method - M2","Number","46318"
"Population Projections based on Census 2022","2048","68 years","Male","Method - M2","Number","42128"
"Population Projections based on Census 2022","2048","68 years","Female","Method - M2","Number","45172"
"Population Projections based on Census 2022","2048","69 years","Male","Method - M2","Number","39049"
"Population Projections based on Census 2022","2048","69 years","Female","Method - M2","Number","42295"
"Population Projections based on Census 2022","2048","70 years","Male","Method - M2","Number","36747"
"Population Projections based on Census 2022","2048","70 years","Female","Method - M2","Number","39335"
"Population Projections based on Census 2022","2048","71 years","Male","Method - M2","Number","36349"
"Population Projections based on Census 2022","2048","71 years","Female","Method - M2","Number","38375"
"Population Projections based on Census 2022","2048","72 years","Male","Method - M2","Number","35295"
"Population Projections based on Census 2022","2048","72 years","Female","Method - M2","Number","37503"
"Population Projections based on Census 2022","2048","73 years","Male","Method - M2","Number","34507"
"Population Projections based on Census 2022","2048","73 years","Female","Method - M2","Number","36529"
"Population Projections based on Census 2022","2048","74 years","Male","Method - M2","Number","33519"
"Population Projections based on Census 2022","2048","74 years","Female","Method - M2","Number","35824"
"Population Projections based on Census 2022","2048","75 years","Male","Method - M2","Number","32998"
"Population Projections based on Census 2022","2048","75 years","Female","Method - M2","Number","35271"
"Population Projections based on Census 2022","2048","76 years","Male","Method - M2","Number","32072"
"Population Projections based on Census 2022","2048","76 years","Female","Method - M2","Number","34341"
"Population Projections based on Census 2022","2048","77 years","Male","Method - M2","Number","29980"
"Population Projections based on Census 2022","2048","77 years","Female","Method - M2","Number","32387"
"Population Projections based on Census 2022","2048","78 years","Male","Method - M2","Number","28680"
"Population Projections based on Census 2022","2048","78 years","Female","Method - M2","Number","31233"
"Population Projections based on Census 2022","2048","79 years","Male","Method - M2","Number","26498"
"Population Projections based on Census 2022","2048","79 years","Female","Method - M2","Number","28715"
"Population Projections based on Census 2022","2048","80 years","Male","Method - M2","Number","25144"
"Population Projections based on Census 2022","2048","80 years","Female","Method - M2","Number","27974"
"Population Projections based on Census 2022","2048","81 years","Male","Method - M2","Number","23834"
"Population Projections based on Census 2022","2048","81 years","Female","Method - M2","Number","26884"
"Population Projections based on Census 2022","2048","82 years","Male","Method - M2","Number","22190"
"Population Projections based on Census 2022","2048","82 years","Female","Method - M2","Number","25623"
"Population Projections based on Census 2022","2048","83 years","Male","Method - M2","Number","21168"
"Population Projections based on Census 2022","2048","83 years","Female","Method - M2","Number","25123"
"Population Projections based on Census 2022","2048","84 years","Male","Method - M2","Number","19342"
"Population Projections based on Census 2022","2048","84 years","Female","Method - M2","Number","23267"
"Population Projections based on Census 2022","2048","85 years","Male","Method - M2","Number","17766"
"Population Projections based on Census 2022","2048","85 years","Female","Method - M2","Number","21699"
"Population Projections based on Census 2022","2048","86 years","Male","Method - M2","Number","16357"
"Population Projections based on Census 2022","2048","86 years","Female","Method - M2","Number","20221"
"Population Projections based on Census 2022","2048","87 years","Male","Method - M2","Number","14477"
"Population Projections based on Census 2022","2048","87 years","Female","Method - M2","Number","18580"
"Population Projections based on Census 2022","2048","88 years","Male","Method - M2","Number","12901"
"Population Projections based on Census 2022","2048","88 years","Female","Method - M2","Number","16749"
"Population Projections based on Census 2022","2048","89 years","Male","Method - M2","Number","11092"
"Population Projections based on Census 2022","2048","89 years","Female","Method - M2","Number","14580"
"Population Projections based on Census 2022","2048","90 years","Male","Method - M2","Number","9561"
"Population Projections based on Census 2022","2048","90 years","Female","Method - M2","Number","13194"
"Population Projections based on Census 2022","2048","91 years","Male","Method - M2","Number","8475"
"Population Projections based on Census 2022","2048","91 years","Female","Method - M2","Number","11685"
"Population Projections based on Census 2022","2048","92 years","Male","Method - M2","Number","7005"
"Population Projections based on Census 2022","2048","92 years","Female","Method - M2","Number","10150"
"Population Projections based on Census 2022","2048","93 years","Male","Method - M2","Number","5907"
"Population Projections based on Census 2022","2048","93 years","Female","Method - M2","Number","8818"
"Population Projections based on Census 2022","2048","94 years","Male","Method - M2","Number","4669"
"Population Projections based on Census 2022","2048","94 years","Female","Method - M2","Number","7100"
"Population Projections based on Census 2022","2048","95 years","Male","Method - M2","Number","3747"
"Population Projections based on Census 2022","2048","95 years","Female","Method - M2","Number","5991"
"Population Projections based on Census 2022","2048","96 years","Male","Method - M2","Number","2775"
"Population Projections based on Census 2022","2048","96 years","Female","Method - M2","Number","4593"
"Population Projections based on Census 2022","2048","97 years","Male","Method - M2","Number","1975"
"Population Projections based on Census 2022","2048","97 years","Female","Method - M2","Number","3416"
"Population Projections based on Census 2022","2048","98 years","Male","Method - M2","Number","1381"
"Population Projections based on Census 2022","2048","98 years","Female","Method - M2","Number","2545"
"Population Projections based on Census 2022","2048","99 years and over","Male","Method - M2","Number","2169"
"Population Projections based on Census 2022","2048","99 years and over","Female","Method - M2","Number","4364"
"Population Projections based on Census 2022","2049","Under 1 year","Male","Method - M2","Number","26506"
"Population Projections based on Census 2022","2049","Under 1 year","Female","Method - M2","Number","25154"
"Population Projections based on Census 2022","2049","1 year","Male","Method - M2","Number","26942"
"Population Projections based on Census 2022","2049","1 year","Female","Method - M2","Number","25578"
"Population Projections based on Census 2022","2049","2 years","Male","Method - M2","Number","27301"
"Population Projections based on Census 2022","2049","2 years","Female","Method - M2","Number","25918"
"Population Projections based on Census 2022","2049","3 years","Male","Method - M2","Number","27575"
"Population Projections based on Census 2022","2049","3 years","Female","Method - M2","Number","26171"
"Population Projections based on Census 2022","2049","4 years","Male","Method - M2","Number","27804"
"Population Projections based on Census 2022","2049","4 years","Female","Method - M2","Number","26399"
"Population Projections based on Census 2022","2049","5 years","Male","Method - M2","Number","28012"
"Population Projections based on Census 2022","2049","5 years","Female","Method - M2","Number","26565"
"Population Projections based on Census 2022","2049","6 years","Male","Method - M2","Number","28143"
"Population Projections based on Census 2022","2049","6 years","Female","Method - M2","Number","26687"
"Population Projections based on Census 2022","2049","7 years","Male","Method - M2","Number","28206"
"Population Projections based on Census 2022","2049","7 years","Female","Method - M2","Number","26738"
"Population Projections based on Census 2022","2049","8 years","Male","Method - M2","Number","28172"
"Population Projections based on Census 2022","2049","8 years","Female","Method - M2","Number","26714"
"Population Projections based on Census 2022","2049","9 years","Male","Method - M2","Number","28130"
"Population Projections based on Census 2022","2049","9 years","Female","Method - M2","Number","26667"
"Population Projections based on Census 2022","2049","10 years","Male","Method - M2","Number","28056"
"Population Projections based on Census 2022","2049","10 years","Female","Method - M2","Number","26604"
"Population Projections based on Census 2022","2049","11 years","Male","Method - M2","Number","27968"
"Population Projections based on Census 2022","2049","11 years","Female","Method - M2","Number","26513"
"Population Projections based on Census 2022","2049","12 years","Male","Method - M2","Number","28215"
"Population Projections based on Census 2022","2049","12 years","Female","Method - M2","Number","26746"
"Population Projections based on Census 2022","2049","13 years","Male","Method - M2","Number","28421"
"Population Projections based on Census 2022","2049","13 years","Female","Method - M2","Number","26951"
"Population Projections based on Census 2022","2049","14 years","Male","Method - M2","Number","28578"
"Population Projections based on Census 2022","2049","14 years","Female","Method - M2","Number","27099"
"Population Projections based on Census 2022","2049","15 years","Male","Method - M2","Number","28697"
"Population Projections based on Census 2022","2049","15 years","Female","Method - M2","Number","27364"
"Population Projections based on Census 2022","2049","16 years","Male","Method - M2","Number","28858"
"Population Projections based on Census 2022","2049","16 years","Female","Method - M2","Number","27674"
"Population Projections based on Census 2022","2049","17 years","Male","Method - M2","Number","29134"
"Population Projections based on Census 2022","2049","17 years","Female","Method - M2","Number","28008"
"Population Projections based on Census 2022","2049","18 years","Male","Method - M2","Number","29352"
"Population Projections based on Census 2022","2049","18 years","Female","Method - M2","Number","28344"
"Population Projections based on Census 2022","2049","19 years","Male","Method - M2","Number","29542"
"Population Projections based on Census 2022","2049","19 years","Female","Method - M2","Number","28675"
"Population Projections based on Census 2022","2049","20 years","Male","Method - M2","Number","29737"
"Population Projections based on Census 2022","2049","20 years","Female","Method - M2","Number","29000"
"Population Projections based on Census 2022","2049","21 years","Male","Method - M2","Number","30002"
"Population Projections based on Census 2022","2049","21 years","Female","Method - M2","Number","29361"
"Population Projections based on Census 2022","2049","22 years","Male","Method - M2","Number","30364"
"Population Projections based on Census 2022","2049","22 years","Female","Method - M2","Number","29813"
"Population Projections based on Census 2022","2049","23 years","Male","Method - M2","Number","30771"
"Population Projections based on Census 2022","2049","23 years","Female","Method - M2","Number","30312"
"Population Projections based on Census 2022","2049","24 years","Male","Method - M2","Number","31118"
"Population Projections based on Census 2022","2049","24 years","Female","Method - M2","Number","30718"
"Population Projections based on Census 2022","2049","25 years","Male","Method - M2","Number","31998"
"Population Projections based on Census 2022","2049","25 years","Female","Method - M2","Number","31670"
"Population Projections based on Census 2022","2049","26 years","Male","Method - M2","Number","33668"
"Population Projections based on Census 2022","2049","26 years","Female","Method - M2","Number","33386"
"Population Projections based on Census 2022","2049","27 years","Male","Method - M2","Number","34044"
"Population Projections based on Census 2022","2049","27 years","Female","Method - M2","Number","33976"
"Population Projections based on Census 2022","2049","28 years","Male","Method - M2","Number","33735"
"Population Projections based on Census 2022","2049","28 years","Female","Method - M2","Number","33828"
"Population Projections based on Census 2022","2049","29 years","Male","Method - M2","Number","35223"
"Population Projections based on Census 2022","2049","29 years","Female","Method - M2","Number","35466"
"Population Projections based on Census 2022","2049","30 years","Male","Method - M2","Number","36227"
"Population Projections based on Census 2022","2049","30 years","Female","Method - M2","Number","36353"
"Population Projections based on Census 2022","2049","31 years","Male","Method - M2","Number","37130"
"Population Projections based on Census 2022","2049","31 years","Female","Method - M2","Number","37022"
"Population Projections based on Census 2022","2049","32 years","Male","Method - M2","Number","38311"
"Population Projections based on Census 2022","2049","32 years","Female","Method - M2","Number","38848"
"Population Projections based on Census 2022","2049","33 years","Male","Method - M2","Number","39832"
"Population Projections based on Census 2022","2049","33 years","Female","Method - M2","Number","40449"
"Population Projections based on Census 2022","2049","34 years","Male","Method - M2","Number","41366"
"Population Projections based on Census 2022","2049","34 years","Female","Method - M2","Number","41709"
"Population Projections based on Census 2022","2049","35 years","Male","Method - M2","Number","42357"
"Population Projections based on Census 2022","2049","35 years","Female","Method - M2","Number","42899"
"Population Projections based on Census 2022","2049","36 years","Male","Method - M2","Number","43172"
"Population Projections based on Census 2022","2049","36 years","Female","Method - M2","Number","43960"
"Population Projections based on Census 2022","2049","37 years","Male","Method - M2","Number","44378"
"Population Projections based on Census 2022","2049","37 years","Female","Method - M2","Number","45096"
"Population Projections based on Census 2022","2049","38 years","Male","Method - M2","Number","44663"
"Population Projections based on Census 2022","2049","38 years","Female","Method - M2","Number","46148"
"Population Projections based on Census 2022","2049","39 years","Male","Method - M2","Number","45470"
"Population Projections based on Census 2022","2049","39 years","Female","Method - M2","Number","46987"
"Population Projections based on Census 2022","2049","40 years","Male","Method - M2","Number","45121"
"Population Projections based on Census 2022","2049","40 years","Female","Method - M2","Number","46871"
"Population Projections based on Census 2022","2049","41 years","Male","Method - M2","Number","44483"
"Population Projections based on Census 2022","2049","41 years","Female","Method - M2","Number","46773"
"Population Projections based on Census 2022","2049","42 years","Male","Method - M2","Number","43256"
"Population Projections based on Census 2022","2049","42 years","Female","Method - M2","Number","45318"
"Population Projections based on Census 2022","2049","43 years","Male","Method - M2","Number","42329"
"Population Projections based on Census 2022","2049","43 years","Female","Method - M2","Number","44443"
"Population Projections based on Census 2022","2049","44 years","Male","Method - M2","Number","42808"
"Population Projections based on Census 2022","2049","44 years","Female","Method - M2","Number","44447"
"Population Projections based on Census 2022","2049","45 years","Male","Method - M2","Number","41758"
"Population Projections based on Census 2022","2049","45 years","Female","Method - M2","Number","44232"
"Population Projections based on Census 2022","2049","46 years","Male","Method - M2","Number","40938"
"Population Projections based on Census 2022","2049","46 years","Female","Method - M2","Number","43351"
"Population Projections based on Census 2022","2049","47 years","Male","Method - M2","Number","40460"
"Population Projections based on Census 2022","2049","47 years","Female","Method - M2","Number","43113"
"Population Projections based on Census 2022","2049","48 years","Male","Method - M2","Number","39592"
"Population Projections based on Census 2022","2049","48 years","Female","Method - M2","Number","41913"
"Population Projections based on Census 2022","2049","49 years","Male","Method - M2","Number","40214"
"Population Projections based on Census 2022","2049","49 years","Female","Method - M2","Number","42651"
"Population Projections based on Census 2022","2049","50 years","Male","Method - M2","Number","39947"
"Population Projections based on Census 2022","2049","50 years","Female","Method - M2","Number","41955"
"Population Projections based on Census 2022","2049","51 years","Male","Method - M2","Number","39461"
"Population Projections based on Census 2022","2049","51 years","Female","Method - M2","Number","41374"
"Population Projections based on Census 2022","2049","52 years","Male","Method - M2","Number","38745"
"Population Projections based on Census 2022","2049","52 years","Female","Method - M2","Number","40770"
"Population Projections based on Census 2022","2049","53 years","Male","Method - M2","Number","37548"
"Population Projections based on Census 2022","2049","53 years","Female","Method - M2","Number","39659"
"Population Projections based on Census 2022","2049","54 years","Male","Method - M2","Number","36949"
"Population Projections based on Census 2022","2049","54 years","Female","Method - M2","Number","39779"
"Population Projections based on Census 2022","2049","55 years","Male","Method - M2","Number","36259"
"Population Projections based on Census 2022","2049","55 years","Female","Method - M2","Number","39429"
"Population Projections based on Census 2022","2049","56 years","Male","Method - M2","Number","36872"
"Population Projections based on Census 2022","2049","56 years","Female","Method - M2","Number","40074"
"Population Projections based on Census 2022","2049","57 years","Male","Method - M2","Number","37536"
"Population Projections based on Census 2022","2049","57 years","Female","Method - M2","Number","41770"
"Population Projections based on Census 2022","2049","58 years","Male","Method - M2","Number","38241"
"Population Projections based on Census 2022","2049","58 years","Female","Method - M2","Number","41955"
"Population Projections based on Census 2022","2049","59 years","Male","Method - M2","Number","38022"
"Population Projections based on Census 2022","2049","59 years","Female","Method - M2","Number","42271"
"Population Projections based on Census 2022","2049","60 years","Male","Method - M2","Number","37216"
"Population Projections based on Census 2022","2049","60 years","Female","Method - M2","Number","41934"
"Population Projections based on Census 2022","2049","61 years","Male","Method - M2","Number","38034"
"Population Projections based on Census 2022","2049","61 years","Female","Method - M2","Number","43265"
"Population Projections based on Census 2022","2049","62 years","Male","Method - M2","Number","39512"
"Population Projections based on Census 2022","2049","62 years","Female","Method - M2","Number","44669"
"Population Projections based on Census 2022","2049","63 years","Male","Method - M2","Number","39922"
"Population Projections based on Census 2022","2049","63 years","Female","Method - M2","Number","44966"
"Population Projections based on Census 2022","2049","64 years","Male","Method - M2","Number","40162"
"Population Projections based on Census 2022","2049","64 years","Female","Method - M2","Number","44763"
"Population Projections based on Census 2022","2049","65 years","Male","Method - M2","Number","40715"
"Population Projections based on Census 2022","2049","65 years","Female","Method - M2","Number","45740"
"Population Projections based on Census 2022","2049","66 years","Male","Method - M2","Number","41219"
"Population Projections based on Census 2022","2049","66 years","Female","Method - M2","Number","46653"
"Population Projections based on Census 2022","2049","67 years","Male","Method - M2","Number","42489"
"Population Projections based on Census 2022","2049","67 years","Female","Method - M2","Number","46835"
"Population Projections based on Census 2022","2049","68 years","Male","Method - M2","Number","42365"
"Population Projections based on Census 2022","2049","68 years","Female","Method - M2","Number","46118"
"Population Projections based on Census 2022","2049","69 years","Male","Method - M2","Number","41782"
"Population Projections based on Census 2022","2049","69 years","Female","Method - M2","Number","44944"
"Population Projections based on Census 2022","2049","70 years","Male","Method - M2","Number","38699"
"Population Projections based on Census 2022","2049","70 years","Female","Method - M2","Number","42070"
"Population Projections based on Census 2022","2049","71 years","Male","Method - M2","Number","36386"
"Population Projections based on Census 2022","2049","71 years","Female","Method - M2","Number","39094"
"Population Projections based on Census 2022","2049","72 years","Male","Method - M2","Number","35951"
"Population Projections based on Census 2022","2049","72 years","Female","Method - M2","Number","38115"
"Population Projections based on Census 2022","2049","73 years","Male","Method - M2","Number","34852"
"Population Projections based on Census 2022","2049","73 years","Female","Method - M2","Number","37207"
"Population Projections based on Census 2022","2049","74 years","Male","Method - M2","Number","34016"
"Population Projections based on Census 2022","2049","74 years","Female","Method - M2","Number","36209"
"Population Projections based on Census 2022","2049","75 years","Male","Method - M2","Number","32977"
"Population Projections based on Census 2022","2049","75 years","Female","Method - M2","Number","35460"
"Population Projections based on Census 2022","2049","76 years","Male","Method - M2","Number","32365"
"Population Projections based on Census 2022","2049","76 years","Female","Method - M2","Number","34839"
"Population Projections based on Census 2022","2049","77 years","Male","Method - M2","Number","31378"
"Population Projections based on Census 2022","2049","77 years","Female","Method - M2","Number","33862"
"Population Projections based on Census 2022","2049","78 years","Male","Method - M2","Number","29259"
"Population Projections based on Census 2022","2049","78 years","Female","Method - M2","Number","31877"
"Population Projections based on Census 2022","2049","79 years","Male","Method - M2","Number","27914"
"Population Projections based on Census 2022","2049","79 years","Female","Method - M2","Number","30679"
"Population Projections based on Census 2022","2049","80 years","Male","Method - M2","Number","25712"
"Population Projections based on Census 2022","2049","80 years","Female","Method - M2","Number","28136"
"Population Projections based on Census 2022","2049","81 years","Male","Method - M2","Number","24315"
"Population Projections based on Census 2022","2049","81 years","Female","Method - M2","Number","27333"
"Population Projections based on Census 2022","2049","82 years","Male","Method - M2","Number","22951"
"Population Projections based on Census 2022","2049","82 years","Female","Method - M2","Number","26176"
"Population Projections based on Census 2022","2049","83 years","Male","Method - M2","Number","21244"
"Population Projections based on Census 2022","2049","83 years","Female","Method - M2","Number","24836"
"Population Projections based on Census 2022","2049","84 years","Male","Method - M2","Number","20145"
"Population Projections based on Census 2022","2049","84 years","Female","Method - M2","Number","24241"
"Population Projections based on Census 2022","2049","85 years","Male","Method - M2","Number","18289"
"Population Projections based on Census 2022","2049","85 years","Female","Method - M2","Number","22334"
"Population Projections based on Census 2022","2049","86 years","Male","Method - M2","Number","16669"
"Population Projections based on Census 2022","2049","86 years","Female","Method - M2","Number","20693"
"Population Projections based on Census 2022","2049","87 years","Male","Method - M2","Number","15227"
"Population Projections based on Census 2022","2049","87 years","Female","Method - M2","Number","19162"
"Population Projections based on Census 2022","2049","88 years","Male","Method - M2","Number","13361"
"Population Projections based on Census 2022","2049","88 years","Female","Method - M2","Number","17479"
"Population Projections based on Census 2022","2049","89 years","Male","Method - M2","Number","11795"
"Population Projections based on Census 2022","2049","89 years","Female","Method - M2","Number","15631"
"Population Projections based on Census 2022","2049","90 years","Male","Method - M2","Number","10043"
"Population Projections based on Census 2022","2049","90 years","Female","Method - M2","Number","13486"
"Population Projections based on Census 2022","2049","91 years","Male","Method - M2","Number","8558"
"Population Projections based on Census 2022","2049","91 years","Female","Method - M2","Number","12086"
"Population Projections based on Census 2022","2049","92 years","Male","Method - M2","Number","7471"
"Population Projections based on Census 2022","2049","92 years","Female","Method - M2","Number","10559"
"Population Projections based on Census 2022","2049","93 years","Male","Method - M2","Number","6038"
"Population Projections based on Census 2022","2049","93 years","Female","Method - M2","Number","8996"
"Population Projections based on Census 2022","2049","94 years","Male","Method - M2","Number","4966"
"Population Projections based on Census 2022","2049","94 years","Female","Method - M2","Number","7644"
"Population Projections based on Census 2022","2049","95 years","Male","Method - M2","Number","3818"
"Population Projections based on Census 2022","2049","95 years","Female","Method - M2","Number","5998"
"Population Projections based on Census 2022","2049","96 years","Male","Method - M2","Number","2959"
"Population Projections based on Census 2022","2049","96 years","Female","Method - M2","Number","4903"
"Population Projections based on Census 2022","2049","97 years","Male","Method - M2","Number","2112"
"Population Projections based on Census 2022","2049","97 years","Female","Method - M2","Number","3633"
"Population Projections based on Census 2022","2049","98 years","Male","Method - M2","Number","1441"
"Population Projections based on Census 2022","2049","98 years","Female","Method - M2","Number","2601"
"Population Projections based on Census 2022","2049","99 years and over","Male","Method - M2","Number","2311"
"Population Projections based on Census 2022","2049","99 years and over","Female","Method - M2","Number","4663"
"Population Projections based on Census 2022","2050","Under 1 year","Male","Method - M2","Number","26209"
"Population Projections based on Census 2022","2050","Under 1 year","Female","Method - M2","Number","24872"
"Population Projections based on Census 2022","2050","1 year","Male","Method - M2","Number","26686"
"Population Projections based on Census 2022","2050","1 year","Female","Method - M2","Number","25335"
"Population Projections based on Census 2022","2050","2 years","Male","Method - M2","Number","27129"
"Population Projections based on Census 2022","2050","2 years","Female","Method - M2","Number","25755"
"Population Projections based on Census 2022","2050","3 years","Male","Method - M2","Number","27465"
"Population Projections based on Census 2022","2050","3 years","Female","Method - M2","Number","26065"
"Population Projections based on Census 2022","2050","4 years","Male","Method - M2","Number","27735"
"Population Projections based on Census 2022","2050","4 years","Female","Method - M2","Number","26334"
"Population Projections based on Census 2022","2050","5 years","Male","Method - M2","Number","27985"
"Population Projections based on Census 2022","2050","5 years","Female","Method - M2","Number","26539"
"Population Projections based on Census 2022","2050","6 years","Male","Method - M2","Number","28178"
"Population Projections based on Census 2022","2050","6 years","Female","Method - M2","Number","26721"
"Population Projections based on Census 2022","2050","7 years","Male","Method - M2","Number","28303"
"Population Projections based on Census 2022","2050","7 years","Female","Method - M2","Number","26832"
"Population Projections based on Census 2022","2050","8 years","Male","Method - M2","Number","28352"
"Population Projections based on Census 2022","2050","8 years","Female","Method - M2","Number","26884"
"Population Projections based on Census 2022","2050","9 years","Male","Method - M2","Number","28322"
"Population Projections based on Census 2022","2050","9 years","Female","Method - M2","Number","26851"
"Population Projections based on Census 2022","2050","10 years","Male","Method - M2","Number","28283"
"Population Projections based on Census 2022","2050","10 years","Female","Method - M2","Number","26818"
"Population Projections based on Census 2022","2050","11 years","Male","Method - M2","Number","28215"
"Population Projections based on Census 2022","2050","11 years","Female","Method - M2","Number","26746"
"Population Projections based on Census 2022","2050","12 years","Male","Method - M2","Number","28126"
"Population Projections based on Census 2022","2050","12 years","Female","Method - M2","Number","26662"
"Population Projections based on Census 2022","2050","13 years","Male","Method - M2","Number","28371"
"Population Projections based on Census 2022","2050","13 years","Female","Method - M2","Number","26902"
"Population Projections based on Census 2022","2050","14 years","Male","Method - M2","Number","28527"
"Population Projections based on Census 2022","2050","14 years","Female","Method - M2","Number","27052"
"Population Projections based on Census 2022","2050","15 years","Male","Method - M2","Number","28661"
"Population Projections based on Census 2022","2050","15 years","Female","Method - M2","Number","27330"
"Population Projections based on Census 2022","2050","16 years","Male","Method - M2","Number","28785"
"Population Projections based on Census 2022","2050","16 years","Female","Method - M2","Number","27601"
"Population Projections based on Census 2022","2050","17 years","Male","Method - M2","Number","28975"
"Population Projections based on Census 2022","2050","17 years","Female","Method - M2","Number","27859"
"Population Projections based on Census 2022","2050","18 years","Male","Method - M2","Number","29188"
"Population Projections based on Census 2022","2050","18 years","Female","Method - M2","Number","28184"
"Population Projections based on Census 2022","2050","19 years","Male","Method - M2","Number","29378"
"Population Projections based on Census 2022","2050","19 years","Female","Method - M2","Number","28518"
"Population Projections based on Census 2022","2050","20 years","Male","Method - M2","Number","29554"
"Population Projections based on Census 2022","2050","20 years","Female","Method - M2","Number","28827"
"Population Projections based on Census 2022","2050","21 years","Male","Method - M2","Number","29733"
"Population Projections based on Census 2022","2050","21 years","Female","Method - M2","Number","29106"
"Population Projections based on Census 2022","2050","22 years","Male","Method - M2","Number","29986"
"Population Projections based on Census 2022","2050","22 years","Female","Method - M2","Number","29449"
"Population Projections based on Census 2022","2050","23 years","Male","Method - M2","Number","30337"
"Population Projections based on Census 2022","2050","23 years","Female","Method - M2","Number","29905"
"Population Projections based on Census 2022","2050","24 years","Male","Method - M2","Number","30759"
"Population Projections based on Census 2022","2050","24 years","Female","Method - M2","Number","30376"
"Population Projections based on Census 2022","2050","25 years","Male","Method - M2","Number","31626"
"Population Projections based on Census 2022","2050","25 years","Female","Method - M2","Number","31319"
"Population Projections based on Census 2022","2050","26 years","Male","Method - M2","Number","32462"
"Population Projections based on Census 2022","2050","26 years","Female","Method - M2","Number","32242"
"Population Projections based on Census 2022","2050","27 years","Male","Method - M2","Number","34105"
"Population Projections based on Census 2022","2050","27 years","Female","Method - M2","Number","33941"
"Population Projections based on Census 2022","2050","28 years","Male","Method - M2","Number","34471"
"Population Projections based on Census 2022","2050","28 years","Female","Method - M2","Number","34501"
"Population Projections based on Census 2022","2050","29 years","Male","Method - M2","Number","34148"
"Population Projections based on Census 2022","2050","29 years","Female","Method - M2","Number","34311"
"Population Projections based on Census 2022","2050","30 years","Male","Method - M2","Number","35603"
"Population Projections based on Census 2022","2050","30 years","Female","Method - M2","Number","35937"
"Population Projections based on Census 2022","2050","31 years","Male","Method - M2","Number","36594"
"Population Projections based on Census 2022","2050","31 years","Female","Method - M2","Number","36805"
"Population Projections based on Census 2022","2050","32 years","Male","Method - M2","Number","37474"
"Population Projections based on Census 2022","2050","32 years","Female","Method - M2","Number","37479"
"Population Projections based on Census 2022","2050","33 years","Male","Method - M2","Number","38626"
"Population Projections based on Census 2022","2050","33 years","Female","Method - M2","Number","39294"
"Population Projections based on Census 2022","2050","34 years","Male","Method - M2","Number","40172"
"Population Projections based on Census 2022","2050","34 years","Female","Method - M2","Number","40913"
"Population Projections based on Census 2022","2050","35 years","Male","Method - M2","Number","41653"
"Population Projections based on Census 2022","2050","35 years","Female","Method - M2","Number","42143"
"Population Projections based on Census 2022","2050","36 years","Male","Method - M2","Number","42649"
"Population Projections based on Census 2022","2050","36 years","Female","Method - M2","Number","43334"
"Population Projections based on Census 2022","2050","37 years","Male","Method - M2","Number","43439"
"Population Projections based on Census 2022","2050","37 years","Female","Method - M2","Number","44373"
"Population Projections based on Census 2022","2050","38 years","Male","Method - M2","Number","44635"
"Population Projections based on Census 2022","2050","38 years","Female","Method - M2","Number","45514"
"Population Projections based on Census 2022","2050","39 years","Male","Method - M2","Number","44931"
"Population Projections based on Census 2022","2050","39 years","Female","Method - M2","Number","46586"
"Population Projections based on Census 2022","2050","40 years","Male","Method - M2","Number","45749"
"Population Projections based on Census 2022","2050","40 years","Female","Method - M2","Number","47425"
"Population Projections based on Census 2022","2050","41 years","Male","Method - M2","Number","45394"
"Population Projections based on Census 2022","2050","41 years","Female","Method - M2","Number","47327"
"Population Projections based on Census 2022","2050","42 years","Male","Method - M2","Number","44804"
"Population Projections based on Census 2022","2050","42 years","Female","Method - M2","Number","47254"
"Population Projections based on Census 2022","2050","43 years","Male","Method - M2","Number","43577"
"Population Projections based on Census 2022","2050","43 years","Female","Method - M2","Number","45801"
"Population Projections based on Census 2022","2050","44 years","Male","Method - M2","Number","42666"
"Population Projections based on Census 2022","2050","44 years","Female","Method - M2","Number","44923"
"Population Projections based on Census 2022","2050","45 years","Male","Method - M2","Number","42839"
"Population Projections based on Census 2022","2050","45 years","Female","Method - M2","Number","44474"
"Population Projections based on Census 2022","2050","46 years","Male","Method - M2","Number","41763"
"Population Projections based on Census 2022","2050","46 years","Female","Method - M2","Number","44263"
"Population Projections based on Census 2022","2050","47 years","Male","Method - M2","Number","40960"
"Population Projections based on Census 2022","2050","47 years","Female","Method - M2","Number","43381"
"Population Projections based on Census 2022","2050","48 years","Male","Method - M2","Number","40495"
"Population Projections based on Census 2022","2050","48 years","Female","Method - M2","Number","43167"
"Population Projections based on Census 2022","2050","49 years","Male","Method - M2","Number","39649"
"Population Projections based on Census 2022","2050","49 years","Female","Method - M2","Number","41970"
"Population Projections based on Census 2022","2050","50 years","Male","Method - M2","Number","40267"
"Population Projections based on Census 2022","2050","50 years","Female","Method - M2","Number","42713"
"Population Projections based on Census 2022","2050","51 years","Male","Method - M2","Number","39998"
"Population Projections based on Census 2022","2050","51 years","Female","Method - M2","Number","42014"
"Population Projections based on Census 2022","2050","52 years","Male","Method - M2","Number","39516"
"Population Projections based on Census 2022","2050","52 years","Female","Method - M2","Number","41426"
"Population Projections based on Census 2022","2050","53 years","Male","Method - M2","Number","38794"
"Population Projections based on Census 2022","2050","53 years","Female","Method - M2","Number","40820"
"Population Projections based on Census 2022","2050","54 years","Male","Method - M2","Number","37607"
"Population Projections based on Census 2022","2050","54 years","Female","Method - M2","Number","39714"
"Population Projections based on Census 2022","2050","55 years","Male","Method - M2","Number","36997"
"Population Projections based on Census 2022","2050","55 years","Female","Method - M2","Number","39837"
"Population Projections based on Census 2022","2050","56 years","Male","Method - M2","Number","36309"
"Population Projections based on Census 2022","2050","56 years","Female","Method - M2","Number","39481"
"Population Projections based on Census 2022","2050","57 years","Male","Method - M2","Number","36911"
"Population Projections based on Census 2022","2050","57 years","Female","Method - M2","Number","40112"
"Population Projections based on Census 2022","2050","58 years","Male","Method - M2","Number","37563"
"Population Projections based on Census 2022","2050","58 years","Female","Method - M2","Number","41809"
"Population Projections based on Census 2022","2050","59 years","Male","Method - M2","Number","38256"
"Population Projections based on Census 2022","2050","59 years","Female","Method - M2","Number","42004"
"Population Projections based on Census 2022","2050","60 years","Male","Method - M2","Number","38030"
"Population Projections based on Census 2022","2050","60 years","Female","Method - M2","Number","42309"
"Population Projections based on Census 2022","2050","61 years","Male","Method - M2","Number","37226"
"Population Projections based on Census 2022","2050","61 years","Female","Method - M2","Number","41955"
"Population Projections based on Census 2022","2050","62 years","Male","Method - M2","Number","38017"
"Population Projections based on Census 2022","2050","62 years","Female","Method - M2","Number","43271"
"Population Projections based on Census 2022","2050","63 years","Male","Method - M2","Number","39497"
"Population Projections based on Census 2022","2050","63 years","Female","Method - M2","Number","44667"
"Population Projections based on Census 2022","2050","64 years","Male","Method - M2","Number","39883"
"Population Projections based on Census 2022","2050","64 years","Female","Method - M2","Number","44952"
"Population Projections based on Census 2022","2050","65 years","Male","Method - M2","Number","39925"
"Population Projections based on Census 2022","2050","65 years","Female","Method - M2","Number","44610"
"Population Projections based on Census 2022","2050","66 years","Male","Method - M2","Number","40469"
"Population Projections based on Census 2022","2050","66 years","Female","Method - M2","Number","45561"
"Population Projections based on Census 2022","2050","67 years","Male","Method - M2","Number","40954"
"Population Projections based on Census 2022","2050","67 years","Female","Method - M2","Number","46471"
"Population Projections based on Census 2022","2050","68 years","Male","Method - M2","Number","42185"
"Population Projections based on Census 2022","2050","68 years","Female","Method - M2","Number","46635"
"Population Projections based on Census 2022","2050","69 years","Male","Method - M2","Number","42023"
"Population Projections based on Census 2022","2050","69 years","Female","Method - M2","Number","45889"
"Population Projections based on Census 2022","2050","70 years","Male","Method - M2","Number","41412"
"Population Projections based on Census 2022","2050","70 years","Female","Method - M2","Number","44707"
"Population Projections based on Census 2022","2050","71 years","Male","Method - M2","Number","38324"
"Population Projections based on Census 2022","2050","71 years","Female","Method - M2","Number","41814"
"Population Projections based on Census 2022","2050","72 years","Male","Method - M2","Number","35994"
"Population Projections based on Census 2022","2050","72 years","Female","Method - M2","Number","38833"
"Population Projections based on Census 2022","2050","73 years","Male","Method - M2","Number","35506"
"Population Projections based on Census 2022","2050","73 years","Female","Method - M2","Number","37818"
"Population Projections based on Census 2022","2050","74 years","Male","Method - M2","Number","34363"
"Population Projections based on Census 2022","2050","74 years","Female","Method - M2","Number","36885"
"Population Projections based on Census 2022","2050","75 years","Male","Method - M2","Number","33475"
"Population Projections based on Census 2022","2050","75 years","Female","Method - M2","Number","35847"
"Population Projections based on Census 2022","2050","76 years","Male","Method - M2","Number","32354"
"Population Projections based on Census 2022","2050","76 years","Female","Method - M2","Number","35033"
"Population Projections based on Census 2022","2050","77 years","Male","Method - M2","Number","31675"
"Population Projections based on Census 2022","2050","77 years","Female","Method - M2","Number","34360"
"Population Projections based on Census 2022","2050","78 years","Male","Method - M2","Number","30635"
"Population Projections based on Census 2022","2050","78 years","Female","Method - M2","Number","33336"
"Population Projections based on Census 2022","2050","79 years","Male","Method - M2","Number","28489"
"Population Projections based on Census 2022","2050","79 years","Female","Method - M2","Number","31320"
"Population Projections based on Census 2022","2050","80 years","Male","Method - M2","Number","27098"
"Population Projections based on Census 2022","2050","80 years","Female","Method - M2","Number","30069"
"Population Projections based on Census 2022","2050","81 years","Male","Method - M2","Number","24877"
"Population Projections based on Census 2022","2050","81 years","Female","Method - M2","Number","27501"
"Population Projections based on Census 2022","2050","82 years","Male","Method - M2","Number","23428"
"Population Projections based on Census 2022","2050","82 years","Female","Method - M2","Number","26624"
"Population Projections based on Census 2022","2050","83 years","Male","Method - M2","Number","21987"
"Population Projections based on Census 2022","2050","83 years","Female","Method - M2","Number","25384"
"Population Projections based on Census 2022","2050","84 years","Male","Method - M2","Number","20232"
"Population Projections based on Census 2022","2050","84 years","Female","Method - M2","Number","23978"
"Population Projections based on Census 2022","2050","85 years","Male","Method - M2","Number","19065"
"Population Projections based on Census 2022","2050","85 years","Female","Method - M2","Number","23283"
"Population Projections based on Census 2022","2050","86 years","Male","Method - M2","Number","17176"
"Population Projections based on Census 2022","2050","86 years","Female","Method - M2","Number","21314"
"Population Projections based on Census 2022","2050","87 years","Male","Method - M2","Number","15535"
"Population Projections based on Census 2022","2050","87 years","Female","Method - M2","Number","19626"
"Population Projections based on Census 2022","2050","88 years","Male","Method - M2","Number","14070"
"Population Projections based on Census 2022","2050","88 years","Female","Method - M2","Number","18043"
"Population Projections based on Census 2022","2050","89 years","Male","Method - M2","Number","12232"
"Population Projections based on Census 2022","2050","89 years","Female","Method - M2","Number","16329"
"Population Projections based on Census 2022","2050","90 years","Male","Method - M2","Number","10695"
"Population Projections based on Census 2022","2050","90 years","Female","Method - M2","Number","14475"
"Population Projections based on Census 2022","2050","91 years","Male","Method - M2","Number","9005"
"Population Projections based on Census 2022","2050","91 years","Female","Method - M2","Number","12370"
"Population Projections based on Census 2022","2050","92 years","Male","Method - M2","Number","7559"
"Population Projections based on Census 2022","2050","92 years","Female","Method - M2","Number","10937"
"Population Projections based on Census 2022","2050","93 years","Male","Method - M2","Number","6451"
"Population Projections based on Census 2022","2050","93 years","Female","Method - M2","Number","9373"
"Population Projections based on Census 2022","2050","94 years","Male","Method - M2","Number","5087"
"Population Projections based on Census 2022","2050","94 years","Female","Method - M2","Number","7810"
"Population Projections based on Census 2022","2050","95 years","Male","Method - M2","Number","4068"
"Population Projections based on Census 2022","2050","95 years","Female","Method - M2","Number","6467"
"Population Projections based on Census 2022","2050","96 years","Male","Method - M2","Number","3020"
"Population Projections based on Census 2022","2050","96 years","Female","Method - M2","Number","4917"
"Population Projections based on Census 2022","2050","97 years","Male","Method - M2","Number","2256"
"Population Projections based on Census 2022","2050","97 years","Female","Method - M2","Number","3883"
"Population Projections based on Census 2022","2050","98 years","Male","Method - M2","Number","1542"
"Population Projections based on Census 2022","2050","98 years","Female","Method - M2","Number","2769"
"Population Projections based on Census 2022","2050","99 years and over","Male","Method - M2","Number","2441"
"Population Projections based on Census 2022","2050","99 years and over","Female","Method - M2","Number","4897"
"Population Projections based on Census 2022","2051","Under 1 year","Male","Method - M2","Number","25885"
"Population Projections based on Census 2022","2051","Under 1 year","Female","Method - M2","Number","24565"
"Population Projections based on Census 2022","2051","1 year","Male","Method - M2","Number","26389"
"Population Projections based on Census 2022","2051","1 year","Female","Method - M2","Number","25053"
"Population Projections based on Census 2022","2051","2 years","Male","Method - M2","Number","26873"
"Population Projections based on Census 2022","2051","2 years","Female","Method - M2","Number","25512"
"Population Projections based on Census 2022","2051","3 years","Male","Method - M2","Number","27293"
"Population Projections based on Census 2022","2051","3 years","Female","Method - M2","Number","25902"
"Population Projections based on Census 2022","2051","4 years","Male","Method - M2","Number","27625"
"Population Projections based on Census 2022","2051","4 years","Female","Method - M2","Number","26228"
"Population Projections based on Census 2022","2051","5 years","Male","Method - M2","Number","27916"
"Population Projections based on Census 2022","2051","5 years","Female","Method - M2","Number","26474"
"Population Projections based on Census 2022","2051","6 years","Male","Method - M2","Number","28151"
"Population Projections based on Census 2022","2051","6 years","Female","Method - M2","Number","26695"
"Population Projections based on Census 2022","2051","7 years","Male","Method - M2","Number","28339"
"Population Projections based on Census 2022","2051","7 years","Female","Method - M2","Number","26866"
"Population Projections based on Census 2022","2051","8 years","Male","Method - M2","Number","28449"
"Population Projections based on Census 2022","2051","8 years","Female","Method - M2","Number","26978"
"Population Projections based on Census 2022","2051","9 years","Male","Method - M2","Number","28502"
"Population Projections based on Census 2022","2051","9 years","Female","Method - M2","Number","27021"
"Population Projections based on Census 2022","2051","10 years","Male","Method - M2","Number","28475"
"Population Projections based on Census 2022","2051","10 years","Female","Method - M2","Number","27002"
"Population Projections based on Census 2022","2051","11 years","Male","Method - M2","Number","28442"
"Population Projections based on Census 2022","2051","11 years","Female","Method - M2","Number","26960"
"Population Projections based on Census 2022","2051","12 years","Male","Method - M2","Number","28373"
"Population Projections based on Census 2022","2051","12 years","Female","Method - M2","Number","26895"
"Population Projections based on Census 2022","2051","13 years","Male","Method - M2","Number","28282"
"Population Projections based on Census 2022","2051","13 years","Female","Method - M2","Number","26818"
"Population Projections based on Census 2022","2051","14 years","Male","Method - M2","Number","28477"
"Population Projections based on Census 2022","2051","14 years","Female","Method - M2","Number","27003"
"Population Projections based on Census 2022","2051","15 years","Male","Method - M2","Number","28610"
"Population Projections based on Census 2022","2051","15 years","Female","Method - M2","Number","27284"
"Population Projections based on Census 2022","2051","16 years","Male","Method - M2","Number","28749"
"Population Projections based on Census 2022","2051","16 years","Female","Method - M2","Number","27567"
"Population Projections based on Census 2022","2051","17 years","Male","Method - M2","Number","28902"
"Population Projections based on Census 2022","2051","17 years","Female","Method - M2","Number","27786"
"Population Projections based on Census 2022","2051","18 years","Male","Method - M2","Number","29030"
"Population Projections based on Census 2022","2051","18 years","Female","Method - M2","Number","28035"
"Population Projections based on Census 2022","2051","19 years","Male","Method - M2","Number","29214"
"Population Projections based on Census 2022","2051","19 years","Female","Method - M2","Number","28358"
"Population Projections based on Census 2022","2051","20 years","Male","Method - M2","Number","29390"
"Population Projections based on Census 2022","2051","20 years","Female","Method - M2","Number","28670"
"Population Projections based on Census 2022","2051","21 years","Male","Method - M2","Number","29550"
"Population Projections based on Census 2022","2051","21 years","Female","Method - M2","Number","28933"
"Population Projections based on Census 2022","2051","22 years","Male","Method - M2","Number","29718"
"Population Projections based on Census 2022","2051","22 years","Female","Method - M2","Number","29194"
"Population Projections based on Census 2022","2051","23 years","Male","Method - M2","Number","29960"
"Population Projections based on Census 2022","2051","23 years","Female","Method - M2","Number","29541"
"Population Projections based on Census 2022","2051","24 years","Male","Method - M2","Number","30325"
"Population Projections based on Census 2022","2051","24 years","Female","Method - M2","Number","29968"
"Population Projections based on Census 2022","2051","25 years","Male","Method - M2","Number","31267"
"Population Projections based on Census 2022","2051","25 years","Female","Method - M2","Number","30977"
"Population Projections based on Census 2022","2051","26 years","Male","Method - M2","Number","32090"
"Population Projections based on Census 2022","2051","26 years","Female","Method - M2","Number","31891"
"Population Projections based on Census 2022","2051","27 years","Male","Method - M2","Number","32899"
"Population Projections based on Census 2022","2051","27 years","Female","Method - M2","Number","32797"
"Population Projections based on Census 2022","2051","28 years","Male","Method - M2","Number","34532"
"Population Projections based on Census 2022","2051","28 years","Female","Method - M2","Number","34466"
"Population Projections based on Census 2022","2051","29 years","Male","Method - M2","Number","34885"
"Population Projections based on Census 2022","2051","29 years","Female","Method - M2","Number","34984"
"Population Projections based on Census 2022","2051","30 years","Male","Method - M2","Number","34529"
"Population Projections based on Census 2022","2051","30 years","Female","Method - M2","Number","34782"
"Population Projections based on Census 2022","2051","31 years","Male","Method - M2","Number","35971"
"Population Projections based on Census 2022","2051","31 years","Female","Method - M2","Number","36389"
"Population Projections based on Census 2022","2051","32 years","Male","Method - M2","Number","36939"
"Population Projections based on Census 2022","2051","32 years","Female","Method - M2","Number","37261"
"Population Projections based on Census 2022","2051","33 years","Male","Method - M2","Number","37789"
"Population Projections based on Census 2022","2051","33 years","Female","Method - M2","Number","37926"
"Population Projections based on Census 2022","2051","34 years","Male","Method - M2","Number","38966"
"Population Projections based on Census 2022","2051","34 years","Female","Method - M2","Number","39758"
"Population Projections based on Census 2022","2051","35 years","Male","Method - M2","Number","40460"
"Population Projections based on Census 2022","2051","35 years","Female","Method - M2","Number","41347"
"Population Projections based on Census 2022","2051","36 years","Male","Method - M2","Number","41946"
"Population Projections based on Census 2022","2051","36 years","Female","Method - M2","Number","42579"
"Population Projections based on Census 2022","2051","37 years","Male","Method - M2","Number","42916"
"Population Projections based on Census 2022","2051","37 years","Female","Method - M2","Number","43746"
"Population Projections based on Census 2022","2051","38 years","Male","Method - M2","Number","43697"
"Population Projections based on Census 2022","2051","38 years","Female","Method - M2","Number","44792"
"Population Projections based on Census 2022","2051","39 years","Male","Method - M2","Number","44903"
"Population Projections based on Census 2022","2051","39 years","Female","Method - M2","Number","45952"
"Population Projections based on Census 2022","2051","40 years","Male","Method - M2","Number","45211"
"Population Projections based on Census 2022","2051","40 years","Female","Method - M2","Number","47024"
"Population Projections based on Census 2022","2051","41 years","Male","Method - M2","Number","46022"
"Population Projections based on Census 2022","2051","41 years","Female","Method - M2","Number","47881"
"Population Projections based on Census 2022","2051","42 years","Male","Method - M2","Number","45714"
"Population Projections based on Census 2022","2051","42 years","Female","Method - M2","Number","47808"
"Population Projections based on Census 2022","2051","43 years","Male","Method - M2","Number","45124"
"Population Projections based on Census 2022","2051","43 years","Female","Method - M2","Number","47736"
"Population Projections based on Census 2022","2051","44 years","Male","Method - M2","Number","43914"
"Population Projections based on Census 2022","2051","44 years","Female","Method - M2","Number","46281"
"Population Projections based on Census 2022","2051","45 years","Male","Method - M2","Number","42698"
"Population Projections based on Census 2022","2051","45 years","Female","Method - M2","Number","44950"
"Population Projections based on Census 2022","2051","46 years","Male","Method - M2","Number","42843"
"Population Projections based on Census 2022","2051","46 years","Female","Method - M2","Number","44505"
"Population Projections based on Census 2022","2051","47 years","Male","Method - M2","Number","41785"
"Population Projections based on Census 2022","2051","47 years","Female","Method - M2","Number","44293"
"Population Projections based on Census 2022","2051","48 years","Male","Method - M2","Number","40995"
"Population Projections based on Census 2022","2051","48 years","Female","Method - M2","Number","43435"
"Population Projections based on Census 2022","2051","49 years","Male","Method - M2","Number","40552"
"Population Projections based on Census 2022","2051","49 years","Female","Method - M2","Number","43224"
"Population Projections based on Census 2022","2051","50 years","Male","Method - M2","Number","39704"
"Population Projections based on Census 2022","2051","50 years","Female","Method - M2","Number","42033"
"Population Projections based on Census 2022","2051","51 years","Male","Method - M2","Number","40319"
"Population Projections based on Census 2022","2051","51 years","Female","Method - M2","Number","42772"
"Population Projections based on Census 2022","2051","52 years","Male","Method - M2","Number","40052"
"Population Projections based on Census 2022","2051","52 years","Female","Method - M2","Number","42066"
"Population Projections based on Census 2022","2051","53 years","Male","Method - M2","Number","39565"
"Population Projections based on Census 2022","2051","53 years","Female","Method - M2","Number","41476"
"Population Projections based on Census 2022","2051","54 years","Male","Method - M2","Number","38852"
"Population Projections based on Census 2022","2051","54 years","Female","Method - M2","Number","40873"
"Population Projections based on Census 2022","2051","55 years","Male","Method - M2","Number","37654"
"Population Projections based on Census 2022","2051","55 years","Female","Method - M2","Number","39774"
"Population Projections based on Census 2022","2051","56 years","Male","Method - M2","Number","37046"
"Population Projections based on Census 2022","2051","56 years","Female","Method - M2","Number","39889"
"Population Projections based on Census 2022","2051","57 years","Male","Method - M2","Number","36351"
"Population Projections based on Census 2022","2051","57 years","Female","Method - M2","Number","39521"
"Population Projections based on Census 2022","2051","58 years","Male","Method - M2","Number","36942"
"Population Projections based on Census 2022","2051","58 years","Female","Method - M2","Number","40155"
"Population Projections based on Census 2022","2051","59 years","Male","Method - M2","Number","37583"
"Population Projections based on Census 2022","2051","59 years","Female","Method - M2","Number","41860"
"Population Projections based on Census 2022","2051","60 years","Male","Method - M2","Number","38265"
"Population Projections based on Census 2022","2051","60 years","Female","Method - M2","Number","42044"
"Population Projections based on Census 2022","2051","61 years","Male","Method - M2","Number","38039"
"Population Projections based on Census 2022","2051","61 years","Female","Method - M2","Number","42331"
"Population Projections based on Census 2022","2051","62 years","Male","Method - M2","Number","37215"
"Population Projections based on Census 2022","2051","62 years","Female","Method - M2","Number","41967"
"Population Projections based on Census 2022","2051","63 years","Male","Method - M2","Number","38012"
"Population Projections based on Census 2022","2051","63 years","Female","Method - M2","Number","43275"
"Population Projections based on Census 2022","2051","64 years","Male","Method - M2","Number","39463"
"Population Projections based on Census 2022","2051","64 years","Female","Method - M2","Number","44657"
"Population Projections based on Census 2022","2051","65 years","Male","Method - M2","Number","39651"
"Population Projections based on Census 2022","2051","65 years","Female","Method - M2","Number","44801"
"Population Projections based on Census 2022","2051","66 years","Male","Method - M2","Number","39687"
"Population Projections based on Census 2022","2051","66 years","Female","Method - M2","Number","44439"
"Population Projections based on Census 2022","2051","67 years","Male","Method - M2","Number","40213"
"Population Projections based on Census 2022","2051","67 years","Female","Method - M2","Number","45387"
"Population Projections based on Census 2022","2051","68 years","Male","Method - M2","Number","40668"
"Population Projections based on Census 2022","2051","68 years","Female","Method - M2","Number","46277"
"Population Projections based on Census 2022","2051","69 years","Male","Method - M2","Number","41850"
"Population Projections based on Census 2022","2051","69 years","Female","Method - M2","Number","46407"
"Population Projections based on Census 2022","2051","70 years","Male","Method - M2","Number","41657"
"Population Projections based on Census 2022","2051","70 years","Female","Method - M2","Number","45651"
"Population Projections based on Census 2022","2051","71 years","Male","Method - M2","Number","41014"
"Population Projections based on Census 2022","2051","71 years","Female","Method - M2","Number","44437"
"Population Projections based on Census 2022","2051","72 years","Male","Method - M2","Number","37916"
"Population Projections based on Census 2022","2051","72 years","Female","Method - M2","Number","41537"
"Population Projections based on Census 2022","2051","73 years","Male","Method - M2","Number","35556"
"Population Projections based on Census 2022","2051","73 years","Female","Method - M2","Number","38535"
"Population Projections based on Census 2022","2051","74 years","Male","Method - M2","Number","35016"
"Population Projections based on Census 2022","2051","74 years","Female","Method - M2","Number","37496"
"Population Projections based on Census 2022","2051","75 years","Male","Method - M2","Number","33825"
"Population Projections based on Census 2022","2051","75 years","Female","Method - M2","Number","36522"
"Population Projections based on Census 2022","2051","76 years","Male","Method - M2","Number","32852"
"Population Projections based on Census 2022","2051","76 years","Female","Method - M2","Number","35421"
"Population Projections based on Census 2022","2051","77 years","Male","Method - M2","Number","31675"
"Population Projections based on Census 2022","2051","77 years","Female","Method - M2","Number","34559"
"Population Projections based on Census 2022","2051","78 years","Male","Method - M2","Number","30936"
"Population Projections based on Census 2022","2051","78 years","Female","Method - M2","Number","33834"
"Population Projections based on Census 2022","2051","79 years","Male","Method - M2","Number","29840"
"Population Projections based on Census 2022","2051","79 years","Female","Method - M2","Number","32761"
"Population Projections based on Census 2022","2051","80 years","Male","Method - M2","Number","27668"
"Population Projections based on Census 2022","2051","80 years","Female","Method - M2","Number","30706"
"Population Projections based on Census 2022","2051","81 years","Male","Method - M2","Number","26231"
"Population Projections based on Census 2022","2051","81 years","Female","Method - M2","Number","29399"
"Population Projections based on Census 2022","2051","82 years","Male","Method - M2","Number","23983"
"Population Projections based on Census 2022","2051","82 years","Female","Method - M2","Number","26798"
"Population Projections based on Census 2022","2051","83 years","Male","Method - M2","Number","22458"
"Population Projections based on Census 2022","2051","83 years","Female","Method - M2","Number","25831"
"Population Projections based on Census 2022","2051","84 years","Male","Method - M2","Number","20955"
"Population Projections based on Census 2022","2051","84 years","Female","Method - M2","Number","24520"
"Population Projections based on Census 2022","2051","85 years","Male","Method - M2","Number","19163"
"Population Projections based on Census 2022","2051","85 years","Female","Method - M2","Number","23045"
"Population Projections based on Census 2022","2051","86 years","Male","Method - M2","Number","17922"
"Population Projections based on Census 2022","2051","86 years","Female","Method - M2","Number","22236"
"Population Projections based on Census 2022","2051","87 years","Male","Method - M2","Number","16024"
"Population Projections based on Census 2022","2051","87 years","Female","Method - M2","Number","20231"
"Population Projections based on Census 2022","2051","88 years","Male","Method - M2","Number","14372"
"Population Projections based on Census 2022","2051","88 years","Female","Method - M2","Number","18497"
"Population Projections based on Census 2022","2051","89 years","Male","Method - M2","Number","12898"
"Population Projections based on Census 2022","2051","89 years","Female","Method - M2","Number","16873"
"Population Projections based on Census 2022","2051","90 years","Male","Method - M2","Number","11108"
"Population Projections based on Census 2022","2051","90 years","Female","Method - M2","Number","15139"
"Population Projections based on Census 2022","2051","91 years","Male","Method - M2","Number","9605"
"Population Projections based on Census 2022","2051","91 years","Female","Method - M2","Number","13294"
"Population Projections based on Census 2022","2051","92 years","Male","Method - M2","Number","7968"
"Population Projections based on Census 2022","2051","92 years","Female","Method - M2","Number","11210"
"Population Projections based on Census 2022","2051","93 years","Male","Method - M2","Number","6540"
"Population Projections based on Census 2022","2051","93 years","Female","Method - M2","Number","9724"
"Population Projections based on Census 2022","2051","94 years","Male","Method - M2","Number","5444"
"Population Projections based on Census 2022","2051","94 years","Female","Method - M2","Number","8151"
"Population Projections based on Census 2022","2051","95 years","Male","Method - M2","Number","4175"
"Population Projections based on Census 2022","2051","95 years","Female","Method - M2","Number","6618"
"Population Projections based on Census 2022","2051","96 years","Male","Method - M2","Number","3224"
"Population Projections based on Census 2022","2051","96 years","Female","Method - M2","Number","5310"
"Population Projections based on Census 2022","2051","97 years","Male","Method - M2","Number","2306"
"Population Projections based on Census 2022","2051","97 years","Female","Method - M2","Number","3900"
"Population Projections based on Census 2022","2051","98 years","Male","Method - M2","Number","1649"
"Population Projections based on Census 2022","2051","98 years","Female","Method - M2","Number","2962"
"Population Projections based on Census 2022","2051","99 years and over","Male","Method - M2","Number","2591"
"Population Projections based on Census 2022","2051","99 years and over","Female","Method - M2","Number","5171"
"Population Projections based on Census 2022","2052","Under 1 year","Male","Method - M2","Number","25548"
"Population Projections based on Census 2022","2052","Under 1 year","Female","Method - M2","Number","24244"
"Population Projections based on Census 2022","2052","1 year","Male","Method - M2","Number","26065"
"Population Projections based on Census 2022","2052","1 year","Female","Method - M2","Number","24746"
"Population Projections based on Census 2022","2052","2 years","Male","Method - M2","Number","26576"
"Population Projections based on Census 2022","2052","2 years","Female","Method - M2","Number","25230"
"Population Projections based on Census 2022","2052","3 years","Male","Method - M2","Number","27037"
"Population Projections based on Census 2022","2052","3 years","Female","Method - M2","Number","25659"
"Population Projections based on Census 2022","2052","4 years","Male","Method - M2","Number","27453"
"Population Projections based on Census 2022","2052","4 years","Female","Method - M2","Number","26065"
"Population Projections based on Census 2022","2052","5 years","Male","Method - M2","Number","27806"
"Population Projections based on Census 2022","2052","5 years","Female","Method - M2","Number","26368"
"Population Projections based on Census 2022","2052","6 years","Male","Method - M2","Number","28082"
"Population Projections based on Census 2022","2052","6 years","Female","Method - M2","Number","26630"
"Population Projections based on Census 2022","2052","7 years","Male","Method - M2","Number","28312"
"Population Projections based on Census 2022","2052","7 years","Female","Method - M2","Number","26840"
"Population Projections based on Census 2022","2052","8 years","Male","Method - M2","Number","28485"
"Population Projections based on Census 2022","2052","8 years","Female","Method - M2","Number","27012"
"Population Projections based on Census 2022","2052","9 years","Male","Method - M2","Number","28599"
"Population Projections based on Census 2022","2052","9 years","Female","Method - M2","Number","27115"
"Population Projections based on Census 2022","2052","10 years","Male","Method - M2","Number","28655"
"Population Projections based on Census 2022","2052","10 years","Female","Method - M2","Number","27172"
"Population Projections based on Census 2022","2052","11 years","Male","Method - M2","Number","28634"
"Population Projections based on Census 2022","2052","11 years","Female","Method - M2","Number","27144"
"Population Projections based on Census 2022","2052","12 years","Male","Method - M2","Number","28600"
"Population Projections based on Census 2022","2052","12 years","Female","Method - M2","Number","27109"
"Population Projections based on Census 2022","2052","13 years","Male","Method - M2","Number","28529"
"Population Projections based on Census 2022","2052","13 years","Female","Method - M2","Number","27051"
"Population Projections based on Census 2022","2052","14 years","Male","Method - M2","Number","28388"
"Population Projections based on Census 2022","2052","14 years","Female","Method - M2","Number","26919"
"Population Projections based on Census 2022","2052","15 years","Male","Method - M2","Number","28560"
"Population Projections based on Census 2022","2052","15 years","Female","Method - M2","Number","27235"
"Population Projections based on Census 2022","2052","16 years","Male","Method - M2","Number","28698"
"Population Projections based on Census 2022","2052","16 years","Female","Method - M2","Number","27521"
"Population Projections based on Census 2022","2052","17 years","Male","Method - M2","Number","28866"
"Population Projections based on Census 2022","2052","17 years","Female","Method - M2","Number","27752"
"Population Projections based on Census 2022","2052","18 years","Male","Method - M2","Number","28957"
"Population Projections based on Census 2022","2052","18 years","Female","Method - M2","Number","27962"
"Population Projections based on Census 2022","2052","19 years","Male","Method - M2","Number","29056"
"Population Projections based on Census 2022","2052","19 years","Female","Method - M2","Number","28208"
"Population Projections based on Census 2022","2052","20 years","Male","Method - M2","Number","29226"
"Population Projections based on Census 2022","2052","20 years","Female","Method - M2","Number","28511"
"Population Projections based on Census 2022","2052","21 years","Male","Method - M2","Number","29386"
"Population Projections based on Census 2022","2052","21 years","Female","Method - M2","Number","28776"
"Population Projections based on Census 2022","2052","22 years","Male","Method - M2","Number","29535"
"Population Projections based on Census 2022","2052","22 years","Female","Method - M2","Number","29021"
"Population Projections based on Census 2022","2052","23 years","Male","Method - M2","Number","29692"
"Population Projections based on Census 2022","2052","23 years","Female","Method - M2","Number","29286"
"Population Projections based on Census 2022","2052","24 years","Male","Method - M2","Number","29949"
"Population Projections based on Census 2022","2052","24 years","Female","Method - M2","Number","29605"
"Population Projections based on Census 2022","2052","25 years","Male","Method - M2","Number","30834"
"Population Projections based on Census 2022","2052","25 years","Female","Method - M2","Number","30569"
"Population Projections based on Census 2022","2052","26 years","Male","Method - M2","Number","31731"
"Population Projections based on Census 2022","2052","26 years","Female","Method - M2","Number","31549"
"Population Projections based on Census 2022","2052","27 years","Male","Method - M2","Number","32527"
"Population Projections based on Census 2022","2052","27 years","Female","Method - M2","Number","32446"
"Population Projections based on Census 2022","2052","28 years","Male","Method - M2","Number","33327"
"Population Projections based on Census 2022","2052","28 years","Female","Method - M2","Number","33322"
"Population Projections based on Census 2022","2052","29 years","Male","Method - M2","Number","34945"
"Population Projections based on Census 2022","2052","29 years","Female","Method - M2","Number","34949"
"Population Projections based on Census 2022","2052","30 years","Male","Method - M2","Number","35266"
"Population Projections based on Census 2022","2052","30 years","Female","Method - M2","Number","35455"
"Population Projections based on Census 2022","2052","31 years","Male","Method - M2","Number","34898"
"Population Projections based on Census 2022","2052","31 years","Female","Method - M2","Number","35235"
"Population Projections based on Census 2022","2052","32 years","Male","Method - M2","Number","36316"
"Population Projections based on Census 2022","2052","32 years","Female","Method - M2","Number","36846"
"Population Projections based on Census 2022","2052","33 years","Male","Method - M2","Number","37254"
"Population Projections based on Census 2022","2052","33 years","Female","Method - M2","Number","37708"
"Population Projections based on Census 2022","2052","34 years","Male","Method - M2","Number","38130"
"Population Projections based on Census 2022","2052","34 years","Female","Method - M2","Number","38391"
"Population Projections based on Census 2022","2052","35 years","Male","Method - M2","Number","39255"
"Population Projections based on Census 2022","2052","35 years","Female","Method - M2","Number","40193"
"Population Projections based on Census 2022","2052","36 years","Male","Method - M2","Number","40753"
"Population Projections based on Census 2022","2052","36 years","Female","Method - M2","Number","41783"
"Population Projections based on Census 2022","2052","37 years","Male","Method - M2","Number","42214"
"Population Projections based on Census 2022","2052","37 years","Female","Method - M2","Number","42992"
"Population Projections based on Census 2022","2052","38 years","Male","Method - M2","Number","43174"
"Population Projections based on Census 2022","2052","38 years","Female","Method - M2","Number","44165"
"Population Projections based on Census 2022","2052","39 years","Male","Method - M2","Number","43967"
"Population Projections based on Census 2022","2052","39 years","Female","Method - M2","Number","45231"
"Population Projections based on Census 2022","2052","40 years","Male","Method - M2","Number","45184"
"Population Projections based on Census 2022","2052","40 years","Female","Method - M2","Number","46391"
"Population Projections based on Census 2022","2052","41 years","Male","Method - M2","Number","45485"
"Population Projections based on Census 2022","2052","41 years","Female","Method - M2","Number","47481"
"Population Projections based on Census 2022","2052","42 years","Male","Method - M2","Number","46342"
"Population Projections based on Census 2022","2052","42 years","Female","Method - M2","Number","48362"
"Population Projections based on Census 2022","2052","43 years","Male","Method - M2","Number","46034"
"Population Projections based on Census 2022","2052","43 years","Female","Method - M2","Number","48291"
"Population Projections based on Census 2022","2052","44 years","Male","Method - M2","Number","45460"
"Population Projections based on Census 2022","2052","44 years","Female","Method - M2","Number","48216"
"Population Projections based on Census 2022","2052","45 years","Male","Method - M2","Number","43945"
"Population Projections based on Census 2022","2052","45 years","Female","Method - M2","Number","46308"
"Population Projections based on Census 2022","2052","46 years","Male","Method - M2","Number","42703"
"Population Projections based on Census 2022","2052","46 years","Female","Method - M2","Number","44981"
"Population Projections based on Census 2022","2052","47 years","Male","Method - M2","Number","42865"
"Population Projections based on Census 2022","2052","47 years","Female","Method - M2","Number","44535"
"Population Projections based on Census 2022","2052","48 years","Male","Method - M2","Number","41820"
"Population Projections based on Census 2022","2052","48 years","Female","Method - M2","Number","44347"
"Population Projections based on Census 2022","2052","49 years","Male","Method - M2","Number","41052"
"Population Projections based on Census 2022","2052","49 years","Female","Method - M2","Number","43492"
"Population Projections based on Census 2022","2052","50 years","Male","Method - M2","Number","40606"
"Population Projections based on Census 2022","2052","50 years","Female","Method - M2","Number","43287"
"Population Projections based on Census 2022","2052","51 years","Male","Method - M2","Number","39757"
"Population Projections based on Census 2022","2052","51 years","Female","Method - M2","Number","42094"
"Population Projections based on Census 2022","2052","52 years","Male","Method - M2","Number","40374"
"Population Projections based on Census 2022","2052","52 years","Female","Method - M2","Number","42824"
"Population Projections based on Census 2022","2052","53 years","Male","Method - M2","Number","40101"
"Population Projections based on Census 2022","2052","53 years","Female","Method - M2","Number","42116"
"Population Projections based on Census 2022","2052","54 years","Male","Method - M2","Number","39623"
"Population Projections based on Census 2022","2052","54 years","Female","Method - M2","Number","41529"
"Population Projections based on Census 2022","2052","55 years","Male","Method - M2","Number","38898"
"Population Projections based on Census 2022","2052","55 years","Female","Method - M2","Number","40932"
"Population Projections based on Census 2022","2052","56 years","Male","Method - M2","Number","37703"
"Population Projections based on Census 2022","2052","56 years","Female","Method - M2","Number","39827"
"Population Projections based on Census 2022","2052","57 years","Male","Method - M2","Number","37088"
"Population Projections based on Census 2022","2052","57 years","Female","Method - M2","Number","39930"
"Population Projections based on Census 2022","2052","58 years","Male","Method - M2","Number","36385"
"Population Projections based on Census 2022","2052","58 years","Female","Method - M2","Number","39566"
"Population Projections based on Census 2022","2052","59 years","Male","Method - M2","Number","36965"
"Population Projections based on Census 2022","2052","59 years","Female","Method - M2","Number","40210"
"Population Projections based on Census 2022","2052","60 years","Male","Method - M2","Number","37597"
"Population Projections based on Census 2022","2052","60 years","Female","Method - M2","Number","41902"
"Population Projections based on Census 2022","2052","61 years","Male","Method - M2","Number","38276"
"Population Projections based on Census 2022","2052","61 years","Female","Method - M2","Number","42068"
"Population Projections based on Census 2022","2052","62 years","Male","Method - M2","Number","38027"
"Population Projections based on Census 2022","2052","62 years","Female","Method - M2","Number","42343"
"Population Projections based on Census 2022","2052","63 years","Male","Method - M2","Number","37217"
"Population Projections based on Census 2022","2052","63 years","Female","Method - M2","Number","41978"
"Population Projections based on Census 2022","2052","64 years","Male","Method - M2","Number","37989"
"Population Projections based on Census 2022","2052","64 years","Female","Method - M2","Number","43272"
"Population Projections based on Census 2022","2052","65 years","Male","Method - M2","Number","39237"
"Population Projections based on Census 2022","2052","65 years","Female","Method - M2","Number","44510"
"Population Projections based on Census 2022","2052","66 years","Male","Method - M2","Number","39419"
"Population Projections based on Census 2022","2052","66 years","Female","Method - M2","Number","44632"
"Population Projections based on Census 2022","2052","67 years","Male","Method - M2","Number","39441"
"Population Projections based on Census 2022","2052","67 years","Female","Method - M2","Number","44273"
"Population Projections based on Census 2022","2052","68 years","Male","Method - M2","Number","39937"
"Population Projections based on Census 2022","2052","68 years","Female","Method - M2","Number","45202"
"Population Projections based on Census 2022","2052","69 years","Male","Method - M2","Number","40352"
"Population Projections based on Census 2022","2052","69 years","Female","Method - M2","Number","46055"
"Population Projections based on Census 2022","2052","70 years","Male","Method - M2","Number","41491"
"Population Projections based on Census 2022","2052","70 years","Female","Method - M2","Number","46170"
"Population Projections based on Census 2022","2052","71 years","Male","Method - M2","Number","41263"
"Population Projections based on Census 2022","2052","71 years","Female","Method - M2","Number","45379"
"Population Projections based on Census 2022","2052","72 years","Male","Method - M2","Number","40581"
"Population Projections based on Census 2022","2052","72 years","Female","Method - M2","Number","44144"
"Population Projections based on Census 2022","2052","73 years","Male","Method - M2","Number","37460"
"Population Projections based on Census 2022","2052","73 years","Female","Method - M2","Number","41221"
"Population Projections based on Census 2022","2052","74 years","Male","Method - M2","Number","35073"
"Population Projections based on Census 2022","2052","74 years","Female","Method - M2","Number","38212"
"Population Projections based on Census 2022","2052","75 years","Male","Method - M2","Number","34475"
"Population Projections based on Census 2022","2052","75 years","Female","Method - M2","Number","37132"
"Population Projections based on Census 2022","2052","76 years","Male","Method - M2","Number","33205"
"Population Projections based on Census 2022","2052","76 years","Female","Method - M2","Number","36095"
"Population Projections based on Census 2022","2052","77 years","Male","Method - M2","Number","32173"
"Population Projections based on Census 2022","2052","77 years","Female","Method - M2","Number","34949"
"Population Projections based on Census 2022","2052","78 years","Male","Method - M2","Number","30947"
"Population Projections based on Census 2022","2052","78 years","Female","Method - M2","Number","34038"
"Population Projections based on Census 2022","2052","79 years","Male","Method - M2","Number","30146"
"Population Projections based on Census 2022","2052","79 years","Female","Method - M2","Number","33260"
"Population Projections based on Census 2022","2052","80 years","Male","Method - M2","Number","28993"
"Population Projections based on Census 2022","2052","80 years","Female","Method - M2","Number","32128"
"Population Projections based on Census 2022","2052","81 years","Male","Method - M2","Number","26795"
"Population Projections based on Census 2022","2052","81 years","Female","Method - M2","Number","30032"
"Population Projections based on Census 2022","2052","82 years","Male","Method - M2","Number","25301"
"Population Projections based on Census 2022","2052","82 years","Female","Method - M2","Number","28658"
"Population Projections based on Census 2022","2052","83 years","Male","Method - M2","Number","23005"
"Population Projections based on Census 2022","2052","83 years","Female","Method - M2","Number","26012"
"Population Projections based on Census 2022","2052","84 years","Male","Method - M2","Number","21420"
"Population Projections based on Census 2022","2052","84 years","Female","Method - M2","Number","24965"
"Population Projections based on Census 2022","2052","85 years","Male","Method - M2","Number","19864"
"Population Projections based on Census 2022","2052","85 years","Female","Method - M2","Number","23580"
"Population Projections based on Census 2022","2052","86 years","Male","Method - M2","Number","18031"
"Population Projections based on Census 2022","2052","86 years","Female","Method - M2","Number","22024"
"Population Projections based on Census 2022","2052","87 years","Male","Method - M2","Number","16738"
"Population Projections based on Census 2022","2052","87 years","Female","Method - M2","Number","21123"
"Population Projections based on Census 2022","2052","88 years","Male","Method - M2","Number","14842"
"Population Projections based on Census 2022","2052","88 years","Female","Method - M2","Number","19085"
"Population Projections based on Census 2022","2052","89 years","Male","Method - M2","Number","13193"
"Population Projections based on Census 2022","2052","89 years","Female","Method - M2","Number","17316"
"Population Projections based on Census 2022","2052","90 years","Male","Method - M2","Number","11730"
"Population Projections based on Census 2022","2052","90 years","Female","Method - M2","Number","15661"
"Population Projections based on Census 2022","2052","91 years","Male","Method - M2","Number","9992"
"Population Projections based on Census 2022","2052","91 years","Female","Method - M2","Number","13922"
"Population Projections based on Census 2022","2052","92 years","Male","Method - M2","Number","8513"
"Population Projections based on Census 2022","2052","92 years","Female","Method - M2","Number","12064"
"Population Projections based on Census 2022","2052","93 years","Male","Method - M2","Number","6906"
"Population Projections based on Census 2022","2052","93 years","Female","Method - M2","Number","9982"
"Population Projections based on Census 2022","2052","94 years","Male","Method - M2","Number","5530"
"Population Projections based on Census 2022","2052","94 years","Female","Method - M2","Number","8469"
"Population Projections based on Census 2022","2052","95 years","Male","Method - M2","Number","4476"
"Population Projections based on Census 2022","2052","95 years","Female","Method - M2","Number","6918"
"Population Projections based on Census 2022","2052","96 years","Male","Method - M2","Number","3315"
"Population Projections based on Census 2022","2052","96 years","Female","Method - M2","Number","5442"
"Population Projections based on Census 2022","2052","97 years","Male","Method - M2","Number","2466"
"Population Projections based on Census 2022","2052","97 years","Female","Method - M2","Number","4217"
"Population Projections based on Census 2022","2052","98 years","Male","Method - M2","Number","1688"
"Population Projections based on Census 2022","2052","98 years","Female","Method - M2","Number","2979"
"Population Projections based on Census 2022","2052","99 years and over","Male","Method - M2","Number","2758"
"Population Projections based on Census 2022","2052","99 years and over","Female","Method - M2","Number","5489"
"Population Projections based on Census 2022","2053","Under 1 year","Male","Method - M2","Number","25229"
"Population Projections based on Census 2022","2053","Under 1 year","Female","Method - M2","Number","23943"
"Population Projections based on Census 2022","2053","1 year","Male","Method - M2","Number","25728"
"Population Projections based on Census 2022","2053","1 year","Female","Method - M2","Number","24425"
"Population Projections based on Census 2022","2053","2 years","Male","Method - M2","Number","26252"
"Population Projections based on Census 2022","2053","2 years","Female","Method - M2","Number","24923"
"Population Projections based on Census 2022","2053","3 years","Male","Method - M2","Number","26740"
"Population Projections based on Census 2022","2053","3 years","Female","Method - M2","Number","25377"
"Population Projections based on Census 2022","2053","4 years","Male","Method - M2","Number","27197"
"Population Projections based on Census 2022","2053","4 years","Female","Method - M2","Number","25822"
"Population Projections based on Census 2022","2053","5 years","Male","Method - M2","Number","27634"
"Population Projections based on Census 2022","2053","5 years","Female","Method - M2","Number","26205"
"Population Projections based on Census 2022","2053","6 years","Male","Method - M2","Number","27972"
"Population Projections based on Census 2022","2053","6 years","Female","Method - M2","Number","26524"
"Population Projections based on Census 2022","2053","7 years","Male","Method - M2","Number","28243"
"Population Projections based on Census 2022","2053","7 years","Female","Method - M2","Number","26775"
"Population Projections based on Census 2022","2053","8 years","Male","Method - M2","Number","28458"
"Population Projections based on Census 2022","2053","8 years","Female","Method - M2","Number","26986"
"Population Projections based on Census 2022","2053","9 years","Male","Method - M2","Number","28635"
"Population Projections based on Census 2022","2053","9 years","Female","Method - M2","Number","27149"
"Population Projections based on Census 2022","2053","10 years","Male","Method - M2","Number","28752"
"Population Projections based on Census 2022","2053","10 years","Female","Method - M2","Number","27266"
"Population Projections based on Census 2022","2053","11 years","Male","Method - M2","Number","28814"
"Population Projections based on Census 2022","2053","11 years","Female","Method - M2","Number","27314"
"Population Projections based on Census 2022","2053","12 years","Male","Method - M2","Number","28792"
"Population Projections based on Census 2022","2053","12 years","Female","Method - M2","Number","27293"
"Population Projections based on Census 2022","2053","13 years","Male","Method - M2","Number","28756"
"Population Projections based on Census 2022","2053","13 years","Female","Method - M2","Number","27265"
"Population Projections based on Census 2022","2053","14 years","Male","Method - M2","Number","28635"
"Population Projections based on Census 2022","2053","14 years","Female","Method - M2","Number","27152"
"Population Projections based on Census 2022","2053","15 years","Male","Method - M2","Number","28471"
"Population Projections based on Census 2022","2053","15 years","Female","Method - M2","Number","27151"
"Population Projections based on Census 2022","2053","16 years","Male","Method - M2","Number","28648"
"Population Projections based on Census 2022","2053","16 years","Female","Method - M2","Number","27472"
"Population Projections based on Census 2022","2053","17 years","Male","Method - M2","Number","28815"
"Population Projections based on Census 2022","2053","17 years","Female","Method - M2","Number","27706"
"Population Projections based on Census 2022","2053","18 years","Male","Method - M2","Number","28921"
"Population Projections based on Census 2022","2053","18 years","Female","Method - M2","Number","27928"
"Population Projections based on Census 2022","2053","19 years","Male","Method - M2","Number","28983"
"Population Projections based on Census 2022","2053","19 years","Female","Method - M2","Number","28136"
"Population Projections based on Census 2022","2053","20 years","Male","Method - M2","Number","29068"
"Population Projections based on Census 2022","2053","20 years","Female","Method - M2","Number","28361"
"Population Projections based on Census 2022","2053","21 years","Male","Method - M2","Number","29222"
"Population Projections based on Census 2022","2053","21 years","Female","Method - M2","Number","28617"
"Population Projections based on Census 2022","2053","22 years","Male","Method - M2","Number","29371"
"Population Projections based on Census 2022","2053","22 years","Female","Method - M2","Number","28864"
"Population Projections based on Census 2022","2053","23 years","Male","Method - M2","Number","29509"
"Population Projections based on Census 2022","2053","23 years","Female","Method - M2","Number","29113"
"Population Projections based on Census 2022","2053","24 years","Male","Method - M2","Number","29681"
"Population Projections based on Census 2022","2053","24 years","Female","Method - M2","Number","29350"
"Population Projections based on Census 2022","2053","25 years","Male","Method - M2","Number","30458"
"Population Projections based on Census 2022","2053","25 years","Female","Method - M2","Number","30206"
"Population Projections based on Census 2022","2053","26 years","Male","Method - M2","Number","31298"
"Population Projections based on Census 2022","2053","26 years","Female","Method - M2","Number","31141"
"Population Projections based on Census 2022","2053","27 years","Male","Method - M2","Number","32169"
"Population Projections based on Census 2022","2053","27 years","Female","Method - M2","Number","32105"
"Population Projections based on Census 2022","2053","28 years","Male","Method - M2","Number","32955"
"Population Projections based on Census 2022","2053","28 years","Female","Method - M2","Number","32971"
"Population Projections based on Census 2022","2053","29 years","Male","Method - M2","Number","33741"
"Population Projections based on Census 2022","2053","29 years","Female","Method - M2","Number","33806"
"Population Projections based on Census 2022","2053","30 years","Male","Method - M2","Number","35326"
"Population Projections based on Census 2022","2053","30 years","Female","Method - M2","Number","35420"
"Population Projections based on Census 2022","2053","31 years","Male","Method - M2","Number","35634"
"Population Projections based on Census 2022","2053","31 years","Female","Method - M2","Number","35908"
"Population Projections based on Census 2022","2053","32 years","Male","Method - M2","Number","35244"
"Population Projections based on Census 2022","2053","32 years","Female","Method - M2","Number","35692"
"Population Projections based on Census 2022","2053","33 years","Male","Method - M2","Number","36632"
"Population Projections based on Census 2022","2053","33 years","Female","Method - M2","Number","37293"
"Population Projections based on Census 2022","2053","34 years","Male","Method - M2","Number","37596"
"Population Projections based on Census 2022","2053","34 years","Female","Method - M2","Number","38173"
"Population Projections based on Census 2022","2053","35 years","Male","Method - M2","Number","38419"
"Population Projections based on Census 2022","2053","35 years","Female","Method - M2","Number","38827"
"Population Projections based on Census 2022","2053","36 years","Male","Method - M2","Number","39549"
"Population Projections based on Census 2022","2053","36 years","Female","Method - M2","Number","40629"
"Population Projections based on Census 2022","2053","37 years","Male","Method - M2","Number","41022"
"Population Projections based on Census 2022","2053","37 years","Female","Method - M2","Number","42197"
"Population Projections based on Census 2022","2053","38 years","Male","Method - M2","Number","42473"
"Population Projections based on Census 2022","2053","38 years","Female","Method - M2","Number","43411"
"Population Projections based on Census 2022","2053","39 years","Male","Method - M2","Number","43444"
"Population Projections based on Census 2022","2053","39 years","Female","Method - M2","Number","44604"
"Population Projections based on Census 2022","2053","40 years","Male","Method - M2","Number","44248"
"Population Projections based on Census 2022","2053","40 years","Female","Method - M2","Number","45671"
"Population Projections based on Census 2022","2053","41 years","Male","Method - M2","Number","45458"
"Population Projections based on Census 2022","2053","41 years","Female","Method - M2","Number","46848"
"Population Projections based on Census 2022","2053","42 years","Male","Method - M2","Number","45807"
"Population Projections based on Census 2022","2053","42 years","Female","Method - M2","Number","47963"
"Population Projections based on Census 2022","2053","43 years","Male","Method - M2","Number","46662"
"Population Projections based on Census 2022","2053","43 years","Female","Method - M2","Number","48845"
"Population Projections based on Census 2022","2053","44 years","Male","Method - M2","Number","46370"
"Population Projections based on Census 2022","2053","44 years","Female","Method - M2","Number","48770"
"Population Projections based on Census 2022","2053","45 years","Male","Method - M2","Number","45491"
"Population Projections based on Census 2022","2053","45 years","Female","Method - M2","Number","48242"
"Population Projections based on Census 2022","2053","46 years","Male","Method - M2","Number","43949"
"Population Projections based on Census 2022","2053","46 years","Female","Method - M2","Number","46339"
"Population Projections based on Census 2022","2053","47 years","Male","Method - M2","Number","42726"
"Population Projections based on Census 2022","2053","47 years","Female","Method - M2","Number","45011"
"Population Projections based on Census 2022","2053","48 years","Male","Method - M2","Number","42899"
"Population Projections based on Census 2022","2053","48 years","Female","Method - M2","Number","44589"
"Population Projections based on Census 2022","2053","49 years","Male","Method - M2","Number","41877"
"Population Projections based on Census 2022","2053","49 years","Female","Method - M2","Number","44404"
"Population Projections based on Census 2022","2053","50 years","Male","Method - M2","Number","41106"
"Population Projections based on Census 2022","2053","50 years","Female","Method - M2","Number","43555"
"Population Projections based on Census 2022","2053","51 years","Male","Method - M2","Number","40659"
"Population Projections based on Census 2022","2053","51 years","Female","Method - M2","Number","43347"
"Population Projections based on Census 2022","2053","52 years","Male","Method - M2","Number","39814"
"Population Projections based on Census 2022","2053","52 years","Female","Method - M2","Number","42148"
"Population Projections based on Census 2022","2053","53 years","Male","Method - M2","Number","40424"
"Population Projections based on Census 2022","2053","53 years","Female","Method - M2","Number","42874"
"Population Projections based on Census 2022","2053","54 years","Male","Method - M2","Number","40159"
"Population Projections based on Census 2022","2053","54 years","Female","Method - M2","Number","42169"
"Population Projections based on Census 2022","2053","55 years","Male","Method - M2","Number","39668"
"Population Projections based on Census 2022","2053","55 years","Female","Method - M2","Number","41588"
"Population Projections based on Census 2022","2053","56 years","Male","Method - M2","Number","38945"
"Population Projections based on Census 2022","2053","56 years","Female","Method - M2","Number","40984"
"Population Projections based on Census 2022","2053","57 years","Male","Method - M2","Number","37745"
"Population Projections based on Census 2022","2053","57 years","Female","Method - M2","Number","39869"
"Population Projections based on Census 2022","2053","58 years","Male","Method - M2","Number","37122"
"Population Projections based on Census 2022","2053","58 years","Female","Method - M2","Number","39976"
"Population Projections based on Census 2022","2053","59 years","Male","Method - M2","Number","36412"
"Population Projections based on Census 2022","2053","59 years","Female","Method - M2","Number","39624"
"Population Projections based on Census 2022","2053","60 years","Male","Method - M2","Number","36983"
"Population Projections based on Census 2022","2053","60 years","Female","Method - M2","Number","40256"
"Population Projections based on Census 2022","2053","61 years","Male","Method - M2","Number","37613"
"Population Projections based on Census 2022","2053","61 years","Female","Method - M2","Number","41928"
"Population Projections based on Census 2022","2053","62 years","Male","Method - M2","Number","38266"
"Population Projections based on Census 2022","2053","62 years","Female","Method - M2","Number","42083"
"Population Projections based on Census 2022","2053","63 years","Male","Method - M2","Number","38028"
"Population Projections based on Census 2022","2053","63 years","Female","Method - M2","Number","42354"
"Population Projections based on Census 2022","2053","64 years","Male","Method - M2","Number","37201"
"Population Projections based on Census 2022","2053","64 years","Female","Method - M2","Number","41981"
"Population Projections based on Census 2022","2053","65 years","Male","Method - M2","Number","37775"
"Population Projections based on Census 2022","2053","65 years","Female","Method - M2","Number","43132"
"Population Projections based on Census 2022","2053","66 years","Male","Method - M2","Number","39012"
"Population Projections based on Census 2022","2053","66 years","Female","Method - M2","Number","44344"
"Population Projections based on Census 2022","2053","67 years","Male","Method - M2","Number","39179"
"Population Projections based on Census 2022","2053","67 years","Female","Method - M2","Number","44468"
"Population Projections based on Census 2022","2053","68 years","Male","Method - M2","Number","39175"
"Population Projections based on Census 2022","2053","68 years","Female","Method - M2","Number","44097"
"Population Projections based on Census 2022","2053","69 years","Male","Method - M2","Number","39632"
"Population Projections based on Census 2022","2053","69 years","Female","Method - M2","Number","44990"
"Population Projections based on Census 2022","2053","70 years","Male","Method - M2","Number","40013"
"Population Projections based on Census 2022","2053","70 years","Female","Method - M2","Number","45824"
"Population Projections based on Census 2022","2053","71 years","Male","Method - M2","Number","41105"
"Population Projections based on Census 2022","2053","71 years","Female","Method - M2","Number","45899"
"Population Projections based on Census 2022","2053","72 years","Male","Method - M2","Number","40835"
"Population Projections based on Census 2022","2053","72 years","Female","Method - M2","Number","45084"
"Population Projections based on Census 2022","2053","73 years","Male","Method - M2","Number","40098"
"Population Projections based on Census 2022","2053","73 years","Female","Method - M2","Number","43811"
"Population Projections based on Census 2022","2053","74 years","Male","Method - M2","Number","36957"
"Population Projections based on Census 2022","2053","74 years","Female","Method - M2","Number","40878"
"Population Projections based on Census 2022","2053","75 years","Male","Method - M2","Number","34540"
"Population Projections based on Census 2022","2053","75 years","Female","Method - M2","Number","37847"
"Population Projections based on Census 2022","2053","76 years","Male","Method - M2","Number","33853"
"Population Projections based on Census 2022","2053","76 years","Female","Method - M2","Number","36704"
"Population Projections based on Census 2022","2053","77 years","Male","Method - M2","Number","32529"
"Population Projections based on Census 2022","2053","77 years","Female","Method - M2","Number","35621"
"Population Projections based on Census 2022","2053","78 years","Male","Method - M2","Number","31445"
"Population Projections based on Census 2022","2053","78 years","Female","Method - M2","Number","34430"
"Population Projections based on Census 2022","2053","79 years","Male","Method - M2","Number","30168"
"Population Projections based on Census 2022","2053","79 years","Female","Method - M2","Number","33469"
"Population Projections based on Census 2022","2053","80 years","Male","Method - M2","Number","29303"
"Population Projections based on Census 2022","2053","80 years","Female","Method - M2","Number","32627"
"Population Projections based on Census 2022","2053","81 years","Male","Method - M2","Number","28092"
"Population Projections based on Census 2022","2053","81 years","Female","Method - M2","Number","31433"
"Population Projections based on Census 2022","2053","82 years","Male","Method - M2","Number","25859"
"Population Projections based on Census 2022","2053","82 years","Female","Method - M2","Number","29286"
"Population Projections based on Census 2022","2053","83 years","Male","Method - M2","Number","24284"
"Population Projections based on Census 2022","2053","83 years","Female","Method - M2","Number","27829"
"Population Projections based on Census 2022","2053","84 years","Male","Method - M2","Number","21957"
"Population Projections based on Census 2022","2053","84 years","Female","Method - M2","Number","25153"
"Population Projections based on Census 2022","2053","85 years","Male","Method - M2","Number","20321"
"Population Projections based on Census 2022","2053","85 years","Female","Method - M2","Number","24022"
"Population Projections based on Census 2022","2053","86 years","Male","Method - M2","Number","18708"
"Population Projections based on Census 2022","2053","86 years","Female","Method - M2","Number","22551"
"Population Projections based on Census 2022","2053","87 years","Male","Method - M2","Number","16857"
"Population Projections based on Census 2022","2053","87 years","Female","Method - M2","Number","20938"
"Population Projections based on Census 2022","2053","88 years","Male","Method - M2","Number","15522"
"Population Projections based on Census 2022","2053","88 years","Female","Method - M2","Number","19944"
"Population Projections based on Census 2022","2053","89 years","Male","Method - M2","Number","13642"
"Population Projections based on Census 2022","2053","89 years","Female","Method - M2","Number","17884"
"Population Projections based on Census 2022","2053","90 years","Male","Method - M2","Number","12016"
"Population Projections based on Census 2022","2053","90 years","Female","Method - M2","Number","16091"
"Population Projections based on Census 2022","2053","91 years","Male","Method - M2","Number","10569"
"Population Projections based on Census 2022","2053","91 years","Female","Method - M2","Number","14421"
"Population Projections based on Census 2022","2053","92 years","Male","Method - M2","Number","8871"
"Population Projections based on Census 2022","2053","92 years","Female","Method - M2","Number","12651"
"Population Projections based on Census 2022","2053","93 years","Male","Method - M2","Number","7392"
"Population Projections based on Census 2022","2053","93 years","Female","Method - M2","Number","10757"
"Population Projections based on Census 2022","2053","94 years","Male","Method - M2","Number","5851"
"Population Projections based on Census 2022","2053","94 years","Female","Method - M2","Number","8707"
"Population Projections based on Census 2022","2053","95 years","Male","Method - M2","Number","4555"
"Population Projections based on Census 2022","2053","95 years","Female","Method - M2","Number","7199"
"Population Projections based on Census 2022","2053","96 years","Male","Method - M2","Number","3560"
"Population Projections based on Census 2022","2053","96 years","Female","Method - M2","Number","5698"
"Population Projections based on Census 2022","2053","97 years","Male","Method - M2","Number","2539"
"Population Projections based on Census 2022","2053","97 years","Female","Method - M2","Number","4329"
"Population Projections based on Census 2022","2053","98 years","Male","Method - M2","Number","1807"
"Population Projections based on Census 2022","2053","98 years","Female","Method - M2","Number","3224"
"Population Projections based on Census 2022","2053","99 years and over","Male","Method - M2","Number","2890"
"Population Projections based on Census 2022","2053","99 years and over","Female","Method - M2","Number","5708"
"Population Projections based on Census 2022","2054","Under 1 year","Male","Method - M2","Number","24922"
"Population Projections based on Census 2022","2054","Under 1 year","Female","Method - M2","Number","23650"
"Population Projections based on Census 2022","2054","1 year","Male","Method - M2","Number","25409"
"Population Projections based on Census 2022","2054","1 year","Female","Method - M2","Number","24124"
"Population Projections based on Census 2022","2054","2 years","Male","Method - M2","Number","25915"
"Population Projections based on Census 2022","2054","2 years","Female","Method - M2","Number","24602"
"Population Projections based on Census 2022","2054","3 years","Male","Method - M2","Number","26416"
"Population Projections based on Census 2022","2054","3 years","Female","Method - M2","Number","25070"
"Population Projections based on Census 2022","2054","4 years","Male","Method - M2","Number","26900"
"Population Projections based on Census 2022","2054","4 years","Female","Method - M2","Number","25540"
"Population Projections based on Census 2022","2054","5 years","Male","Method - M2","Number","27378"
"Population Projections based on Census 2022","2054","5 years","Female","Method - M2","Number","25962"
"Population Projections based on Census 2022","2054","6 years","Male","Method - M2","Number","27800"
"Population Projections based on Census 2022","2054","6 years","Female","Method - M2","Number","26361"
"Population Projections based on Census 2022","2054","7 years","Male","Method - M2","Number","28133"
"Population Projections based on Census 2022","2054","7 years","Female","Method - M2","Number","26669"
"Population Projections based on Census 2022","2054","8 years","Male","Method - M2","Number","28389"
"Population Projections based on Census 2022","2054","8 years","Female","Method - M2","Number","26921"
"Population Projections based on Census 2022","2054","9 years","Male","Method - M2","Number","28608"
"Population Projections based on Census 2022","2054","9 years","Female","Method - M2","Number","27123"
"Population Projections based on Census 2022","2054","10 years","Male","Method - M2","Number","28788"
"Population Projections based on Census 2022","2054","10 years","Female","Method - M2","Number","27300"
"Population Projections based on Census 2022","2054","11 years","Male","Method - M2","Number","28911"
"Population Projections based on Census 2022","2054","11 years","Female","Method - M2","Number","27408"
"Population Projections based on Census 2022","2054","12 years","Male","Method - M2","Number","28972"
"Population Projections based on Census 2022","2054","12 years","Female","Method - M2","Number","27463"
"Population Projections based on Census 2022","2054","13 years","Male","Method - M2","Number","28948"
"Population Projections based on Census 2022","2054","13 years","Female","Method - M2","Number","27449"
"Population Projections based on Census 2022","2054","14 years","Male","Method - M2","Number","28862"
"Population Projections based on Census 2022","2054","14 years","Female","Method - M2","Number","27366"
"Population Projections based on Census 2022","2054","15 years","Male","Method - M2","Number","28718"
"Population Projections based on Census 2022","2054","15 years","Female","Method - M2","Number","27384"
"Population Projections based on Census 2022","2054","16 years","Male","Method - M2","Number","28559"
"Population Projections based on Census 2022","2054","16 years","Female","Method - M2","Number","27388"
"Population Projections based on Census 2022","2054","17 years","Male","Method - M2","Number","28765"
"Population Projections based on Census 2022","2054","17 years","Female","Method - M2","Number","27657"
"Population Projections based on Census 2022","2054","18 years","Male","Method - M2","Number","28870"
"Population Projections based on Census 2022","2054","18 years","Female","Method - M2","Number","27882"
"Population Projections based on Census 2022","2054","19 years","Male","Method - M2","Number","28947"
"Population Projections based on Census 2022","2054","19 years","Female","Method - M2","Number","28102"
"Population Projections based on Census 2022","2054","20 years","Male","Method - M2","Number","28995"
"Population Projections based on Census 2022","2054","20 years","Female","Method - M2","Number","28289"
"Population Projections based on Census 2022","2054","21 years","Male","Method - M2","Number","29065"
"Population Projections based on Census 2022","2054","21 years","Female","Method - M2","Number","28467"
"Population Projections based on Census 2022","2054","22 years","Male","Method - M2","Number","29207"
"Population Projections based on Census 2022","2054","22 years","Female","Method - M2","Number","28705"
"Population Projections based on Census 2022","2054","23 years","Male","Method - M2","Number","29345"
"Population Projections based on Census 2022","2054","23 years","Female","Method - M2","Number","28956"
"Population Projections based on Census 2022","2054","24 years","Male","Method - M2","Number","29498"
"Population Projections based on Census 2022","2054","24 years","Female","Method - M2","Number","29177"
"Population Projections based on Census 2022","2054","25 years","Male","Method - M2","Number","30190"
"Population Projections based on Census 2022","2054","25 years","Female","Method - M2","Number","29951"
"Population Projections based on Census 2022","2054","26 years","Male","Method - M2","Number","30923"
"Population Projections based on Census 2022","2054","26 years","Female","Method - M2","Number","30778"
"Population Projections based on Census 2022","2054","27 years","Male","Method - M2","Number","31736"
"Population Projections based on Census 2022","2054","27 years","Female","Method - M2","Number","31697"
"Population Projections based on Census 2022","2054","28 years","Male","Method - M2","Number","32597"
"Population Projections based on Census 2022","2054","28 years","Female","Method - M2","Number","32630"
"Population Projections based on Census 2022","2054","29 years","Male","Method - M2","Number","33369"
"Population Projections based on Census 2022","2054","29 years","Female","Method - M2","Number","33454"
"Population Projections based on Census 2022","2054","30 years","Male","Method - M2","Number","34123"
"Population Projections based on Census 2022","2054","30 years","Female","Method - M2","Number","34277"
"Population Projections based on Census 2022","2054","31 years","Male","Method - M2","Number","35695"
"Population Projections based on Census 2022","2054","31 years","Female","Method - M2","Number","35873"
"Population Projections based on Census 2022","2054","32 years","Male","Method - M2","Number","35980"
"Population Projections based on Census 2022","2054","32 years","Female","Method - M2","Number","36365"
"Population Projections based on Census 2022","2054","33 years","Male","Method - M2","Number","35561"
"Population Projections based on Census 2022","2054","33 years","Female","Method - M2","Number","36140"
"Population Projections based on Census 2022","2054","34 years","Male","Method - M2","Number","36974"
"Population Projections based on Census 2022","2054","34 years","Female","Method - M2","Number","37758"
"Population Projections based on Census 2022","2054","35 years","Male","Method - M2","Number","37886"
"Population Projections based on Census 2022","2054","35 years","Female","Method - M2","Number","38608"
"Population Projections based on Census 2022","2054","36 years","Male","Method - M2","Number","38714"
"Population Projections based on Census 2022","2054","36 years","Female","Method - M2","Number","39264"
"Population Projections based on Census 2022","2054","37 years","Male","Method - M2","Number","39818"
"Population Projections based on Census 2022","2054","37 years","Female","Method - M2","Number","41043"
"Population Projections based on Census 2022","2054","38 years","Male","Method - M2","Number","41282"
"Population Projections based on Census 2022","2054","38 years","Female","Method - M2","Number","42616"
"Population Projections based on Census 2022","2054","39 years","Male","Method - M2","Number","42744"
"Population Projections based on Census 2022","2054","39 years","Female","Method - M2","Number","43851"
"Population Projections based on Census 2022","2054","40 years","Male","Method - M2","Number","43726"
"Population Projections based on Census 2022","2054","40 years","Female","Method - M2","Number","45044"
"Population Projections based on Census 2022","2054","41 years","Male","Method - M2","Number","44523"
"Population Projections based on Census 2022","2054","41 years","Female","Method - M2","Number","46129"
"Population Projections based on Census 2022","2054","42 years","Male","Method - M2","Number","45780"
"Population Projections based on Census 2022","2054","42 years","Female","Method - M2","Number","47330"
"Population Projections based on Census 2022","2054","43 years","Male","Method - M2","Number","46128"
"Population Projections based on Census 2022","2054","43 years","Female","Method - M2","Number","48446"
"Population Projections based on Census 2022","2054","44 years","Male","Method - M2","Number","46998"
"Population Projections based on Census 2022","2054","44 years","Female","Method - M2","Number","49325"
"Population Projections based on Census 2022","2054","45 years","Male","Method - M2","Number","46400"
"Population Projections based on Census 2022","2054","45 years","Female","Method - M2","Number","48796"
"Population Projections based on Census 2022","2054","46 years","Male","Method - M2","Number","45494"
"Population Projections based on Census 2022","2054","46 years","Female","Method - M2","Number","48273"
"Population Projections based on Census 2022","2054","47 years","Male","Method - M2","Number","43971"
"Population Projections based on Census 2022","2054","47 years","Female","Method - M2","Number","46368"
"Population Projections based on Census 2022","2054","48 years","Male","Method - M2","Number","42761"
"Population Projections based on Census 2022","2054","48 years","Female","Method - M2","Number","45065"
"Population Projections based on Census 2022","2054","49 years","Male","Method - M2","Number","42955"
"Population Projections based on Census 2022","2054","49 years","Female","Method - M2","Number","44646"
"Population Projections based on Census 2022","2054","50 years","Male","Method - M2","Number","41931"
"Population Projections based on Census 2022","2054","50 years","Female","Method - M2","Number","44467"
"Population Projections based on Census 2022","2054","51 years","Male","Method - M2","Number","41159"
"Population Projections based on Census 2022","2054","51 years","Female","Method - M2","Number","43615"
"Population Projections based on Census 2022","2054","52 years","Male","Method - M2","Number","40716"
"Population Projections based on Census 2022","2054","52 years","Female","Method - M2","Number","43400"
"Population Projections based on Census 2022","2054","53 years","Male","Method - M2","Number","39866"
"Population Projections based on Census 2022","2054","53 years","Female","Method - M2","Number","42199"
"Population Projections based on Census 2022","2054","54 years","Male","Method - M2","Number","40482"
"Population Projections based on Census 2022","2054","54 years","Female","Method - M2","Number","42927"
"Population Projections based on Census 2022","2054","55 years","Male","Method - M2","Number","40204"
"Population Projections based on Census 2022","2054","55 years","Female","Method - M2","Number","42228"
"Population Projections based on Census 2022","2054","56 years","Male","Method - M2","Number","39715"
"Population Projections based on Census 2022","2054","56 years","Female","Method - M2","Number","41640"
"Population Projections based on Census 2022","2054","57 years","Male","Method - M2","Number","38985"
"Population Projections based on Census 2022","2054","57 years","Female","Method - M2","Number","41025"
"Population Projections based on Census 2022","2054","58 years","Male","Method - M2","Number","37779"
"Population Projections based on Census 2022","2054","58 years","Female","Method - M2","Number","39916"
"Population Projections based on Census 2022","2054","59 years","Male","Method - M2","Number","37149"
"Population Projections based on Census 2022","2054","59 years","Female","Method - M2","Number","40034"
"Population Projections based on Census 2022","2054","60 years","Male","Method - M2","Number","36434"
"Population Projections based on Census 2022","2054","60 years","Female","Method - M2","Number","39673"
"Population Projections based on Census 2022","2054","61 years","Male","Method - M2","Number","37003"
"Population Projections based on Census 2022","2054","61 years","Female","Method - M2","Number","40287"
"Population Projections based on Census 2022","2054","62 years","Male","Method - M2","Number","37608"
"Population Projections based on Census 2022","2054","62 years","Female","Method - M2","Number","41945"
"Population Projections based on Census 2022","2054","63 years","Male","Method - M2","Number","38268"
"Population Projections based on Census 2022","2054","63 years","Female","Method - M2","Number","42097"
"Population Projections based on Census 2022","2054","64 years","Male","Method - M2","Number","38011"
"Population Projections based on Census 2022","2054","64 years","Female","Method - M2","Number","42358"
"Population Projections based on Census 2022","2054","65 years","Male","Method - M2","Number","36994"
"Population Projections based on Census 2022","2054","65 years","Female","Method - M2","Number","41848"
"Population Projections based on Census 2022","2054","66 years","Male","Method - M2","Number","37562"
"Population Projections based on Census 2022","2054","66 years","Female","Method - M2","Number","42975"
"Population Projections based on Census 2022","2054","67 years","Male","Method - M2","Number","38779"
"Population Projections based on Census 2022","2054","67 years","Female","Method - M2","Number","44184"
"Population Projections based on Census 2022","2054","68 years","Male","Method - M2","Number","38920"
"Population Projections based on Census 2022","2054","68 years","Female","Method - M2","Number","44294"
"Population Projections based on Census 2022","2054","69 years","Male","Method - M2","Number","38881"
"Population Projections based on Census 2022","2054","69 years","Female","Method - M2","Number","43895"
"Population Projections based on Census 2022","2054","70 years","Male","Method - M2","Number","39306"
"Population Projections based on Census 2022","2054","70 years","Female","Method - M2","Number","44769"
"Population Projections based on Census 2022","2054","71 years","Male","Method - M2","Number","39649"
"Population Projections based on Census 2022","2054","71 years","Female","Method - M2","Number","45560"
"Population Projections based on Census 2022","2054","72 years","Male","Method - M2","Number","40686"
"Population Projections based on Census 2022","2054","72 years","Female","Method - M2","Number","45605"
"Population Projections based on Census 2022","2054","73 years","Male","Method - M2","Number","40356"
"Population Projections based on Census 2022","2054","73 years","Female","Method - M2","Number","44749"
"Population Projections based on Census 2022","2054","74 years","Male","Method - M2","Number","39565"
"Population Projections based on Census 2022","2054","74 years","Female","Method - M2","Number","43450"
"Population Projections based on Census 2022","2054","75 years","Male","Method - M2","Number","36402"
"Population Projections based on Census 2022","2054","75 years","Female","Method - M2","Number","40491"
"Population Projections based on Census 2022","2054","76 years","Male","Method - M2","Number","33926"
"Population Projections based on Census 2022","2054","76 years","Female","Method - M2","Number","37417"
"Population Projections based on Census 2022","2054","77 years","Male","Method - M2","Number","33174"
"Population Projections based on Census 2022","2054","77 years","Female","Method - M2","Number","36230"
"Population Projections based on Census 2022","2054","78 years","Male","Method - M2","Number","31804"
"Population Projections based on Census 2022","2054","78 years","Female","Method - M2","Number","35100"
"Population Projections based on Census 2022","2054","79 years","Male","Method - M2","Number","30665"
"Population Projections based on Census 2022","2054","79 years","Female","Method - M2","Number","33863"
"Population Projections based on Census 2022","2054","80 years","Male","Method - M2","Number","29337"
"Population Projections based on Census 2022","2054","80 years","Female","Method - M2","Number","32842"
"Population Projections based on Census 2022","2054","81 years","Male","Method - M2","Number","28406"
"Population Projections based on Census 2022","2054","81 years","Female","Method - M2","Number","31932"
"Population Projections based on Census 2022","2054","82 years","Male","Method - M2","Number","27124"
"Population Projections based on Census 2022","2054","82 years","Female","Method - M2","Number","30663"
"Population Projections based on Census 2022","2054","83 years","Male","Method - M2","Number","24835"
"Population Projections based on Census 2022","2054","83 years","Female","Method - M2","Number","28451"
"Population Projections based on Census 2022","2054","84 years","Male","Method - M2","Number","23193"
"Population Projections based on Census 2022","2054","84 years","Female","Method - M2","Number","26922"
"Population Projections based on Census 2022","2054","85 years","Male","Method - M2","Number","20848"
"Population Projections based on Census 2022","2054","85 years","Female","Method - M2","Number","24218"
"Population Projections based on Census 2022","2054","86 years","Male","Method - M2","Number","19156"
"Population Projections based on Census 2022","2054","86 years","Female","Method - M2","Number","22989"
"Population Projections based on Census 2022","2054","87 years","Male","Method - M2","Number","17508"
"Population Projections based on Census 2022","2054","87 years","Female","Method - M2","Number","21456"
"Population Projections based on Census 2022","2054","88 years","Male","Method - M2","Number","15651"
"Population Projections based on Census 2022","2054","88 years","Female","Method - M2","Number","19787"
"Population Projections based on Census 2022","2054","89 years","Male","Method - M2","Number","14286"
"Population Projections based on Census 2022","2054","89 years","Female","Method - M2","Number","18708"
"Population Projections based on Census 2022","2054","90 years","Male","Method - M2","Number","12443"
"Population Projections based on Census 2022","2054","90 years","Female","Method - M2","Number","16638"
"Population Projections based on Census 2022","2054","91 years","Male","Method - M2","Number","10844"
"Population Projections based on Census 2022","2054","91 years","Female","Method - M2","Number","14835"
"Population Projections based on Census 2022","2054","92 years","Male","Method - M2","Number","9399"
"Population Projections based on Census 2022","2054","92 years","Female","Method - M2","Number","13123"
"Population Projections based on Census 2022","2054","93 years","Male","Method - M2","Number","7717"
"Population Projections based on Census 2022","2054","93 years","Female","Method - M2","Number","11297"
"Population Projections based on Census 2022","2054","94 years","Male","Method - M2","Number","6273"
"Population Projections based on Census 2022","2054","94 years","Female","Method - M2","Number","9397"
"Population Projections based on Census 2022","2054","95 years","Male","Method - M2","Number","4828"
"Population Projections based on Census 2022","2054","95 years","Female","Method - M2","Number","7413"
"Population Projections based on Census 2022","2054","96 years","Male","Method - M2","Number","3629"
"Population Projections based on Census 2022","2054","96 years","Female","Method - M2","Number","5938"
"Population Projections based on Census 2022","2054","97 years","Male","Method - M2","Number","2731"
"Population Projections based on Census 2022","2054","97 years","Female","Method - M2","Number","4538"
"Population Projections based on Census 2022","2054","98 years","Male","Method - M2","Number","1863"
"Population Projections based on Census 2022","2054","98 years","Female","Method - M2","Number","3314"
"Population Projections based on Census 2022","2054","99 years and over","Male","Method - M2","Number","3055"
"Population Projections based on Census 2022","2054","99 years and over","Female","Method - M2","Number","6029"
"Population Projections based on Census 2022","2055","Under 1 year","Male","Method - M2","Number","24600"
"Population Projections based on Census 2022","2055","Under 1 year","Female","Method - M2","Number","23345"
"Population Projections based on Census 2022","2055","1 year","Male","Method - M2","Number","25103"
"Population Projections based on Census 2022","2055","1 year","Female","Method - M2","Number","23832"
"Population Projections based on Census 2022","2055","2 years","Male","Method - M2","Number","25596"
"Population Projections based on Census 2022","2055","2 years","Female","Method - M2","Number","24301"
"Population Projections based on Census 2022","2055","3 years","Male","Method - M2","Number","26079"
"Population Projections based on Census 2022","2055","3 years","Female","Method - M2","Number","24749"
"Population Projections based on Census 2022","2055","4 years","Male","Method - M2","Number","26576"
"Population Projections based on Census 2022","2055","4 years","Female","Method - M2","Number","25233"
"Population Projections based on Census 2022","2055","5 years","Male","Method - M2","Number","27081"
"Population Projections based on Census 2022","2055","5 years","Female","Method - M2","Number","25680"
"Population Projections based on Census 2022","2055","6 years","Male","Method - M2","Number","27544"
"Population Projections based on Census 2022","2055","6 years","Female","Method - M2","Number","26118"
"Population Projections based on Census 2022","2055","7 years","Male","Method - M2","Number","27961"
"Population Projections based on Census 2022","2055","7 years","Female","Method - M2","Number","26506"
"Population Projections based on Census 2022","2055","8 years","Male","Method - M2","Number","28279"
"Population Projections based on Census 2022","2055","8 years","Female","Method - M2","Number","26815"
"Population Projections based on Census 2022","2055","9 years","Male","Method - M2","Number","28539"
"Population Projections based on Census 2022","2055","9 years","Female","Method - M2","Number","27058"
"Population Projections based on Census 2022","2055","10 years","Male","Method - M2","Number","28761"
"Population Projections based on Census 2022","2055","10 years","Female","Method - M2","Number","27274"
"Population Projections based on Census 2022","2055","11 years","Male","Method - M2","Number","28947"
"Population Projections based on Census 2022","2055","11 years","Female","Method - M2","Number","27442"
"Population Projections based on Census 2022","2055","12 years","Male","Method - M2","Number","29069"
"Population Projections based on Census 2022","2055","12 years","Female","Method - M2","Number","27557"
"Population Projections based on Census 2022","2055","13 years","Male","Method - M2","Number","29129"
"Population Projections based on Census 2022","2055","13 years","Female","Method - M2","Number","27619"
"Population Projections based on Census 2022","2055","14 years","Male","Method - M2","Number","29054"
"Population Projections based on Census 2022","2055","14 years","Female","Method - M2","Number","27550"
"Population Projections based on Census 2022","2055","15 years","Male","Method - M2","Number","28945"
"Population Projections based on Census 2022","2055","15 years","Female","Method - M2","Number","27598"
"Population Projections based on Census 2022","2055","16 years","Male","Method - M2","Number","28806"
"Population Projections based on Census 2022","2055","16 years","Female","Method - M2","Number","27621"
"Population Projections based on Census 2022","2055","17 years","Male","Method - M2","Number","28676"
"Population Projections based on Census 2022","2055","17 years","Female","Method - M2","Number","27573"
"Population Projections based on Census 2022","2055","18 years","Male","Method - M2","Number","28820"
"Population Projections based on Census 2022","2055","18 years","Female","Method - M2","Number","27833"
"Population Projections based on Census 2022","2055","19 years","Male","Method - M2","Number","28896"
"Population Projections based on Census 2022","2055","19 years","Female","Method - M2","Number","28056"
"Population Projections based on Census 2022","2055","20 years","Male","Method - M2","Number","28960"
"Population Projections based on Census 2022","2055","20 years","Female","Method - M2","Number","28255"
"Population Projections based on Census 2022","2055","21 years","Male","Method - M2","Number","28992"
"Population Projections based on Census 2022","2055","21 years","Female","Method - M2","Number","28395"
"Population Projections based on Census 2022","2055","22 years","Male","Method - M2","Number","29050"
"Population Projections based on Census 2022","2055","22 years","Female","Method - M2","Number","28555"
"Population Projections based on Census 2022","2055","23 years","Male","Method - M2","Number","29181"
"Population Projections based on Census 2022","2055","23 years","Female","Method - M2","Number","28797"
"Population Projections based on Census 2022","2055","24 years","Male","Method - M2","Number","29334"
"Population Projections based on Census 2022","2055","24 years","Female","Method - M2","Number","29020"
"Population Projections based on Census 2022","2055","25 years","Male","Method - M2","Number","30007"
"Population Projections based on Census 2022","2055","25 years","Female","Method - M2","Number","29778"
"Population Projections based on Census 2022","2055","26 years","Male","Method - M2","Number","30655"
"Population Projections based on Census 2022","2055","26 years","Female","Method - M2","Number","30523"
"Population Projections based on Census 2022","2055","27 years","Male","Method - M2","Number","31361"
"Population Projections based on Census 2022","2055","27 years","Female","Method - M2","Number","31334"
"Population Projections based on Census 2022","2055","28 years","Male","Method - M2","Number","32165"
"Population Projections based on Census 2022","2055","28 years","Female","Method - M2","Number","32222"
"Population Projections based on Census 2022","2055","29 years","Male","Method - M2","Number","33012"
"Population Projections based on Census 2022","2055","29 years","Female","Method - M2","Number","33114"
"Population Projections based on Census 2022","2055","30 years","Male","Method - M2","Number","33751"
"Population Projections based on Census 2022","2055","30 years","Female","Method - M2","Number","33925"
"Population Projections based on Census 2022","2055","31 years","Male","Method - M2","Number","34492"
"Population Projections based on Census 2022","2055","31 years","Female","Method - M2","Number","34730"
"Population Projections based on Census 2022","2055","32 years","Male","Method - M2","Number","36041"
"Population Projections based on Census 2022","2055","32 years","Female","Method - M2","Number","36330"
"Population Projections based on Census 2022","2055","33 years","Male","Method - M2","Number","36297"
"Population Projections based on Census 2022","2055","33 years","Female","Method - M2","Number","36813"
"Population Projections based on Census 2022","2055","34 years","Male","Method - M2","Number","35904"
"Population Projections based on Census 2022","2055","34 years","Female","Method - M2","Number","36605"
"Population Projections based on Census 2022","2055","35 years","Male","Method - M2","Number","37265"
"Population Projections based on Census 2022","2055","35 years","Female","Method - M2","Number","38194"
"Population Projections based on Census 2022","2055","36 years","Male","Method - M2","Number","38181"
"Population Projections based on Census 2022","2055","36 years","Female","Method - M2","Number","39045"
"Population Projections based on Census 2022","2055","37 years","Male","Method - M2","Number","38984"
"Population Projections based on Census 2022","2055","37 years","Female","Method - M2","Number","39678"
"Population Projections based on Census 2022","2055","38 years","Male","Method - M2","Number","40078"
"Population Projections based on Census 2022","2055","38 years","Female","Method - M2","Number","41463"
"Population Projections based on Census 2022","2055","39 years","Male","Method - M2","Number","41554"
"Population Projections based on Census 2022","2055","39 years","Female","Method - M2","Number","43056"
"Population Projections based on Census 2022","2055","40 years","Male","Method - M2","Number","43027"
"Population Projections based on Census 2022","2055","40 years","Female","Method - M2","Number","44291"
"Population Projections based on Census 2022","2055","41 years","Male","Method - M2","Number","44001"
"Population Projections based on Census 2022","2055","41 years","Female","Method - M2","Number","45502"
"Population Projections based on Census 2022","2055","42 years","Male","Method - M2","Number","44846"
"Population Projections based on Census 2022","2055","42 years","Female","Method - M2","Number","46612"
"Population Projections based on Census 2022","2055","43 years","Male","Method - M2","Number","46102"
"Population Projections based on Census 2022","2055","43 years","Female","Method - M2","Number","47814"
"Population Projections based on Census 2022","2055","44 years","Male","Method - M2","Number","46465"
"Population Projections based on Census 2022","2055","44 years","Female","Method - M2","Number","48926"
"Population Projections based on Census 2022","2055","45 years","Male","Method - M2","Number","47028"
"Population Projections based on Census 2022","2055","45 years","Female","Method - M2","Number","49351"
"Population Projections based on Census 2022","2055","46 years","Male","Method - M2","Number","46403"
"Population Projections based on Census 2022","2055","46 years","Female","Method - M2","Number","48827"
"Population Projections based on Census 2022","2055","47 years","Male","Method - M2","Number","45515"
"Population Projections based on Census 2022","2055","47 years","Female","Method - M2","Number","48302"
"Population Projections based on Census 2022","2055","48 years","Male","Method - M2","Number","44006"
"Population Projections based on Census 2022","2055","48 years","Female","Method - M2","Number","46422"
"Population Projections based on Census 2022","2055","49 years","Male","Method - M2","Number","42818"
"Population Projections based on Census 2022","2055","49 years","Female","Method - M2","Number","45122"
"Population Projections based on Census 2022","2055","50 years","Male","Method - M2","Number","43008"
"Population Projections based on Census 2022","2055","50 years","Female","Method - M2","Number","44709"
"Population Projections based on Census 2022","2055","51 years","Male","Method - M2","Number","41984"
"Population Projections based on Census 2022","2055","51 years","Female","Method - M2","Number","44527"
"Population Projections based on Census 2022","2055","52 years","Male","Method - M2","Number","41216"
"Population Projections based on Census 2022","2055","52 years","Female","Method - M2","Number","43668"
"Population Projections based on Census 2022","2055","53 years","Male","Method - M2","Number","40767"
"Population Projections based on Census 2022","2055","53 years","Female","Method - M2","Number","43451"
"Population Projections based on Census 2022","2055","54 years","Male","Method - M2","Number","39927"
"Population Projections based on Census 2022","2055","54 years","Female","Method - M2","Number","42254"
"Population Projections based on Census 2022","2055","55 years","Male","Method - M2","Number","40528"
"Population Projections based on Census 2022","2055","55 years","Female","Method - M2","Number","42986"
"Population Projections based on Census 2022","2055","56 years","Male","Method - M2","Number","40251"
"Population Projections based on Census 2022","2055","56 years","Female","Method - M2","Number","42280"
"Population Projections based on Census 2022","2055","57 years","Male","Method - M2","Number","39755"
"Population Projections based on Census 2022","2055","57 years","Female","Method - M2","Number","41681"
"Population Projections based on Census 2022","2055","58 years","Male","Method - M2","Number","39016"
"Population Projections based on Census 2022","2055","58 years","Female","Method - M2","Number","41071"
"Population Projections based on Census 2022","2055","59 years","Male","Method - M2","Number","37805"
"Population Projections based on Census 2022","2055","59 years","Female","Method - M2","Number","39976"
"Population Projections based on Census 2022","2055","60 years","Male","Method - M2","Number","37171"
"Population Projections based on Census 2022","2055","60 years","Female","Method - M2","Number","40083"
"Population Projections based on Census 2022","2055","61 years","Male","Method - M2","Number","36459"
"Population Projections based on Census 2022","2055","61 years","Female","Method - M2","Number","39708"
"Population Projections based on Census 2022","2055","62 years","Male","Method - M2","Number","37003"
"Population Projections based on Census 2022","2055","62 years","Female","Method - M2","Number","40310"
"Population Projections based on Census 2022","2055","63 years","Male","Method - M2","Number","37616"
"Population Projections based on Census 2022","2055","63 years","Female","Method - M2","Number","41961"
"Population Projections based on Census 2022","2055","64 years","Male","Method - M2","Number","38252"
"Population Projections based on Census 2022","2055","64 years","Female","Method - M2","Number","42104"
"Population Projections based on Census 2022","2055","65 years","Male","Method - M2","Number","37803"
"Population Projections based on Census 2022","2055","65 years","Female","Method - M2","Number","42226"
"Population Projections based on Census 2022","2055","66 years","Male","Method - M2","Number","36789"
"Population Projections based on Census 2022","2055","66 years","Female","Method - M2","Number","41698"
"Population Projections based on Census 2022","2055","67 years","Male","Method - M2","Number","37343"
"Population Projections based on Census 2022","2055","67 years","Female","Method - M2","Number","42824"
"Population Projections based on Census 2022","2055","68 years","Male","Method - M2","Number","38527"
"Population Projections based on Census 2022","2055","68 years","Female","Method - M2","Number","44015"
"Population Projections based on Census 2022","2055","69 years","Male","Method - M2","Number","38633"
"Population Projections based on Census 2022","2055","69 years","Female","Method - M2","Number","44094"
"Population Projections based on Census 2022","2055","70 years","Male","Method - M2","Number","38567"
"Population Projections based on Census 2022","2055","70 years","Female","Method - M2","Number","43685"
"Population Projections based on Census 2022","2055","71 years","Male","Method - M2","Number","38955"
"Population Projections based on Census 2022","2055","71 years","Female","Method - M2","Number","44516"
"Population Projections based on Census 2022","2055","72 years","Male","Method - M2","Number","39253"
"Population Projections based on Census 2022","2055","72 years","Female","Method - M2","Number","45274"
"Population Projections based on Census 2022","2055","73 years","Male","Method - M2","Number","40217"
"Population Projections based on Census 2022","2055","73 years","Female","Method - M2","Number","45272"
"Population Projections based on Census 2022","2055","74 years","Male","Method - M2","Number","39828"
"Population Projections based on Census 2022","2055","74 years","Female","Method - M2","Number","44385"
"Population Projections based on Census 2022","2055","75 years","Male","Method - M2","Number","38978"
"Population Projections based on Census 2022","2055","75 years","Female","Method - M2","Number","43043"
"Population Projections based on Census 2022","2055","76 years","Male","Method - M2","Number","35764"
"Population Projections based on Census 2022","2055","76 years","Female","Method - M2","Number","40038"
"Population Projections based on Census 2022","2055","77 years","Male","Method - M2","Number","33256"
"Population Projections based on Census 2022","2055","77 years","Female","Method - M2","Number","36940"
"Population Projections based on Census 2022","2055","78 years","Male","Method - M2","Number","32446"
"Population Projections based on Census 2022","2055","78 years","Female","Method - M2","Number","35708"
"Population Projections based on Census 2022","2055","79 years","Male","Method - M2","Number","31028"
"Population Projections based on Census 2022","2055","79 years","Female","Method - M2","Number","34531"
"Population Projections based on Census 2022","2055","80 years","Male","Method - M2","Number","29833"
"Population Projections based on Census 2022","2055","80 years","Female","Method - M2","Number","33238"
"Population Projections based on Census 2022","2055","81 years","Male","Method - M2","Number","28452"
"Population Projections based on Census 2022","2055","81 years","Female","Method - M2","Number","32153"
"Population Projections based on Census 2022","2055","82 years","Male","Method - M2","Number","27442"
"Population Projections based on Census 2022","2055","82 years","Female","Method - M2","Number","31161"
"Population Projections based on Census 2022","2055","83 years","Male","Method - M2","Number","26065"
"Population Projections based on Census 2022","2055","83 years","Female","Method - M2","Number","29802"
"Population Projections based on Census 2022","2055","84 years","Male","Method - M2","Number","23736"
"Population Projections based on Census 2022","2055","84 years","Female","Method - M2","Number","27538"
"Population Projections based on Census 2022","2055","85 years","Male","Method - M2","Number","22037"
"Population Projections based on Census 2022","2055","85 years","Female","Method - M2","Number","25935"
"Population Projections based on Census 2022","2055","86 years","Male","Method - M2","Number","19670"
"Population Projections based on Census 2022","2055","86 years","Female","Method - M2","Number","23192"
"Population Projections based on Census 2022","2055","87 years","Male","Method - M2","Number","17946"
"Population Projections based on Census 2022","2055","87 years","Female","Method - M2","Number","21889"
"Population Projections based on Census 2022","2055","88 years","Male","Method - M2","Number","16274"
"Population Projections based on Census 2022","2055","88 years","Female","Method - M2","Number","20294"
"Population Projections based on Census 2022","2055","89 years","Male","Method - M2","Number","14423"
"Population Projections based on Census 2022","2055","89 years","Female","Method - M2","Number","18579"
"Population Projections based on Census 2022","2055","90 years","Male","Method - M2","Number","13048"
"Population Projections based on Census 2022","2055","90 years","Female","Method - M2","Number","17423"
"Population Projections based on Census 2022","2055","91 years","Male","Method - M2","Number","11247"
"Population Projections based on Census 2022","2055","91 years","Female","Method - M2","Number","15359"
"Population Projections based on Census 2022","2055","92 years","Male","Method - M2","Number","9661"
"Population Projections based on Census 2022","2055","92 years","Female","Method - M2","Number","13518"
"Population Projections based on Census 2022","2055","93 years","Male","Method - M2","Number","8190"
"Population Projections based on Census 2022","2055","93 years","Female","Method - M2","Number","11736"
"Population Projections based on Census 2022","2055","94 years","Male","Method - M2","Number","6561"
"Population Projections based on Census 2022","2055","94 years","Female","Method - M2","Number","9883"
"Population Projections based on Census 2022","2055","95 years","Male","Method - M2","Number","5185"
"Population Projections based on Census 2022","2055","95 years","Female","Method - M2","Number","8011"
"Population Projections based on Census 2022","2055","96 years","Male","Method - M2","Number","3854"
"Population Projections based on Census 2022","2055","96 years","Female","Method - M2","Number","6124"
"Population Projections based on Census 2022","2055","97 years","Male","Method - M2","Number","2788"
"Population Projections based on Census 2022","2055","97 years","Female","Method - M2","Number","4736"
"Population Projections based on Census 2022","2055","98 years","Male","Method - M2","Number","2006"
"Population Projections based on Census 2022","2055","98 years","Female","Method - M2","Number","3477"
"Population Projections based on Census 2022","2055","99 years and over","Male","Method - M2","Number","3196"
"Population Projections based on Census 2022","2055","99 years and over","Female","Method - M2","Number","6304"
"Population Projections based on Census 2022","2056","Under 1 year","Male","Method - M2","Number","24290"
"Population Projections based on Census 2022","2056","Under 1 year","Female","Method - M2","Number","23051"
"Population Projections based on Census 2022","2056","1 year","Male","Method - M2","Number","24781"
"Population Projections based on Census 2022","2056","1 year","Female","Method - M2","Number","23527"
"Population Projections based on Census 2022","2056","2 years","Male","Method - M2","Number","25291"
"Population Projections based on Census 2022","2056","2 years","Female","Method - M2","Number","24009"
"Population Projections based on Census 2022","2056","3 years","Male","Method - M2","Number","25760"
"Population Projections based on Census 2022","2056","3 years","Female","Method - M2","Number","24448"
"Population Projections based on Census 2022","2056","4 years","Male","Method - M2","Number","26239"
"Population Projections based on Census 2022","2056","4 years","Female","Method - M2","Number","24912"
"Population Projections based on Census 2022","2056","5 years","Male","Method - M2","Number","26757"
"Population Projections based on Census 2022","2056","5 years","Female","Method - M2","Number","25373"
"Population Projections based on Census 2022","2056","6 years","Male","Method - M2","Number","27247"
"Population Projections based on Census 2022","2056","6 years","Female","Method - M2","Number","25836"
"Population Projections based on Census 2022","2056","7 years","Male","Method - M2","Number","27705"
"Population Projections based on Census 2022","2056","7 years","Female","Method - M2","Number","26263"
"Population Projections based on Census 2022","2056","8 years","Male","Method - M2","Number","28107"
"Population Projections based on Census 2022","2056","8 years","Female","Method - M2","Number","26652"
"Population Projections based on Census 2022","2056","9 years","Male","Method - M2","Number","28429"
"Population Projections based on Census 2022","2056","9 years","Female","Method - M2","Number","26952"
"Population Projections based on Census 2022","2056","10 years","Male","Method - M2","Number","28692"
"Population Projections based on Census 2022","2056","10 years","Female","Method - M2","Number","27209"
"Population Projections based on Census 2022","2056","11 years","Male","Method - M2","Number","28920"
"Population Projections based on Census 2022","2056","11 years","Female","Method - M2","Number","27416"
"Population Projections based on Census 2022","2056","12 years","Male","Method - M2","Number","29105"
"Population Projections based on Census 2022","2056","12 years","Female","Method - M2","Number","27591"
"Population Projections based on Census 2022","2056","13 years","Male","Method - M2","Number","29225"
"Population Projections based on Census 2022","2056","13 years","Female","Method - M2","Number","27713"
"Population Projections based on Census 2022","2056","14 years","Male","Method - M2","Number","29235"
"Population Projections based on Census 2022","2056","14 years","Female","Method - M2","Number","27720"
"Population Projections based on Census 2022","2056","15 years","Male","Method - M2","Number","29138"
"Population Projections based on Census 2022","2056","15 years","Female","Method - M2","Number","27782"
"Population Projections based on Census 2022","2056","16 years","Male","Method - M2","Number","29033"
"Population Projections based on Census 2022","2056","16 years","Female","Method - M2","Number","27836"
"Population Projections based on Census 2022","2056","17 years","Male","Method - M2","Number","28923"
"Population Projections based on Census 2022","2056","17 years","Female","Method - M2","Number","27806"
"Population Projections based on Census 2022","2056","18 years","Male","Method - M2","Number","28731"
"Population Projections based on Census 2022","2056","18 years","Female","Method - M2","Number","27749"
"Population Projections based on Census 2022","2056","19 years","Male","Method - M2","Number","28846"
"Population Projections based on Census 2022","2056","19 years","Female","Method - M2","Number","28007"
"Population Projections based on Census 2022","2056","20 years","Male","Method - M2","Number","28909"
"Population Projections based on Census 2022","2056","20 years","Female","Method - M2","Number","28209"
"Population Projections based on Census 2022","2056","21 years","Male","Method - M2","Number","28957"
"Population Projections based on Census 2022","2056","21 years","Female","Method - M2","Number","28361"
"Population Projections based on Census 2022","2056","22 years","Male","Method - M2","Number","28977"
"Population Projections based on Census 2022","2056","22 years","Female","Method - M2","Number","28483"
"Population Projections based on Census 2022","2056","23 years","Male","Method - M2","Number","29025"
"Population Projections based on Census 2022","2056","23 years","Female","Method - M2","Number","28647"
"Population Projections based on Census 2022","2056","24 years","Male","Method - M2","Number","29170"
"Population Projections based on Census 2022","2056","24 years","Female","Method - M2","Number","28861"
"Population Projections based on Census 2022","2056","25 years","Male","Method - M2","Number","29844"
"Population Projections based on Census 2022","2056","25 years","Female","Method - M2","Number","29622"
"Population Projections based on Census 2022","2056","26 years","Male","Method - M2","Number","30472"
"Population Projections based on Census 2022","2056","26 years","Female","Method - M2","Number","30350"
"Population Projections based on Census 2022","2056","27 years","Male","Method - M2","Number","31093"
"Population Projections based on Census 2022","2056","27 years","Female","Method - M2","Number","31079"
"Population Projections based on Census 2022","2056","28 years","Male","Method - M2","Number","31790"
"Population Projections based on Census 2022","2056","28 years","Female","Method - M2","Number","31860"
"Population Projections based on Census 2022","2056","29 years","Male","Method - M2","Number","32580"
"Population Projections based on Census 2022","2056","29 years","Female","Method - M2","Number","32706"
"Population Projections based on Census 2022","2056","30 years","Male","Method - M2","Number","33394"
"Population Projections based on Census 2022","2056","30 years","Female","Method - M2","Number","33585"
"Population Projections based on Census 2022","2056","31 years","Male","Method - M2","Number","34120"
"Population Projections based on Census 2022","2056","31 years","Female","Method - M2","Number","34378"
"Population Projections based on Census 2022","2056","32 years","Male","Method - M2","Number","34839"
"Population Projections based on Census 2022","2056","32 years","Female","Method - M2","Number","35188"
"Population Projections based on Census 2022","2056","33 years","Male","Method - M2","Number","36358"
"Population Projections based on Census 2022","2056","33 years","Female","Method - M2","Number","36778"
"Population Projections based on Census 2022","2056","34 years","Male","Method - M2","Number","36640"
"Population Projections based on Census 2022","2056","34 years","Female","Method - M2","Number","37278"
"Population Projections based on Census 2022","2056","35 years","Male","Method - M2","Number","36195"
"Population Projections based on Census 2022","2056","35 years","Female","Method - M2","Number","37041"
"Population Projections based on Census 2022","2056","36 years","Male","Method - M2","Number","37560"
"Population Projections based on Census 2022","2056","36 years","Female","Method - M2","Number","38632"
"Population Projections based on Census 2022","2056","37 years","Male","Method - M2","Number","38451"
"Population Projections based on Census 2022","2056","37 years","Female","Method - M2","Number","39459"
"Population Projections based on Census 2022","2056","38 years","Male","Method - M2","Number","39245"
"Population Projections based on Census 2022","2056","38 years","Female","Method - M2","Number","40098"
"Population Projections based on Census 2022","2056","39 years","Male","Method - M2","Number","40350"
"Population Projections based on Census 2022","2056","39 years","Female","Method - M2","Number","41904"
"Population Projections based on Census 2022","2056","40 years","Male","Method - M2","Number","41838"
"Population Projections based on Census 2022","2056","40 years","Female","Method - M2","Number","43497"
"Population Projections based on Census 2022","2056","41 years","Male","Method - M2","Number","43304"
"Population Projections based on Census 2022","2056","41 years","Female","Method - M2","Number","44750"
"Population Projections based on Census 2022","2056","42 years","Male","Method - M2","Number","44325"
"Population Projections based on Census 2022","2056","42 years","Female","Method - M2","Number","45985"
"Population Projections based on Census 2022","2056","43 years","Male","Method - M2","Number","45169"
"Population Projections based on Census 2022","2056","43 years","Female","Method - M2","Number","47096"
"Population Projections based on Census 2022","2056","44 years","Male","Method - M2","Number","46439"
"Population Projections based on Census 2022","2056","44 years","Female","Method - M2","Number","48295"
"Population Projections based on Census 2022","2056","45 years","Male","Method - M2","Number","46497"
"Population Projections based on Census 2022","2056","45 years","Female","Method - M2","Number","48953"
"Population Projections based on Census 2022","2056","46 years","Male","Method - M2","Number","47031"
"Population Projections based on Census 2022","2056","46 years","Female","Method - M2","Number","49382"
"Population Projections based on Census 2022","2056","47 years","Male","Method - M2","Number","46424"
"Population Projections based on Census 2022","2056","47 years","Female","Method - M2","Number","48856"
"Population Projections based on Census 2022","2056","48 years","Male","Method - M2","Number","45548"
"Population Projections based on Census 2022","2056","48 years","Female","Method - M2","Number","48355"
"Population Projections based on Census 2022","2056","49 years","Male","Method - M2","Number","44063"
"Population Projections based on Census 2022","2056","49 years","Female","Method - M2","Number","46479"
"Population Projections based on Census 2022","2056","50 years","Male","Method - M2","Number","42872"
"Population Projections based on Census 2022","2056","50 years","Female","Method - M2","Number","45186"
"Population Projections based on Census 2022","2056","51 years","Male","Method - M2","Number","43061"
"Population Projections based on Census 2022","2056","51 years","Female","Method - M2","Number","44769"
"Population Projections based on Census 2022","2056","52 years","Male","Method - M2","Number","42040"
"Population Projections based on Census 2022","2056","52 years","Female","Method - M2","Number","44580"
"Population Projections based on Census 2022","2056","53 years","Male","Method - M2","Number","41267"
"Population Projections based on Census 2022","2056","53 years","Female","Method - M2","Number","43719"
"Population Projections based on Census 2022","2056","54 years","Male","Method - M2","Number","40827"
"Population Projections based on Census 2022","2056","54 years","Female","Method - M2","Number","43505"
"Population Projections based on Census 2022","2056","55 years","Male","Method - M2","Number","39976"
"Population Projections based on Census 2022","2056","55 years","Female","Method - M2","Number","42315"
"Population Projections based on Census 2022","2056","56 years","Male","Method - M2","Number","40576"
"Population Projections based on Census 2022","2056","56 years","Female","Method - M2","Number","43038"
"Population Projections based on Census 2022","2056","57 years","Male","Method - M2","Number","40291"
"Population Projections based on Census 2022","2056","57 years","Female","Method - M2","Number","42321"
"Population Projections based on Census 2022","2056","58 years","Male","Method - M2","Number","39786"
"Population Projections based on Census 2022","2056","58 years","Female","Method - M2","Number","41727"
"Population Projections based on Census 2022","2056","59 years","Male","Method - M2","Number","39041"
"Population Projections based on Census 2022","2056","59 years","Female","Method - M2","Number","41130"
"Population Projections based on Census 2022","2056","60 years","Male","Method - M2","Number","37827"
"Population Projections based on Census 2022","2056","60 years","Female","Method - M2","Number","40027"
"Population Projections based on Census 2022","2056","61 years","Male","Method - M2","Number","37195"
"Population Projections based on Census 2022","2056","61 years","Female","Method - M2","Number","40118"
"Population Projections based on Census 2022","2056","62 years","Male","Method - M2","Number","36463"
"Population Projections based on Census 2022","2056","62 years","Female","Method - M2","Number","39734"
"Population Projections based on Census 2022","2056","63 years","Male","Method - M2","Number","37016"
"Population Projections based on Census 2022","2056","63 years","Female","Method - M2","Number","40333"
"Population Projections based on Census 2022","2056","64 years","Male","Method - M2","Number","37607"
"Population Projections based on Census 2022","2056","64 years","Female","Method - M2","Number","41970"
"Population Projections based on Census 2022","2056","65 years","Male","Method - M2","Number","38045"
"Population Projections based on Census 2022","2056","65 years","Female","Method - M2","Number","41975"
"Population Projections based on Census 2022","2056","66 years","Male","Method - M2","Number","37597"
"Population Projections based on Census 2022","2056","66 years","Female","Method - M2","Number","42078"
"Population Projections based on Census 2022","2056","67 years","Male","Method - M2","Number","36578"
"Population Projections based on Census 2022","2056","67 years","Female","Method - M2","Number","41555"
"Population Projections based on Census 2022","2056","68 years","Male","Method - M2","Number","37106"
"Population Projections based on Census 2022","2056","68 years","Female","Method - M2","Number","42665"
"Population Projections based on Census 2022","2056","69 years","Male","Method - M2","Number","38248"
"Population Projections based on Census 2022","2056","69 years","Female","Method - M2","Number","43820"
"Population Projections based on Census 2022","2056","70 years","Male","Method - M2","Number","38326"
"Population Projections based on Census 2022","2056","70 years","Female","Method - M2","Number","43887"
"Population Projections based on Census 2022","2056","71 years","Male","Method - M2","Number","38229"
"Population Projections based on Census 2022","2056","71 years","Female","Method - M2","Number","43444"
"Population Projections based on Census 2022","2056","72 years","Male","Method - M2","Number","38573"
"Population Projections based on Census 2022","2056","72 years","Female","Method - M2","Number","44242"
"Population Projections based on Census 2022","2056","73 years","Male","Method - M2","Number","38810"
"Population Projections based on Census 2022","2056","73 years","Female","Method - M2","Number","44949"
"Population Projections based on Census 2022","2056","74 years","Male","Method - M2","Number","39700"
"Population Projections based on Census 2022","2056","74 years","Female","Method - M2","Number","44909"
"Population Projections based on Census 2022","2056","75 years","Male","Method - M2","Number","39246"
"Population Projections based on Census 2022","2056","75 years","Female","Method - M2","Number","43975"
"Population Projections based on Census 2022","2056","76 years","Male","Method - M2","Number","38304"
"Population Projections based on Census 2022","2056","76 years","Female","Method - M2","Number","42568"
"Population Projections based on Census 2022","2056","77 years","Male","Method - M2","Number","35068"
"Population Projections based on Census 2022","2056","77 years","Female","Method - M2","Number","39535"
"Population Projections based on Census 2022","2056","78 years","Male","Method - M2","Number","32537"
"Population Projections based on Census 2022","2056","78 years","Female","Method - M2","Number","36416"
"Population Projections based on Census 2022","2056","79 years","Male","Method - M2","Number","31666"
"Population Projections based on Census 2022","2056","79 years","Female","Method - M2","Number","35138"
"Population Projections based on Census 2022","2056","80 years","Male","Method - M2","Number","30199"
"Population Projections based on Census 2022","2056","80 years","Female","Method - M2","Number","33903"
"Population Projections based on Census 2022","2056","81 years","Male","Method - M2","Number","28947"
"Population Projections based on Census 2022","2056","81 years","Female","Method - M2","Number","32551"
"Population Projections based on Census 2022","2056","82 years","Male","Method - M2","Number","27502"
"Population Projections based on Census 2022","2056","82 years","Female","Method - M2","Number","31389"
"Population Projections based on Census 2022","2056","83 years","Male","Method - M2","Number","26386"
"Population Projections based on Census 2022","2056","83 years","Female","Method - M2","Number","30298"
"Population Projections based on Census 2022","2056","84 years","Male","Method - M2","Number","24927"
"Population Projections based on Census 2022","2056","84 years","Female","Method - M2","Number","28859"
"Population Projections based on Census 2022","2056","85 years","Male","Method - M2","Number","22571"
"Population Projections based on Census 2022","2056","85 years","Female","Method - M2","Number","26543"
"Population Projections based on Census 2022","2056","86 years","Male","Method - M2","Number","20810"
"Population Projections based on Census 2022","2056","86 years","Female","Method - M2","Number","24853"
"Population Projections based on Census 2022","2056","87 years","Male","Method - M2","Number","18446"
"Population Projections based on Census 2022","2056","87 years","Female","Method - M2","Number","22099"
"Population Projections based on Census 2022","2056","88 years","Male","Method - M2","Number","16699"
"Population Projections based on Census 2022","2056","88 years","Female","Method - M2","Number","20721"
"Population Projections based on Census 2022","2056","89 years","Male","Method - M2","Number","15016"
"Population Projections based on Census 2022","2056","89 years","Female","Method - M2","Number","19074"
"Population Projections based on Census 2022","2056","90 years","Male","Method - M2","Number","13192"
"Population Projections based on Census 2022","2056","90 years","Female","Method - M2","Number","17322"
"Population Projections based on Census 2022","2056","91 years","Male","Method - M2","Number","11812"
"Population Projections based on Census 2022","2056","91 years","Female","Method - M2","Number","16103"
"Population Projections based on Census 2022","2056","92 years","Male","Method - M2","Number","10036"
"Population Projections based on Census 2022","2056","92 years","Female","Method - M2","Number","14014"
"Population Projections based on Census 2022","2056","93 years","Male","Method - M2","Number","8434"
"Population Projections based on Census 2022","2056","93 years","Female","Method - M2","Number","12106"
"Population Projections based on Census 2022","2056","94 years","Male","Method - M2","Number","6975"
"Population Projections based on Census 2022","2056","94 years","Female","Method - M2","Number","10282"
"Population Projections based on Census 2022","2056","95 years","Male","Method - M2","Number","5432"
"Population Projections based on Census 2022","2056","95 years","Female","Method - M2","Number","8438"
"Population Projections based on Census 2022","2056","96 years","Male","Method - M2","Number","4145"
"Population Projections based on Census 2022","2056","96 years","Female","Method - M2","Number","6628"
"Population Projections based on Census 2022","2056","97 years","Male","Method - M2","Number","2966"
"Population Projections based on Census 2022","2056","97 years","Female","Method - M2","Number","4891"
"Population Projections based on Census 2022","2056","98 years","Male","Method - M2","Number","2051"
"Population Projections based on Census 2022","2056","98 years","Female","Method - M2","Number","3633"
"Population Projections based on Census 2022","2056","99 years and over","Male","Method - M2","Number","3384"
"Population Projections based on Census 2022","2056","99 years and over","Female","Method - M2","Number","6602"
"Population Projections based on Census 2022","2057","Under 1 year","Male","Method - M2","Number","24006"
"Population Projections based on Census 2022","2057","Under 1 year","Female","Method - M2","Number","22781"
"Population Projections based on Census 2022","2057","1 year","Male","Method - M2","Number","24471"
"Population Projections based on Census 2022","2057","1 year","Female","Method - M2","Number","23233"
"Population Projections based on Census 2022","2057","2 years","Male","Method - M2","Number","24969"
"Population Projections based on Census 2022","2057","2 years","Female","Method - M2","Number","23704"
"Population Projections based on Census 2022","2057","3 years","Male","Method - M2","Number","25455"
"Population Projections based on Census 2022","2057","3 years","Female","Method - M2","Number","24156"
"Population Projections based on Census 2022","2057","4 years","Male","Method - M2","Number","25920"
"Population Projections based on Census 2022","2057","4 years","Female","Method - M2","Number","24611"
"Population Projections based on Census 2022","2057","5 years","Male","Method - M2","Number","26420"
"Population Projections based on Census 2022","2057","5 years","Female","Method - M2","Number","25052"
"Population Projections based on Census 2022","2057","6 years","Male","Method - M2","Number","26923"
"Population Projections based on Census 2022","2057","6 years","Female","Method - M2","Number","25529"
"Population Projections based on Census 2022","2057","7 years","Male","Method - M2","Number","27408"
"Population Projections based on Census 2022","2057","7 years","Female","Method - M2","Number","25981"
"Population Projections based on Census 2022","2057","8 years","Male","Method - M2","Number","27851"
"Population Projections based on Census 2022","2057","8 years","Female","Method - M2","Number","26409"
"Population Projections based on Census 2022","2057","9 years","Male","Method - M2","Number","28257"
"Population Projections based on Census 2022","2057","9 years","Female","Method - M2","Number","26789"
"Population Projections based on Census 2022","2057","10 years","Male","Method - M2","Number","28582"
"Population Projections based on Census 2022","2057","10 years","Female","Method - M2","Number","27103"
"Population Projections based on Census 2022","2057","11 years","Male","Method - M2","Number","28851"
"Population Projections based on Census 2022","2057","11 years","Female","Method - M2","Number","27351"
"Population Projections based on Census 2022","2057","12 years","Male","Method - M2","Number","29078"
"Population Projections based on Census 2022","2057","12 years","Female","Method - M2","Number","27565"
"Population Projections based on Census 2022","2057","13 years","Male","Method - M2","Number","29261"
"Population Projections based on Census 2022","2057","13 years","Female","Method - M2","Number","27747"
"Population Projections based on Census 2022","2057","14 years","Male","Method - M2","Number","29331"
"Population Projections based on Census 2022","2057","14 years","Female","Method - M2","Number","27814"
"Population Projections based on Census 2022","2057","15 years","Male","Method - M2","Number","29319"
"Population Projections based on Census 2022","2057","15 years","Female","Method - M2","Number","27952"
"Population Projections based on Census 2022","2057","16 years","Male","Method - M2","Number","29226"
"Population Projections based on Census 2022","2057","16 years","Female","Method - M2","Number","28019"
"Population Projections based on Census 2022","2057","17 years","Male","Method - M2","Number","29151"
"Population Projections based on Census 2022","2057","17 years","Female","Method - M2","Number","28021"
"Population Projections based on Census 2022","2057","18 years","Male","Method - M2","Number","28978"
"Population Projections based on Census 2022","2057","18 years","Female","Method - M2","Number","27982"
"Population Projections based on Census 2022","2057","19 years","Male","Method - M2","Number","28757"
"Population Projections based on Census 2022","2057","19 years","Female","Method - M2","Number","27923"
"Population Projections based on Census 2022","2057","20 years","Male","Method - M2","Number","28859"
"Population Projections based on Census 2022","2057","20 years","Female","Method - M2","Number","28160"
"Population Projections based on Census 2022","2057","21 years","Male","Method - M2","Number","28906"
"Population Projections based on Census 2022","2057","21 years","Female","Method - M2","Number","28316"
"Population Projections based on Census 2022","2057","22 years","Male","Method - M2","Number","28942"
"Population Projections based on Census 2022","2057","22 years","Female","Method - M2","Number","28449"
"Population Projections based on Census 2022","2057","23 years","Male","Method - M2","Number","28952"
"Population Projections based on Census 2022","2057","23 years","Female","Method - M2","Number","28575"
"Population Projections based on Census 2022","2057","24 years","Male","Method - M2","Number","29014"
"Population Projections based on Census 2022","2057","24 years","Female","Method - M2","Number","28711"
"Population Projections based on Census 2022","2057","25 years","Male","Method - M2","Number","29680"
"Population Projections based on Census 2022","2057","25 years","Female","Method - M2","Number","29463"
"Population Projections based on Census 2022","2057","26 years","Male","Method - M2","Number","30309"
"Population Projections based on Census 2022","2057","26 years","Female","Method - M2","Number","30194"
"Population Projections based on Census 2022","2057","27 years","Male","Method - M2","Number","30911"
"Population Projections based on Census 2022","2057","27 years","Female","Method - M2","Number","30906"
"Population Projections based on Census 2022","2057","28 years","Male","Method - M2","Number","31522"
"Population Projections based on Census 2022","2057","28 years","Female","Method - M2","Number","31604"
"Population Projections based on Census 2022","2057","29 years","Male","Method - M2","Number","32206"
"Population Projections based on Census 2022","2057","29 years","Female","Method - M2","Number","32344"
"Population Projections based on Census 2022","2057","30 years","Male","Method - M2","Number","32962"
"Population Projections based on Census 2022","2057","30 years","Female","Method - M2","Number","33177"
"Population Projections based on Census 2022","2057","31 years","Male","Method - M2","Number","33764"
"Population Projections based on Census 2022","2057","31 years","Female","Method - M2","Number","34038"
"Population Projections based on Census 2022","2057","32 years","Male","Method - M2","Number","34467"
"Population Projections based on Census 2022","2057","32 years","Female","Method - M2","Number","34835"
"Population Projections based on Census 2022","2057","33 years","Male","Method - M2","Number","35156"
"Population Projections based on Census 2022","2057","33 years","Female","Method - M2","Number","35636"
"Population Projections based on Census 2022","2057","34 years","Male","Method - M2","Number","36701"
"Population Projections based on Census 2022","2057","34 years","Female","Method - M2","Number","37243"
"Population Projections based on Census 2022","2057","35 years","Male","Method - M2","Number","36931"
"Population Projections based on Census 2022","2057","35 years","Female","Method - M2","Number","37714"
"Population Projections based on Census 2022","2057","36 years","Male","Method - M2","Number","36491"
"Population Projections based on Census 2022","2057","36 years","Female","Method - M2","Number","37479"
"Population Projections based on Census 2022","2057","37 years","Male","Method - M2","Number","37831"
"Population Projections based on Census 2022","2057","37 years","Female","Method - M2","Number","39046"
"Population Projections based on Census 2022","2057","38 years","Male","Method - M2","Number","38712"
"Population Projections based on Census 2022","2057","38 years","Female","Method - M2","Number","39880"
"Population Projections based on Census 2022","2057","39 years","Male","Method - M2","Number","39519"
"Population Projections based on Census 2022","2057","39 years","Female","Method - M2","Number","40539"
"Population Projections based on Census 2022","2057","40 years","Male","Method - M2","Number","40635"
"Population Projections based on Census 2022","2057","40 years","Female","Method - M2","Number","42345"
"Population Projections based on Census 2022","2057","41 years","Male","Method - M2","Number","42116"
"Population Projections based on Census 2022","2057","41 years","Female","Method - M2","Number","43956"
"Population Projections based on Census 2022","2057","42 years","Male","Method - M2","Number","43629"
"Population Projections based on Census 2022","2057","42 years","Female","Method - M2","Number","45234"
"Population Projections based on Census 2022","2057","43 years","Male","Method - M2","Number","44649"
"Population Projections based on Census 2022","2057","43 years","Female","Method - M2","Number","46470"
"Population Projections based on Census 2022","2057","44 years","Male","Method - M2","Number","45508"
"Population Projections based on Census 2022","2057","44 years","Female","Method - M2","Number","47578"
"Population Projections based on Census 2022","2057","45 years","Male","Method - M2","Number","46471"
"Population Projections based on Census 2022","2057","45 years","Female","Method - M2","Number","48322"
"Population Projections based on Census 2022","2057","46 years","Male","Method - M2","Number","46501"
"Population Projections based on Census 2022","2057","46 years","Female","Method - M2","Number","48984"
"Population Projections based on Census 2022","2057","47 years","Male","Method - M2","Number","47052"
"Population Projections based on Census 2022","2057","47 years","Female","Method - M2","Number","49411"
"Population Projections based on Census 2022","2057","48 years","Male","Method - M2","Number","46457"
"Population Projections based on Census 2022","2057","48 years","Female","Method - M2","Number","48909"
"Population Projections based on Census 2022","2057","49 years","Male","Method - M2","Number","45603"
"Population Projections based on Census 2022","2057","49 years","Female","Method - M2","Number","48411"
"Population Projections based on Census 2022","2057","50 years","Male","Method - M2","Number","44117"
"Population Projections based on Census 2022","2057","50 years","Female","Method - M2","Number","46541"
"Population Projections based on Census 2022","2057","51 years","Male","Method - M2","Number","42926"
"Population Projections based on Census 2022","2057","51 years","Female","Method - M2","Number","45247"
"Population Projections based on Census 2022","2057","52 years","Male","Method - M2","Number","43117"
"Population Projections based on Census 2022","2057","52 years","Female","Method - M2","Number","44822"
"Population Projections based on Census 2022","2057","53 years","Male","Method - M2","Number","42091"
"Population Projections based on Census 2022","2057","53 years","Female","Method - M2","Number","44631"
"Population Projections based on Census 2022","2057","54 years","Male","Method - M2","Number","41327"
"Population Projections based on Census 2022","2057","54 years","Female","Method - M2","Number","43774"
"Population Projections based on Census 2022","2057","55 years","Male","Method - M2","Number","40875"
"Population Projections based on Census 2022","2057","55 years","Female","Method - M2","Number","43565"
"Population Projections based on Census 2022","2057","56 years","Male","Method - M2","Number","40027"
"Population Projections based on Census 2022","2057","56 years","Female","Method - M2","Number","42370"
"Population Projections based on Census 2022","2057","57 years","Male","Method - M2","Number","40616"
"Population Projections based on Census 2022","2057","57 years","Female","Method - M2","Number","43078"
"Population Projections based on Census 2022","2057","58 years","Male","Method - M2","Number","40322"
"Population Projections based on Census 2022","2057","58 years","Female","Method - M2","Number","42367"
"Population Projections based on Census 2022","2057","59 years","Male","Method - M2","Number","39810"
"Population Projections based on Census 2022","2057","59 years","Female","Method - M2","Number","41786"
"Population Projections based on Census 2022","2057","60 years","Male","Method - M2","Number","39060"
"Population Projections based on Census 2022","2057","60 years","Female","Method - M2","Number","41180"
"Population Projections based on Census 2022","2057","61 years","Male","Method - M2","Number","37851"
"Population Projections based on Census 2022","2057","61 years","Female","Method - M2","Number","40063"
"Population Projections based on Census 2022","2057","62 years","Male","Method - M2","Number","37198"
"Population Projections based on Census 2022","2057","62 years","Female","Method - M2","Number","40144"
"Population Projections based on Census 2022","2057","63 years","Male","Method - M2","Number","36481"
"Population Projections based on Census 2022","2057","63 years","Female","Method - M2","Number","39760"
"Population Projections based on Census 2022","2057","64 years","Male","Method - M2","Number","37012"
"Population Projections based on Census 2022","2057","64 years","Female","Method - M2","Number","40350"
"Population Projections based on Census 2022","2057","65 years","Male","Method - M2","Number","37407"
"Population Projections based on Census 2022","2057","65 years","Female","Method - M2","Number","41844"
"Population Projections based on Census 2022","2057","66 years","Male","Method - M2","Number","37840"
"Population Projections based on Census 2022","2057","66 years","Female","Method - M2","Number","41829"
"Population Projections based on Census 2022","2057","67 years","Male","Method - M2","Number","37385"
"Population Projections based on Census 2022","2057","67 years","Female","Method - M2","Number","41936"
"Population Projections based on Census 2022","2057","68 years","Male","Method - M2","Number","36350"
"Population Projections based on Census 2022","2057","68 years","Female","Method - M2","Number","41404"
"Population Projections based on Census 2022","2057","69 years","Male","Method - M2","Number","36843"
"Population Projections based on Census 2022","2057","69 years","Female","Method - M2","Number","42481"
"Population Projections based on Census 2022","2057","70 years","Male","Method - M2","Number","37950"
"Population Projections based on Census 2022","2057","70 years","Female","Method - M2","Number","43618"
"Population Projections based on Census 2022","2057","71 years","Male","Method - M2","Number","37996"
"Population Projections based on Census 2022","2057","71 years","Female","Method - M2","Number","43649"
"Population Projections based on Census 2022","2057","72 years","Male","Method - M2","Number","37862"
"Population Projections based on Census 2022","2057","72 years","Female","Method - M2","Number","43183"
"Population Projections based on Census 2022","2057","73 years","Male","Method - M2","Number","38145"
"Population Projections based on Census 2022","2057","73 years","Female","Method - M2","Number","43931"
"Population Projections based on Census 2022","2057","74 years","Male","Method - M2","Number","38321"
"Population Projections based on Census 2022","2057","74 years","Female","Method - M2","Number","44595"
"Population Projections based on Census 2022","2057","75 years","Male","Method - M2","Number","39129"
"Population Projections based on Census 2022","2057","75 years","Female","Method - M2","Number","44501"
"Population Projections based on Census 2022","2057","76 years","Male","Method - M2","Number","38578"
"Population Projections based on Census 2022","2057","76 years","Female","Method - M2","Number","43497"
"Population Projections based on Census 2022","2057","77 years","Male","Method - M2","Number","37569"
"Population Projections based on Census 2022","2057","77 years","Female","Method - M2","Number","42042"
"Population Projections based on Census 2022","2057","78 years","Male","Method - M2","Number","34320"
"Population Projections based on Census 2022","2057","78 years","Female","Method - M2","Number","38981"
"Population Projections based on Census 2022","2057","79 years","Male","Method - M2","Number","31766"
"Population Projections based on Census 2022","2057","79 years","Female","Method - M2","Number","35843"
"Population Projections based on Census 2022","2057","80 years","Male","Method - M2","Number","30833"
"Population Projections based on Census 2022","2057","80 years","Female","Method - M2","Number","34509"
"Population Projections based on Census 2022","2057","81 years","Male","Method - M2","Number","29316"
"Population Projections based on Census 2022","2057","81 years","Female","Method - M2","Number","33212"
"Population Projections based on Census 2022","2057","82 years","Male","Method - M2","Number","27994"
"Population Projections based on Census 2022","2057","82 years","Female","Method - M2","Number","31789"
"Population Projections based on Census 2022","2057","83 years","Male","Method - M2","Number","26460"
"Population Projections based on Census 2022","2057","83 years","Female","Method - M2","Number","30533"
"Population Projections based on Census 2022","2057","84 years","Male","Method - M2","Number","25252"
"Population Projections based on Census 2022","2057","84 years","Female","Method - M2","Number","29354"
"Population Projections based on Census 2022","2057","85 years","Male","Method - M2","Number","23721"
"Population Projections based on Census 2022","2057","85 years","Female","Method - M2","Number","27831"
"Population Projections based on Census 2022","2057","86 years","Male","Method - M2","Number","21333"
"Population Projections based on Census 2022","2057","86 years","Female","Method - M2","Number","25452"
"Population Projections based on Census 2022","2057","87 years","Male","Method - M2","Number","19534"
"Population Projections based on Census 2022","2057","87 years","Female","Method - M2","Number","23698"
"Population Projections based on Census 2022","2057","88 years","Male","Method - M2","Number","17183"
"Population Projections based on Census 2022","2057","88 years","Female","Method - M2","Number","20937"
"Population Projections based on Census 2022","2057","89 years","Male","Method - M2","Number","15428"
"Population Projections based on Census 2022","2057","89 years","Female","Method - M2","Number","19493"
"Population Projections based on Census 2022","2057","90 years","Male","Method - M2","Number","13753"
"Population Projections based on Census 2022","2057","90 years","Female","Method - M2","Number","17803"
"Population Projections based on Census 2022","2057","91 years","Male","Method - M2","Number","11961"
"Population Projections based on Census 2022","2057","91 years","Female","Method - M2","Number","16030"
"Population Projections based on Census 2022","2057","92 years","Male","Method - M2","Number","10558"
"Population Projections based on Census 2022","2057","92 years","Female","Method - M2","Number","14713"
"Population Projections based on Census 2022","2057","93 years","Male","Method - M2","Number","8777"
"Population Projections based on Census 2022","2057","93 years","Female","Method - M2","Number","12568"
"Population Projections based on Census 2022","2057","94 years","Male","Method - M2","Number","7196"
"Population Projections based on Census 2022","2057","94 years","Female","Method - M2","Number","10622"
"Population Projections based on Census 2022","2057","95 years","Male","Method - M2","Number","5785"
"Population Projections based on Census 2022","2057","95 years","Female","Method - M2","Number","8792"
"Population Projections based on Census 2022","2057","96 years","Male","Method - M2","Number","4350"
"Population Projections based on Census 2022","2057","96 years","Female","Method - M2","Number","6991"
"Population Projections based on Census 2022","2057","97 years","Male","Method - M2","Number","3194"
"Population Projections based on Census 2022","2057","97 years","Female","Method - M2","Number","5300"
"Population Projections based on Census 2022","2057","98 years","Male","Method - M2","Number","2185"
"Population Projections based on Census 2022","2057","98 years","Female","Method - M2","Number","3756"
"Population Projections based on Census 2022","2057","99 years and over","Male","Method - M2","Number","3533"
"Population Projections based on Census 2022","2057","99 years and over","Female","Method - M2","Number","6910"
