Statistic Label,Census Year,Sex,Smoking Tobacco Products,Age Group,County,UNIT,VALUE
Population,2022,Both Sexes,Smoke daily,All Ages,State,Number,449703.0
Population,2022,Both Sexes,Smoke daily,0 - 14 years,State,Number,572.0
Population,2022,Both Sexes,Smoke daily,15-19 years,State,Number,8459.0
Population,2022,Both Sexes,Smoke daily,20-24 years,State,Number,30998.0
Population,2022,Both Sexes,Smoke daily,25-29 years,State,Number,39737.0
Population,2022,Both Sexes,Smoke daily,30-34 years,State,Number,44277.0
Population,2022,Both Sexes,Smoke daily,35-39 years,State,Number,50767.0
Population,2022,Both Sexes,Smoke daily,40-44 years,State,Number,52261.0
Population,2022,Both Sexes,Smoke daily,45-49 years,State,Number,47244.0
Population,2022,Both Sexes,Smoke daily,50-54 years,State,Number,45223.0
Population,2022,Both Sexes,Smoke daily,55-59 years,State,Number,39466.0
Population,2022,Both Sexes,Smoke daily,60-64 years,State,Number,32863.0
Population,2022,Both Sexes,Smoke daily,65-69 years,State,Number,24370.0
Population,2022,Both Sexes,Smoke daily,70-74 years,State,Number,16630.0
Population,2022,Both Sexes,Smoke daily,75-79 years,State,Number,9847.0
Population,2022,Both Sexes,Smoke daily,80-84 years,State,Number,4468.0
Population,2022,Both Sexes,Smoke daily,85-89 years,State,Number,2417.0
Population,2022,Both Sexes,Smoke daily,95 years and over,State,Number,104.0
Population,2022,Both Sexes,Smoke daily,All Ages,Carlow,Number,6329.0
Population,2022,Both Sexes,Smoke daily,0 - 14 years,Carlow,Number,
Population,2022,Both Sexes,Smoke daily,15-19 years,Carlow,Number,129.0
Population,2022,Both Sexes,Smoke daily,20-24 years,Carlow,Number,457.0
Population,2022,Both Sexes,Smoke daily,25-29 years,Carlow,Number,598.0
Population,2022,Both Sexes,Smoke daily,30-34 years,Carlow,Number,596.0
Population,2022,Both Sexes,Smoke daily,35-39 years,Carlow,Number,732.0
Population,2022,Both Sexes,Smoke daily,40-44 years,Carlow,Number,750.0
Population,2022,Both Sexes,Smoke daily,45-49 years,Carlow,Number,687.0
Population,2022,Both Sexes,Smoke daily,50-54 years,Carlow,Number,631.0
Population,2022,Both Sexes,Smoke daily,55-59 years,Carlow,Number,537.0
Population,2022,Both Sexes,Smoke daily,60-64 years,Carlow,Number,461.0
Population,2022,Both Sexes,Smoke daily,65-69 years,Carlow,Number,312.0
Population,2022,Both Sexes,Smoke daily,70-74 years,Carlow,Number,212.0
Population,2022,Both Sexes,Smoke daily,75-79 years,Carlow,Number,139.0
Population,2022,Both Sexes,Smoke daily,80-84 years,Carlow,Number,61.0
Population,2022,Both Sexes,Smoke daily,85-89 years,Carlow,Number,
Population,2022,Both Sexes,Smoke daily,95 years and over,Carlow,Number,0.0
Population,2022,Both Sexes,Smoke daily,All Ages,Dublin City,Number,57596.0
Population,2022,Both Sexes,Smoke daily,0 - 14 years,Dublin City,Number,
Population,2022,Both Sexes,Smoke daily,15-19 years,Dublin City,Number,848.0
Population,2022,Both Sexes,Smoke daily,20-24 years,Dublin City,Number,4121.0
Population,2022,Both Sexes,Smoke daily,25-29 years,Dublin City,Number,6193.0
Population,2022,Both Sexes,Smoke daily,30-34 years,Dublin City,Number,6497.0
Population,2022,Both Sexes,Smoke daily,35-39 years,Dublin City,Number,6259.0
Population,2022,Both Sexes,Smoke daily,40-44 years,Dublin City,Number,5947.0
Population,2022,Both Sexes,Smoke daily,45-49 years,Dublin City,Number,5323.0
Population,2022,Both Sexes,Smoke daily,50-54 years,Dublin City,Number,5625.0
Population,2022,Both Sexes,Smoke daily,55-59 years,Dublin City,Number,5056.0
Population,2022,Both Sexes,Smoke daily,60-64 years,Dublin City,Number,4241.0
Population,2022,Both Sexes,Smoke daily,65-69 years,Dublin City,Number,3081.0
Population,2022,Both Sexes,Smoke daily,70-74 years,Dublin City,Number,2116.0
Population,2022,Both Sexes,Smoke daily,75-79 years,Dublin City,Number,1207.0
Population,2022,Both Sexes,Smoke daily,80-84 years,Dublin City,Number,643.0
Population,2022,Both Sexes,Smoke daily,85-89 years,Dublin City,Number,373.0
Population,2022,Both Sexes,Smoke daily,95 years and over,Dublin City,Number,
Population,2022,Both Sexes,Smoke daily,All Ages,Dun Laoghaire-Rathdown,Number,14271.0
Population,2022,Both Sexes,Smoke daily,0 - 14 years,Dun Laoghaire-Rathdown,Number,
Population,2022,Both Sexes,Smoke daily,15-19 years,Dun Laoghaire-Rathdown,Number,265.0
Population,2022,Both Sexes,Smoke daily,20-24 years,Dun Laoghaire-Rathdown,Number,1075.0
Population,2022,Both Sexes,Smoke daily,25-29 years,Dun Laoghaire-Rathdown,Number,1310.0
Population,2022,Both Sexes,Smoke daily,30-34 years,Dun Laoghaire-Rathdown,Number,1311.0
Population,2022,Both Sexes,Smoke daily,35-39 years,Dun Laoghaire-Rathdown,Number,1336.0
Population,2022,Both Sexes,Smoke daily,40-44 years,Dun Laoghaire-Rathdown,Number,1504.0
Population,2022,Both Sexes,Smoke daily,45-49 years,Dun Laoghaire-Rathdown,Number,1336.0
Population,2022,Both Sexes,Smoke daily,50-54 years,Dun Laoghaire-Rathdown,Number,1352.0
Population,2022,Both Sexes,Smoke daily,55-59 years,Dun Laoghaire-Rathdown,Number,1372.0
Population,2022,Both Sexes,Smoke daily,60-64 years,Dun Laoghaire-Rathdown,Number,1167.0
Population,2022,Both Sexes,Smoke daily,65-69 years,Dun Laoghaire-Rathdown,Number,875.0
Population,2022,Both Sexes,Smoke daily,70-74 years,Dun Laoghaire-Rathdown,Number,658.0
Population,2022,Both Sexes,Smoke daily,75-79 years,Dun Laoghaire-Rathdown,Number,377.0
Population,2022,Both Sexes,Smoke daily,80-84 years,Dun Laoghaire-Rathdown,Number,199.0
Population,2022,Both Sexes,Smoke daily,85-89 years,Dun Laoghaire-Rathdown,Number,113.0
Population,2022,Both Sexes,Smoke daily,95 years and over,Dun Laoghaire-Rathdown,Number,
Population,2022,Both Sexes,Smoke daily,All Ages,Fingal,Number,25081.0
Population,2022,Both Sexes,Smoke daily,0 - 14 years,Fingal,Number,
Population,2022,Both Sexes,Smoke daily,15-19 years,Fingal,Number,443.0
Population,2022,Both Sexes,Smoke daily,20-24 years,Fingal,Number,1631.0
Population,2022,Both Sexes,Smoke daily,25-29 years,Fingal,Number,2214.0
Population,2022,Both Sexes,Smoke daily,30-34 years,Fingal,Number,2639.0
Population,2022,Both Sexes,Smoke daily,35-39 years,Fingal,Number,3105.0
Population,2022,Both Sexes,Smoke daily,40-44 years,Fingal,Number,3347.0
Population,2022,Both Sexes,Smoke daily,45-49 years,Fingal,Number,2946.0
Population,2022,Both Sexes,Smoke daily,50-54 years,Fingal,Number,2461.0
Population,2022,Both Sexes,Smoke daily,55-59 years,Fingal,Number,2061.0
Population,2022,Both Sexes,Smoke daily,60-64 years,Fingal,Number,1679.0
Population,2022,Both Sexes,Smoke daily,65-69 years,Fingal,Number,1158.0
Population,2022,Both Sexes,Smoke daily,70-74 years,Fingal,Number,702.0
Population,2022,Both Sexes,Smoke daily,75-79 years,Fingal,Number,419.0
Population,2022,Both Sexes,Smoke daily,80-84 years,Fingal,Number,147.0
Population,2022,Both Sexes,Smoke daily,85-89 years,Fingal,Number,91.0
Population,2022,Both Sexes,Smoke daily,95 years and over,Fingal,Number,
Population,2022,Both Sexes,Smoke daily,All Ages,South Dublin,Number,27413.0
Population,2022,Both Sexes,Smoke daily,0 - 14 years,South Dublin,Number,
Population,2022,Both Sexes,Smoke daily,15-19 years,South Dublin,Number,448.0
Population,2022,Both Sexes,Smoke daily,20-24 years,South Dublin,Number,1815.0
Population,2022,Both Sexes,Smoke daily,25-29 years,South Dublin,Number,2336.0
Population,2022,Both Sexes,Smoke daily,30-34 years,South Dublin,Number,2698.0
Population,2022,Both Sexes,Smoke daily,35-39 years,South Dublin,Number,3345.0
Population,2022,Both Sexes,Smoke daily,40-44 years,South Dublin,Number,3522.0
Population,2022,Both Sexes,Smoke daily,45-49 years,South Dublin,Number,2934.0
Population,2022,Both Sexes,Smoke daily,50-54 years,South Dublin,Number,2632.0
Population,2022,Both Sexes,Smoke daily,55-59 years,South Dublin,Number,2280.0
Population,2022,Both Sexes,Smoke daily,60-64 years,South Dublin,Number,1966.0
Population,2022,Both Sexes,Smoke daily,65-69 years,South Dublin,Number,1515.0
Population,2022,Both Sexes,Smoke daily,70-74 years,South Dublin,Number,1088.0
Population,2022,Both Sexes,Smoke daily,75-79 years,South Dublin,Number,501.0
Population,2022,Both Sexes,Smoke daily,80-84 years,South Dublin,Number,208.0
Population,2022,Both Sexes,Smoke daily,85-89 years,South Dublin,Number,
Population,2022,Both Sexes,Smoke daily,95 years and over,South Dublin,Number,
Population,2022,Both Sexes,Smoke daily,All Ages,Kildare,Number,20537.0
Population,2022,Both Sexes,Smoke daily,0 - 14 years,Kildare,Number,
Population,2022,Both Sexes,Smoke daily,15-19 years,Kildare,Number,407.0
Population,2022,Both Sexes,Smoke daily,20-24 years,Kildare,Number,1547.0
Population,2022,Both Sexes,Smoke daily,25-29 years,Kildare,Number,1854.0
Population,2022,Both Sexes,Smoke daily,30-34 years,Kildare,Number,2056.0
Population,2022,Both Sexes,Smoke daily,35-39 years,Kildare,Number,2517.0
Population,2022,Both Sexes,Smoke daily,40-44 years,Kildare,Number,2604.0
Population,2022,Both Sexes,Smoke daily,45-49 years,Kildare,Number,2276.0
Population,2022,Both Sexes,Smoke daily,50-54 years,Kildare,Number,2044.0
Population,2022,Both Sexes,Smoke daily,55-59 years,Kildare,Number,1722.0
Population,2022,Both Sexes,Smoke daily,60-64 years,Kildare,Number,1295.0
Population,2022,Both Sexes,Smoke daily,65-69 years,Kildare,Number,970.0
Population,2022,Both Sexes,Smoke daily,70-74 years,Kildare,Number,625.0
Population,2022,Both Sexes,Smoke daily,75-79 years,Kildare,Number,369.0
Population,2022,Both Sexes,Smoke daily,80-84 years,Kildare,Number,143.0
Population,2022,Both Sexes,Smoke daily,85-89 years,Kildare,Number,67.0
Population,2022,Both Sexes,Smoke daily,95 years and over,Kildare,Number,
Population,2022,Both Sexes,Smoke daily,All Ages,Kilkenny,Number,8973.0
Population,2022,Both Sexes,Smoke daily,0 - 14 years,Kilkenny,Number,
Population,2022,Both Sexes,Smoke daily,15-19 years,Kilkenny,Number,177.0
Population,2022,Both Sexes,Smoke daily,20-24 years,Kilkenny,Number,535.0
Population,2022,Both Sexes,Smoke daily,25-29 years,Kilkenny,Number,715.0
Population,2022,Both Sexes,Smoke daily,30-34 years,Kilkenny,Number,860.0
Population,2022,Both Sexes,Smoke daily,35-39 years,Kilkenny,Number,972.0
Population,2022,Both Sexes,Smoke daily,40-44 years,Kilkenny,Number,1058.0
Population,2022,Both Sexes,Smoke daily,45-49 years,Kilkenny,Number,1034.0
Population,2022,Both Sexes,Smoke daily,50-54 years,Kilkenny,Number,923.0
Population,2022,Both Sexes,Smoke daily,55-59 years,Kilkenny,Number,824.0
Population,2022,Both Sexes,Smoke daily,60-64 years,Kilkenny,Number,705.0
Population,2022,Both Sexes,Smoke daily,65-69 years,Kilkenny,Number,501.0
Population,2022,Both Sexes,Smoke daily,70-74 years,Kilkenny,Number,320.0
Population,2022,Both Sexes,Smoke daily,75-79 years,Kilkenny,Number,201.0
Population,2022,Both Sexes,Smoke daily,80-84 years,Kilkenny,Number,85.0
Population,2022,Both Sexes,Smoke daily,85-89 years,Kilkenny,Number,52.0
Population,2022,Both Sexes,Smoke daily,95 years and over,Kilkenny,Number,
Population,2022,Both Sexes,Smoke daily,All Ages,Laois,Number,8980.0
Population,2022,Both Sexes,Smoke daily,0 - 14 years,Laois,Number,
Population,2022,Both Sexes,Smoke daily,15-19 years,Laois,Number,180.0
Population,2022,Both Sexes,Smoke daily,20-24 years,Laois,Number,557.0
Population,2022,Both Sexes,Smoke daily,25-29 years,Laois,Number,719.0
Population,2022,Both Sexes,Smoke daily,30-34 years,Laois,Number,865.0
Population,2022,Both Sexes,Smoke daily,35-39 years,Laois,Number,1144.0
Population,2022,Both Sexes,Smoke daily,40-44 years,Laois,Number,1187.0
Population,2022,Both Sexes,Smoke daily,45-49 years,Laois,Number,970.0
Population,2022,Both Sexes,Smoke daily,50-54 years,Laois,Number,976.0
Population,2022,Both Sexes,Smoke daily,55-59 years,Laois,Number,721.0
Population,2022,Both Sexes,Smoke daily,60-64 years,Laois,Number,605.0
Population,2022,Both Sexes,Smoke daily,65-69 years,Laois,Number,447.0
Population,2022,Both Sexes,Smoke daily,70-74 years,Laois,Number,291.0
Population,2022,Both Sexes,Smoke daily,75-79 years,Laois,Number,191.0
Population,2022,Both Sexes,Smoke daily,80-84 years,Laois,Number,73.0
Population,2022,Both Sexes,Smoke daily,85-89 years,Laois,Number,35.0
Population,2022,Both Sexes,Smoke daily,95 years and over,Laois,Number,
Population,2022,Both Sexes,Smoke daily,All Ages,Longford,Number,4514.0
Population,2022,Both Sexes,Smoke daily,0 - 14 years,Longford,Number,
Population,2022,Both Sexes,Smoke daily,15-19 years,Longford,Number,99.0
Population,2022,Both Sexes,Smoke daily,20-24 years,Longford,Number,277.0
Population,2022,Both Sexes,Smoke daily,25-29 years,Longford,Number,368.0
Population,2022,Both Sexes,Smoke daily,30-34 years,Longford,Number,478.0
Population,2022,Both Sexes,Smoke daily,35-39 years,Longford,Number,510.0
Population,2022,Both Sexes,Smoke daily,40-44 years,Longford,Number,559.0
Population,2022,Both Sexes,Smoke daily,45-49 years,Longford,Number,450.0
Population,2022,Both Sexes,Smoke daily,50-54 years,Longford,Number,487.0
Population,2022,Both Sexes,Smoke daily,55-59 years,Longford,Number,393.0
Population,2022,Both Sexes,Smoke daily,60-64 years,Longford,Number,321.0
Population,2022,Both Sexes,Smoke daily,65-69 years,Longford,Number,230.0
Population,2022,Both Sexes,Smoke daily,70-74 years,Longford,Number,168.0
Population,2022,Both Sexes,Smoke daily,75-79 years,Longford,Number,98.0
Population,2022,Both Sexes,Smoke daily,80-84 years,Longford,Number,46.0
Population,2022,Both Sexes,Smoke daily,85-89 years,Longford,Number,23.0
Population,2022,Both Sexes,Smoke daily,95 years and over,Longford,Number,
Population,2022,Both Sexes,Smoke daily,All Ages,Louth,Number,13318.0
Population,2022,Both Sexes,Smoke daily,0 - 14 years,Louth,Number,
Population,2022,Both Sexes,Smoke daily,15-19 years,Louth,Number,264.0
Population,2022,Both Sexes,Smoke daily,20-24 years,Louth,Number,856.0
Population,2022,Both Sexes,Smoke daily,25-29 years,Louth,Number,1101.0
Population,2022,Both Sexes,Smoke daily,30-34 years,Louth,Number,1306.0
Population,2022,Both Sexes,Smoke daily,35-39 years,Louth,Number,1509.0
Population,2022,Both Sexes,Smoke daily,40-44 years,Louth,Number,1616.0
Population,2022,Both Sexes,Smoke daily,45-49 years,Louth,Number,1469.0
Population,2022,Both Sexes,Smoke daily,50-54 years,Louth,Number,1406.0
Population,2022,Both Sexes,Smoke daily,55-59 years,Louth,Number,1121.0
Population,2022,Both Sexes,Smoke daily,60-64 years,Louth,Number,968.0
Population,2022,Both Sexes,Smoke daily,65-69 years,Louth,Number,690.0
Population,2022,Both Sexes,Smoke daily,70-74 years,Louth,Number,518.0
Population,2022,Both Sexes,Smoke daily,75-79 years,Louth,Number,305.0
Population,2022,Both Sexes,Smoke daily,80-84 years,Louth,Number,
Population,2022,Both Sexes,Smoke daily,85-89 years,Louth,Number,57.0
Population,2022,Both Sexes,Smoke daily,95 years and over,Louth,Number,
Population,2022,Both Sexes,Smoke daily,All Ages,Meath,Number,18468.0
Population,2022,Both Sexes,Smoke daily,0 - 14 years,Meath,Number,
Population,2022,Both Sexes,Smoke daily,15-19 years,Meath,Number,355.0
Population,2022,Both Sexes,Smoke daily,20-24 years,Meath,Number,1201.0
Population,2022,Both Sexes,Smoke daily,25-29 years,Meath,Number,1456.0
Population,2022,Both Sexes,Smoke daily,30-34 years,Meath,Number,1844.0
Population,2022,Both Sexes,Smoke daily,35-39 years,Meath,Number,2286.0
Population,2022,Both Sexes,Smoke daily,40-44 years,Meath,Number,2346.0
Population,2022,Both Sexes,Smoke daily,45-49 years,Meath,Number,2217.0
Population,2022,Both Sexes,Smoke daily,50-54 years,Meath,Number,1836.0
Population,2022,Both Sexes,Smoke daily,55-59 years,Meath,Number,1584.0
Population,2022,Both Sexes,Smoke daily,60-64 years,Meath,Number,1225.0
Population,2022,Both Sexes,Smoke daily,65-69 years,Meath,Number,925.0
Population,2022,Both Sexes,Smoke daily,70-74 years,Meath,Number,598.0
Population,2022,Both Sexes,Smoke daily,75-79 years,Meath,Number,358.0
Population,2022,Both Sexes,Smoke daily,80-84 years,Meath,Number,139.0
Population,2022,Both Sexes,Smoke daily,85-89 years,Meath,Number,60.0
Population,2022,Both Sexes,Smoke daily,95 years and over,Meath,Number,
Population,2022,Both Sexes,Smoke daily,All Ages,Offaly,Number,8350.0
Population,2022,Both Sexes,Smoke daily,0 - 14 years,Offaly,Number,
Population,2022,Both Sexes,Smoke daily,15-19 years,Offaly,Number,150.0
Population,2022,Both Sexes,Smoke daily,20-24 years,Offaly,Number,540.0
Population,2022,Both Sexes,Smoke daily,25-29 years,Offaly,Number,745.0
Population,2022,Both Sexes,Smoke daily,30-34 years,Offaly,Number,851.0
Population,2022,Both Sexes,Smoke daily,35-39 years,Offaly,Number,967.0
Population,2022,Both Sexes,Smoke daily,40-44 years,Offaly,Number,987.0
Population,2022,Both Sexes,Smoke daily,45-49 years,Offaly,Number,900.0
Population,2022,Both Sexes,Smoke daily,50-54 years,Offaly,Number,813.0
Population,2022,Both Sexes,Smoke daily,55-59 years,Offaly,Number,755.0
Population,2022,Both Sexes,Smoke daily,60-64 years,Offaly,Number,619.0
Population,2022,Both Sexes,Smoke daily,65-69 years,Offaly,Number,422.0
Population,2022,Both Sexes,Smoke daily,70-74 years,Offaly,Number,280.0
Population,2022,Both Sexes,Smoke daily,75-79 years,Offaly,Number,188.0
Population,2022,Both Sexes,Smoke daily,80-84 years,Offaly,Number,78.0
Population,2022,Both Sexes,Smoke daily,85-89 years,Offaly,Number,41.0
Population,2022,Both Sexes,Smoke daily,95 years and over,Offaly,Number,
Population,2022,Both Sexes,Smoke daily,All Ages,Westmeath,Number,9322.0
Population,2022,Both Sexes,Smoke daily,0 - 14 years,Westmeath,Number,
Population,2022,Both Sexes,Smoke daily,15-19 years,Westmeath,Number,202.0
Population,2022,Both Sexes,Smoke daily,20-24 years,Westmeath,Number,629.0
Population,2022,Both Sexes,Smoke daily,25-29 years,Westmeath,Number,864.0
Population,2022,Both Sexes,Smoke daily,30-34 years,Westmeath,Number,908.0
Population,2022,Both Sexes,Smoke daily,35-39 years,Westmeath,Number,1055.0
Population,2022,Both Sexes,Smoke daily,40-44 years,Westmeath,Number,1062.0
Population,2022,Both Sexes,Smoke daily,45-49 years,Westmeath,Number,964.0
Population,2022,Both Sexes,Smoke daily,50-54 years,Westmeath,Number,972.0
Population,2022,Both Sexes,Smoke daily,55-59 years,Westmeath,Number,834.0
Population,2022,Both Sexes,Smoke daily,60-64 years,Westmeath,Number,687.0
Population,2022,Both Sexes,Smoke daily,65-69 years,Westmeath,Number,491.0
Population,2022,Both Sexes,Smoke daily,70-74 years,Westmeath,Number,330.0
Population,2022,Both Sexes,Smoke daily,75-79 years,Westmeath,Number,174.0
Population,2022,Both Sexes,Smoke daily,80-84 years,Westmeath,Number,90.0
Population,2022,Both Sexes,Smoke daily,85-89 years,Westmeath,Number,48.0
Population,2022,Both Sexes,Smoke daily,95 years and over,Westmeath,Number,
Population,2022,Both Sexes,Smoke daily,All Ages,Wexford,Number,17014.0
Population,2022,Both Sexes,Smoke daily,0 - 14 years,Wexford,Number,29.0
Population,2022,Both Sexes,Smoke daily,15-19 years,Wexford,Number,303.0
Population,2022,Both Sexes,Smoke daily,20-24 years,Wexford,Number,1158.0
Population,2022,Both Sexes,Smoke daily,25-29 years,Wexford,Number,1434.0
Population,2022,Both Sexes,Smoke daily,30-34 years,Wexford,Number,1667.0
Population,2022,Both Sexes,Smoke daily,35-39 years,Wexford,Number,1860.0
Population,2022,Both Sexes,Smoke daily,40-44 years,Wexford,Number,2024.0
Population,2022,Both Sexes,Smoke daily,45-49 years,Wexford,Number,1749.0
Population,2022,Both Sexes,Smoke daily,50-54 years,Wexford,Number,1772.0
Population,2022,Both Sexes,Smoke daily,55-59 years,Wexford,Number,1568.0
Population,2022,Both Sexes,Smoke daily,60-64 years,Wexford,Number,1282.0
Population,2022,Both Sexes,Smoke daily,65-69 years,Wexford,Number,918.0
Population,2022,Both Sexes,Smoke daily,70-74 years,Wexford,Number,616.0
Population,2022,Both Sexes,Smoke daily,75-79 years,Wexford,Number,349.0
Population,2022,Both Sexes,Smoke daily,80-84 years,Wexford,Number,190.0
Population,2022,Both Sexes,Smoke daily,85-89 years,Wexford,Number,87.0
Population,2022,Both Sexes,Smoke daily,95 years and over,Wexford,Number,8.0
Population,2022,Both Sexes,Smoke daily,All Ages,Wicklow,Number,13424.0
Population,2022,Both Sexes,Smoke daily,0 - 14 years,Wicklow,Number,
Population,2022,Both Sexes,Smoke daily,15-19 years,Wicklow,Number,265.0
Population,2022,Both Sexes,Smoke daily,20-24 years,Wicklow,Number,916.0
Population,2022,Both Sexes,Smoke daily,25-29 years,Wicklow,Number,990.0
Population,2022,Both Sexes,Smoke daily,30-34 years,Wicklow,Number,1205.0
Population,2022,Both Sexes,Smoke daily,35-39 years,Wicklow,Number,1532.0
Population,2022,Both Sexes,Smoke daily,40-44 years,Wicklow,Number,1580.0
Population,2022,Both Sexes,Smoke daily,45-49 years,Wicklow,Number,1442.0
Population,2022,Both Sexes,Smoke daily,50-54 years,Wicklow,Number,1399.0
Population,2022,Both Sexes,Smoke daily,55-59 years,Wicklow,Number,1275.0
Population,2022,Both Sexes,Smoke daily,60-64 years,Wicklow,Number,1025.0
Population,2022,Both Sexes,Smoke daily,65-69 years,Wicklow,Number,741.0
Population,2022,Both Sexes,Smoke daily,70-74 years,Wicklow,Number,528.0
Population,2022,Both Sexes,Smoke daily,75-79 years,Wicklow,Number,301.0
Population,2022,Both Sexes,Smoke daily,80-84 years,Wicklow,Number,148.0
Population,2022,Both Sexes,Smoke daily,85-89 years,Wicklow,Number,59.0
Population,2022,Both Sexes,Smoke daily,95 years and over,Wicklow,Number,
Population,2022,Both Sexes,Smoke daily,All Ages,Clare,Number,10649.0
Population,2022,Both Sexes,Smoke daily,0 - 14 years,Clare,Number,
Population,2022,Both Sexes,Smoke daily,15-19 years,Clare,Number,191.0
Population,2022,Both Sexes,Smoke daily,20-24 years,Clare,Number,656.0
Population,2022,Both Sexes,Smoke daily,25-29 years,Clare,Number,865.0
Population,2022,Both Sexes,Smoke daily,30-34 years,Clare,Number,928.0
Population,2022,Both Sexes,Smoke daily,35-39 years,Clare,Number,1123.0
Population,2022,Both Sexes,Smoke daily,40-44 years,Clare,Number,1150.0
Population,2022,Both Sexes,Smoke daily,45-49 years,Clare,Number,1216.0
Population,2022,Both Sexes,Smoke daily,50-54 years,Clare,Number,1208.0
Population,2022,Both Sexes,Smoke daily,55-59 years,Clare,Number,1001.0
Population,2022,Both Sexes,Smoke daily,60-64 years,Clare,Number,842.0
Population,2022,Both Sexes,Smoke daily,65-69 years,Clare,Number,597.0
Population,2022,Both Sexes,Smoke daily,70-74 years,Clare,Number,441.0
Population,2022,Both Sexes,Smoke daily,75-79 years,Clare,Number,244.0
Population,2022,Both Sexes,Smoke daily,80-84 years,Clare,Number,110.0
Population,2022,Both Sexes,Smoke daily,85-89 years,Clare,Number,
Population,2022,Both Sexes,Smoke daily,95 years and over,Clare,Number,
Population,2022,Both Sexes,Smoke daily,All Ages,Cork City,Number,21001.0
Population,2022,Both Sexes,Smoke daily,0 - 14 years,Cork City,Number,
Population,2022,Both Sexes,Smoke daily,15-19 years,Cork City,Number,432.0
Population,2022,Both Sexes,Smoke daily,20-24 years,Cork City,Number,1885.0
Population,2022,Both Sexes,Smoke daily,25-29 years,Cork City,Number,2261.0
Population,2022,Both Sexes,Smoke daily,30-34 years,Cork City,Number,2207.0
Population,2022,Both Sexes,Smoke daily,35-39 years,Cork City,Number,2289.0
Population,2022,Both Sexes,Smoke daily,40-44 years,Cork City,Number,2240.0
Population,2022,Both Sexes,Smoke daily,45-49 years,Cork City,Number,1893.0
Population,2022,Both Sexes,Smoke daily,50-54 years,Cork City,Number,1970.0
Population,2022,Both Sexes,Smoke daily,55-59 years,Cork City,Number,1764.0
Population,2022,Both Sexes,Smoke daily,60-64 years,Cork City,Number,1509.0
Population,2022,Both Sexes,Smoke daily,65-69 years,Cork City,Number,1074.0
Population,2022,Both Sexes,Smoke daily,70-74 years,Cork City,Number,747.0
Population,2022,Both Sexes,Smoke daily,75-79 years,Cork City,Number,389.0
Population,2022,Both Sexes,Smoke daily,80-84 years,Cork City,Number,197.0
Population,2022,Both Sexes,Smoke daily,85-89 years,Cork City,Number,107.0
Population,2022,Both Sexes,Smoke daily,95 years and over,Cork City,Number,
Population,2022,Both Sexes,Smoke daily,All Ages,Cork County,Number,28614.0
Population,2022,Both Sexes,Smoke daily,0 - 14 years,Cork County,Number,55.0
Population,2022,Both Sexes,Smoke daily,15-19 years,Cork County,Number,619.0
Population,2022,Both Sexes,Smoke daily,20-24 years,Cork County,Number,1809.0
Population,2022,Both Sexes,Smoke daily,25-29 years,Cork County,Number,2178.0
Population,2022,Both Sexes,Smoke daily,30-34 years,Cork County,Number,2698.0
Population,2022,Both Sexes,Smoke daily,35-39 years,Cork County,Number,3328.0
Population,2022,Both Sexes,Smoke daily,40-44 years,Cork County,Number,3495.0
Population,2022,Both Sexes,Smoke daily,45-49 years,Cork County,Number,3250.0
Population,2022,Both Sexes,Smoke daily,50-54 years,Cork County,Number,3024.0
Population,2022,Both Sexes,Smoke daily,55-59 years,Cork County,Number,2589.0
Population,2022,Both Sexes,Smoke daily,60-64 years,Cork County,Number,1980.0
Population,2022,Both Sexes,Smoke daily,65-69 years,Cork County,Number,1611.0
Population,2022,Both Sexes,Smoke daily,70-74 years,Cork County,Number,941.0
Population,2022,Both Sexes,Smoke daily,75-79 years,Cork County,Number,591.0
Population,2022,Both Sexes,Smoke daily,80-84 years,Cork County,Number,301.0
Population,2022,Both Sexes,Smoke daily,85-89 years,Cork County,Number,139.0
Population,2022,Both Sexes,Smoke daily,95 years and over,Cork County,Number,6.0
Population,2022,Both Sexes,Smoke daily,All Ages,Kerry,Number,13497.0
Population,2022,Both Sexes,Smoke daily,0 - 14 years,Kerry,Number,
Population,2022,Both Sexes,Smoke daily,15-19 years,Kerry,Number,214.0
Population,2022,Both Sexes,Smoke daily,20-24 years,Kerry,Number,818.0
Population,2022,Both Sexes,Smoke daily,25-29 years,Kerry,Number,1110.0
Population,2022,Both Sexes,Smoke daily,30-34 years,Kerry,Number,1256.0
Population,2022,Both Sexes,Smoke daily,35-39 years,Kerry,Number,1432.0
Population,2022,Both Sexes,Smoke daily,40-44 years,Kerry,Number,1517.0
Population,2022,Both Sexes,Smoke daily,45-49 years,Kerry,Number,1426.0
Population,2022,Both Sexes,Smoke daily,50-54 years,Kerry,Number,1418.0
Population,2022,Both Sexes,Smoke daily,55-59 years,Kerry,Number,1261.0
Population,2022,Both Sexes,Smoke daily,60-64 years,Kerry,Number,1044.0
Population,2022,Both Sexes,Smoke daily,65-69 years,Kerry,Number,842.0
Population,2022,Both Sexes,Smoke daily,70-74 years,Kerry,Number,556.0
Population,2022,Both Sexes,Smoke daily,75-79 years,Kerry,Number,345.0
Population,2022,Both Sexes,Smoke daily,80-84 years,Kerry,Number,153.0
Population,2022,Both Sexes,Smoke daily,85-89 years,Kerry,Number,80.0
Population,2022,Both Sexes,Smoke daily,95 years and over,Kerry,Number,
Population,2022,Both Sexes,Smoke daily,All Ages,Limerick City and County,Number,18726.0
Population,2022,Both Sexes,Smoke daily,0 - 14 years,Limerick City and County,Number,
Population,2022,Both Sexes,Smoke daily,15-19 years,Limerick City and County,Number,358.0
Population,2022,Both Sexes,Smoke daily,20-24 years,Limerick City and County,Number,1396.0
Population,2022,Both Sexes,Smoke daily,25-29 years,Limerick City and County,Number,1646.0
Population,2022,Both Sexes,Smoke daily,30-34 years,Limerick City and County,Number,1800.0
Population,2022,Both Sexes,Smoke daily,35-39 years,Limerick City and County,Number,2134.0
Population,2022,Both Sexes,Smoke daily,40-44 years,Limerick City and County,Number,2084.0
Population,2022,Both Sexes,Smoke daily,45-49 years,Limerick City and County,Number,1892.0
Population,2022,Both Sexes,Smoke daily,50-54 years,Limerick City and County,Number,1869.0
Population,2022,Both Sexes,Smoke daily,55-59 years,Limerick City and County,Number,1577.0
Population,2022,Both Sexes,Smoke daily,60-64 years,Limerick City and County,Number,1393.0
Population,2022,Both Sexes,Smoke daily,65-69 years,Limerick City and County,Number,1044.0
Population,2022,Both Sexes,Smoke daily,70-74 years,Limerick City and County,Number,768.0
Population,2022,Both Sexes,Smoke daily,75-79 years,Limerick City and County,Number,451.0
Population,2022,Both Sexes,Smoke daily,80-84 years,Limerick City and County,Number,199.0
Population,2022,Both Sexes,Smoke daily,85-89 years,Limerick City and County,Number,97.0
Population,2022,Both Sexes,Smoke daily,95 years and over,Limerick City and County,Number,
Population,2022,Both Sexes,Smoke daily,All Ages,Tipperary,Number,16226.0
Population,2022,Both Sexes,Smoke daily,0 - 14 years,Tipperary,Number,
Population,2022,Both Sexes,Smoke daily,15-19 years,Tipperary,Number,332.0
Population,2022,Both Sexes,Smoke daily,20-24 years,Tipperary,Number,1016.0
Population,2022,Both Sexes,Smoke daily,25-29 years,Tipperary,Number,1307.0
Population,2022,Both Sexes,Smoke daily,30-34 years,Tipperary,Number,1460.0
Population,2022,Both Sexes,Smoke daily,35-39 years,Tipperary,Number,1784.0
Population,2022,Both Sexes,Smoke daily,40-44 years,Tipperary,Number,1887.0
Population,2022,Both Sexes,Smoke daily,45-49 years,Tipperary,Number,1824.0
Population,2022,Both Sexes,Smoke daily,50-54 years,Tipperary,Number,1646.0
Population,2022,Both Sexes,Smoke daily,55-59 years,Tipperary,Number,1516.0
Population,2022,Both Sexes,Smoke daily,60-64 years,Tipperary,Number,1257.0
Population,2022,Both Sexes,Smoke daily,65-69 years,Tipperary,Number,929.0
Population,2022,Both Sexes,Smoke daily,70-74 years,Tipperary,Number,591.0
Population,2022,Both Sexes,Smoke daily,75-79 years,Tipperary,Number,380.0
Population,2022,Both Sexes,Smoke daily,80-84 years,Tipperary,Number,175.0
Population,2022,Both Sexes,Smoke daily,85-89 years,Tipperary,Number,98.0
Population,2022,Both Sexes,Smoke daily,95 years and over,Tipperary,Number,
Population,2022,Both Sexes,Smoke daily,All Ages,Waterford City and County,Number,11664.0
Population,2022,Both Sexes,Smoke daily,0 - 14 years,Waterford City and County,Number,
Population,2022,Both Sexes,Smoke daily,15-19 years,Waterford City and County,Number,229.0
Population,2022,Both Sexes,Smoke daily,20-24 years,Waterford City and County,Number,875.0
Population,2022,Both Sexes,Smoke daily,25-29 years,Waterford City and County,Number,997.0
Population,2022,Both Sexes,Smoke daily,30-34 years,Waterford City and County,Number,1062.0
Population,2022,Both Sexes,Smoke daily,35-39 years,Waterford City and County,Number,1245.0
Population,2022,Both Sexes,Smoke daily,40-44 years,Waterford City and County,Number,1383.0
Population,2022,Both Sexes,Smoke daily,45-49 years,Waterford City and County,Number,1171.0
Population,2022,Both Sexes,Smoke daily,50-54 years,Waterford City and County,Number,1234.0
Population,2022,Both Sexes,Smoke daily,55-59 years,Waterford City and County,Number,1054.0
Population,2022,Both Sexes,Smoke daily,60-64 years,Waterford City and County,Number,884.0
Population,2022,Both Sexes,Smoke daily,65-69 years,Waterford City and County,Number,632.0
Population,2022,Both Sexes,Smoke daily,70-74 years,Waterford City and County,Number,435.0
Population,2022,Both Sexes,Smoke daily,75-79 years,Waterford City and County,Number,275.0
Population,2022,Both Sexes,Smoke daily,80-84 years,Waterford City and County,Number,111.0
Population,2022,Both Sexes,Smoke daily,85-89 years,Waterford City and County,Number,70.0
Population,2022,Both Sexes,Smoke daily,95 years and over,Waterford City and County,Number,
Population,2022,Both Sexes,Smoke daily,All Ages,Galway City,Number,7859.0
Population,2022,Both Sexes,Smoke daily,0 - 14 years,Galway City,Number,
Population,2022,Both Sexes,Smoke daily,15-19 years,Galway City,Number,217.0
Population,2022,Both Sexes,Smoke daily,20-24 years,Galway City,Number,1127.0
Population,2022,Both Sexes,Smoke daily,25-29 years,Galway City,Number,1029.0
Population,2022,Both Sexes,Smoke daily,30-34 years,Galway City,Number,863.0
Population,2022,Both Sexes,Smoke daily,35-39 years,Galway City,Number,847.0
Population,2022,Both Sexes,Smoke daily,40-44 years,Galway City,Number,788.0
Population,2022,Both Sexes,Smoke daily,45-49 years,Galway City,Number,732.0
Population,2022,Both Sexes,Smoke daily,50-54 years,Galway City,Number,594.0
Population,2022,Both Sexes,Smoke daily,55-59 years,Galway City,Number,517.0
Population,2022,Both Sexes,Smoke daily,60-64 years,Galway City,Number,435.0
Population,2022,Both Sexes,Smoke daily,65-69 years,Galway City,Number,312.0
Population,2022,Both Sexes,Smoke daily,70-74 years,Galway City,Number,187.0
Population,2022,Both Sexes,Smoke daily,75-79 years,Galway City,Number,112.0
Population,2022,Both Sexes,Smoke daily,80-84 years,Galway City,Number,54.0
Population,2022,Both Sexes,Smoke daily,85-89 years,Galway City,Number,32.0
Population,2022,Both Sexes,Smoke daily,95 years and over,Galway City,Number,
Population,2022,Both Sexes,Smoke daily,All Ages,Galway County,Number,14212.0
Population,2022,Both Sexes,Smoke daily,0 - 14 years,Galway County,Number,
Population,2022,Both Sexes,Smoke daily,15-19 years,Galway County,Number,268.0
Population,2022,Both Sexes,Smoke daily,20-24 years,Galway County,Number,831.0
Population,2022,Both Sexes,Smoke daily,25-29 years,Galway County,Number,1047.0
Population,2022,Both Sexes,Smoke daily,30-34 years,Galway County,Number,1225.0
Population,2022,Both Sexes,Smoke daily,35-39 years,Galway County,Number,1539.0
Population,2022,Both Sexes,Smoke daily,40-44 years,Galway County,Number,1631.0
Population,2022,Both Sexes,Smoke daily,45-49 years,Galway County,Number,1541.0
Population,2022,Both Sexes,Smoke daily,50-54 years,Galway County,Number,1589.0
Population,2022,Both Sexes,Smoke daily,55-59 years,Galway County,Number,1268.0
Population,2022,Both Sexes,Smoke daily,60-64 years,Galway County,Number,1173.0
Population,2022,Both Sexes,Smoke daily,65-69 years,Galway County,Number,810.0
Population,2022,Both Sexes,Smoke daily,70-74 years,Galway County,Number,629.0
Population,2022,Both Sexes,Smoke daily,75-79 years,Galway County,Number,352.0
Population,2022,Both Sexes,Smoke daily,80-84 years,Galway County,Number,184.0
Population,2022,Both Sexes,Smoke daily,85-89 years,Galway County,Number,107.0
Population,2022,Both Sexes,Smoke daily,95 years and over,Galway County,Number,
Population,2022,Both Sexes,Smoke daily,All Ages,Leitrim,Number,3109.0
Population,2022,Both Sexes,Smoke daily,0 - 14 years,Leitrim,Number,
Population,2022,Both Sexes,Smoke daily,15-19 years,Leitrim,Number,75.0
Population,2022,Both Sexes,Smoke daily,20-24 years,Leitrim,Number,174.0
Population,2022,Both Sexes,Smoke daily,25-29 years,Leitrim,Number,262.0
Population,2022,Both Sexes,Smoke daily,30-34 years,Leitrim,Number,280.0
Population,2022,Both Sexes,Smoke daily,35-39 years,Leitrim,Number,334.0
Population,2022,Both Sexes,Smoke daily,40-44 years,Leitrim,Number,356.0
Population,2022,Both Sexes,Smoke daily,45-49 years,Leitrim,Number,325.0
Population,2022,Both Sexes,Smoke daily,50-54 years,Leitrim,Number,342.0
Population,2022,Both Sexes,Smoke daily,55-59 years,Leitrim,Number,282.0
Population,2022,Both Sexes,Smoke daily,60-64 years,Leitrim,Number,214.0
Population,2022,Both Sexes,Smoke daily,65-69 years,Leitrim,Number,200.0
Population,2022,Both Sexes,Smoke daily,70-74 years,Leitrim,Number,130.0
Population,2022,Both Sexes,Smoke daily,75-79 years,Leitrim,Number,74.0
Population,2022,Both Sexes,Smoke daily,80-84 years,Leitrim,Number,34.0
Population,2022,Both Sexes,Smoke daily,85-89 years,Leitrim,Number,
Population,2022,Both Sexes,Smoke daily,95 years and over,Leitrim,Number,0.0
Population,2022,Both Sexes,Smoke daily,All Ages,Mayo,Number,11312.0
Population,2022,Both Sexes,Smoke daily,0 - 14 years,Mayo,Number,
Population,2022,Both Sexes,Smoke daily,15-19 years,Mayo,Number,213.0
Population,2022,Both Sexes,Smoke daily,20-24 years,Mayo,Number,682.0
Population,2022,Both Sexes,Smoke daily,25-29 years,Mayo,Number,831.0
Population,2022,Both Sexes,Smoke daily,30-34 years,Mayo,Number,1072.0
Population,2022,Both Sexes,Smoke daily,35-39 years,Mayo,Number,1247.0
Population,2022,Both Sexes,Smoke daily,40-44 years,Mayo,Number,1240.0
Population,2022,Both Sexes,Smoke daily,45-49 years,Mayo,Number,1190.0
Population,2022,Both Sexes,Smoke daily,50-54 years,Mayo,Number,1087.0
Population,2022,Both Sexes,Smoke daily,55-59 years,Mayo,Number,998.0
Population,2022,Both Sexes,Smoke daily,60-64 years,Mayo,Number,902.0
Population,2022,Both Sexes,Smoke daily,65-69 years,Mayo,Number,724.0
Population,2022,Both Sexes,Smoke daily,70-74 years,Mayo,Number,524.0
Population,2022,Both Sexes,Smoke daily,75-79 years,Mayo,Number,349.0
Population,2022,Both Sexes,Smoke daily,80-84 years,Mayo,Number,135.0
Population,2022,Both Sexes,Smoke daily,85-89 years,Mayo,Number,102.0
Population,2022,Both Sexes,Smoke daily,95 years and over,Mayo,Number,
Population,2022,Both Sexes,Smoke daily,All Ages,Roscommon,Number,6183.0
Population,2022,Both Sexes,Smoke daily,0 - 14 years,Roscommon,Number,
Population,2022,Both Sexes,Smoke daily,15-19 years,Roscommon,Number,92.0
Population,2022,Both Sexes,Smoke daily,20-24 years,Roscommon,Number,339.0
Population,2022,Both Sexes,Smoke daily,25-29 years,Roscommon,Number,489.0
Population,2022,Both Sexes,Smoke daily,30-34 years,Roscommon,Number,564.0
Population,2022,Both Sexes,Smoke daily,35-39 years,Roscommon,Number,696.0
Population,2022,Both Sexes,Smoke daily,40-44 years,Roscommon,Number,700.0
Population,2022,Both Sexes,Smoke daily,45-49 years,Roscommon,Number,632.0
Population,2022,Both Sexes,Smoke daily,50-54 years,Roscommon,Number,612.0
Population,2022,Both Sexes,Smoke daily,55-59 years,Roscommon,Number,572.0
Population,2022,Both Sexes,Smoke daily,60-64 years,Roscommon,Number,505.0
Population,2022,Both Sexes,Smoke daily,65-69 years,Roscommon,Number,381.0
Population,2022,Both Sexes,Smoke daily,70-74 years,Roscommon,Number,277.0
Population,2022,Both Sexes,Smoke daily,75-79 years,Roscommon,Number,180.0
Population,2022,Both Sexes,Smoke daily,80-84 years,Roscommon,Number,73.0
Population,2022,Both Sexes,Smoke daily,85-89 years,Roscommon,Number,56.0
Population,2022,Both Sexes,Smoke daily,95 years and over,Roscommon,Number,
Population,2022,Both Sexes,Smoke daily,All Ages,Sligo,Number,5912.0
Population,2022,Both Sexes,Smoke daily,0 - 14 years,Sligo,Number,
Population,2022,Both Sexes,Smoke daily,15-19 years,Sligo,Number,142.0
Population,2022,Both Sexes,Smoke daily,20-24 years,Sligo,Number,489.0
Population,2022,Both Sexes,Smoke daily,25-29 years,Sligo,Number,526.0
Population,2022,Both Sexes,Smoke daily,30-34 years,Sligo,Number,501.0
Population,2022,Both Sexes,Smoke daily,35-39 years,Sligo,Number,612.0
Population,2022,Both Sexes,Smoke daily,40-44 years,Sligo,Number,599.0
Population,2022,Both Sexes,Smoke daily,45-49 years,Sligo,Number,574.0
Population,2022,Both Sexes,Smoke daily,50-54 years,Sligo,Number,526.0
Population,2022,Both Sexes,Smoke daily,55-59 years,Sligo,Number,558.0
Population,2022,Both Sexes,Smoke daily,60-64 years,Sligo,Number,492.0
Population,2022,Both Sexes,Smoke daily,65-69 years,Sligo,Number,368.0
Population,2022,Both Sexes,Smoke daily,70-74 years,Sligo,Number,233.0
Population,2022,Both Sexes,Smoke daily,75-79 years,Sligo,Number,165.0
Population,2022,Both Sexes,Smoke daily,80-84 years,Sligo,Number,79.0
Population,2022,Both Sexes,Smoke daily,85-89 years,Sligo,Number,42.0
Population,2022,Both Sexes,Smoke daily,95 years and over,Sligo,Number,
Population,2022,Both Sexes,Smoke daily,All Ages,Cavan,Number,7901.0
Population,2022,Both Sexes,Smoke daily,0 - 14 years,Cavan,Number,
Population,2022,Both Sexes,Smoke daily,15-19 years,Cavan,Number,178.0
Population,2022,Both Sexes,Smoke daily,20-24 years,Cavan,Number,545.0
Population,2022,Both Sexes,Smoke daily,25-29 years,Cavan,Number,701.0
Population,2022,Both Sexes,Smoke daily,30-34 years,Cavan,Number,813.0
Population,2022,Both Sexes,Smoke daily,35-39 years,Cavan,Number,944.0
Population,2022,Both Sexes,Smoke daily,40-44 years,Cavan,Number,928.0
Population,2022,Both Sexes,Smoke daily,45-49 years,Cavan,Number,848.0
Population,2022,Both Sexes,Smoke daily,50-54 years,Cavan,Number,793.0
Population,2022,Both Sexes,Smoke daily,55-59 years,Cavan,Number,674.0
Population,2022,Both Sexes,Smoke daily,60-64 years,Cavan,Number,520.0
Population,2022,Both Sexes,Smoke daily,65-69 years,Cavan,Number,411.0
Population,2022,Both Sexes,Smoke daily,70-74 years,Cavan,Number,255.0
Population,2022,Both Sexes,Smoke daily,75-79 years,Cavan,Number,170.0
Population,2022,Both Sexes,Smoke daily,80-84 years,Cavan,Number,65.0
Population,2022,Both Sexes,Smoke daily,85-89 years,Cavan,Number,41.0
Population,2022,Both Sexes,Smoke daily,95 years and over,Cavan,Number,
Population,2022,Both Sexes,Smoke daily,All Ages,Donegal,Number,13532.0
Population,2022,Both Sexes,Smoke daily,0 - 14 years,Donegal,Number,
Population,2022,Both Sexes,Smoke daily,15-19 years,Donegal,Number,256.0
Population,2022,Both Sexes,Smoke daily,20-24 years,Donegal,Number,737.0
Population,2022,Both Sexes,Smoke daily,25-29 years,Donegal,Number,1100.0
Population,2022,Both Sexes,Smoke daily,30-34 years,Donegal,Number,1227.0
Population,2022,Both Sexes,Smoke daily,35-39 years,Donegal,Number,1397.0
Population,2022,Both Sexes,Smoke daily,40-44 years,Donegal,Number,1493.0
Population,2022,Both Sexes,Smoke daily,45-49 years,Donegal,Number,1412.0
Population,2022,Both Sexes,Smoke daily,50-54 years,Donegal,Number,1423.0
Population,2022,Both Sexes,Smoke daily,55-59 years,Donegal,Number,1216.0
Population,2022,Both Sexes,Smoke daily,60-64 years,Donegal,Number,1040.0
Population,2022,Both Sexes,Smoke daily,65-69 years,Donegal,Number,836.0
Population,2022,Both Sexes,Smoke daily,70-74 years,Donegal,Number,644.0
Population,2022,Both Sexes,Smoke daily,75-79 years,Donegal,Number,439.0
Population,2022,Both Sexes,Smoke daily,80-84 years,Donegal,Number,190.0
Population,2022,Both Sexes,Smoke daily,85-89 years,Donegal,Number,107.0
Population,2022,Both Sexes,Smoke daily,95 years and over,Donegal,Number,
Population,2022,Both Sexes,Smoke daily,All Ages,Monaghan,Number,5716.0
Population,2022,Both Sexes,Smoke daily,0 - 14 years,Monaghan,Number,8.0
Population,2022,Both Sexes,Smoke daily,15-19 years,Monaghan,Number,108.0
Population,2022,Both Sexes,Smoke daily,20-24 years,Monaghan,Number,304.0
Population,2022,Both Sexes,Smoke daily,25-29 years,Monaghan,Number,491.0
Population,2022,Both Sexes,Smoke daily,30-34 years,Monaghan,Number,540.0
Population,2022,Both Sexes,Smoke daily,35-39 years,Monaghan,Number,687.0
Population,2022,Both Sexes,Smoke daily,40-44 years,Monaghan,Number,677.0
Population,2022,Both Sexes,Smoke daily,45-49 years,Monaghan,Number,621.0
Population,2022,Both Sexes,Smoke daily,50-54 years,Monaghan,Number,559.0
Population,2022,Both Sexes,Smoke daily,55-59 years,Monaghan,Number,516.0
Population,2022,Both Sexes,Smoke daily,60-64 years,Monaghan,Number,427.0
Population,2022,Both Sexes,Smoke daily,65-69 years,Monaghan,Number,323.0
Population,2022,Both Sexes,Smoke daily,70-74 years,Monaghan,Number,222.0
Population,2022,Both Sexes,Smoke daily,75-79 years,Monaghan,Number,154.0
Population,2022,Both Sexes,Smoke daily,80-84 years,Monaghan,Number,46.0
Population,2022,Both Sexes,Smoke daily,85-89 years,Monaghan,Number,33.0
Population,2022,Both Sexes,Smoke daily,95 years and over,Monaghan,Number,0.0
Population,2022,Both Sexes,Smoke occasionally,All Ages,State,Number,226484.0
Population,2022,Both Sexes,Smoke occasionally,0 - 14 years,State,Number,275.0
Population,2022,Both Sexes,Smoke occasionally,15-19 years,State,Number,11917.0
Population,2022,Both Sexes,Smoke occasionally,20-24 years,State,Number,32446.0
Population,2022,Both Sexes,Smoke occasionally,25-29 years,State,Number,31883.0
Population,2022,Both Sexes,Smoke occasionally,30-34 years,State,Number,28229.0
Population,2022,Both Sexes,Smoke occasionally,35-39 years,State,Number,26702.0
Population,2022,Both Sexes,Smoke occasionally,40-44 years,State,Number,23977.0
Population,2022,Both Sexes,Smoke occasionally,45-49 years,State,Number,18261.0
Population,2022,Both Sexes,Smoke occasionally,50-54 years,State,Number,14761.0
Population,2022,Both Sexes,Smoke occasionally,55-59 years,State,Number,11652.0
Population,2022,Both Sexes,Smoke occasionally,60-64 years,State,Number,9494.0
Population,2022,Both Sexes,Smoke occasionally,65-69 years,State,Number,6980.0
Population,2022,Both Sexes,Smoke occasionally,70-74 years,State,Number,4823.0
Population,2022,Both Sexes,Smoke occasionally,75-79 years,State,Number,2859.0
Population,2022,Both Sexes,Smoke occasionally,80-84 years,State,Number,1384.0
Population,2022,Both Sexes,Smoke occasionally,85-89 years,State,Number,794.0
Population,2022,Both Sexes,Smoke occasionally,95 years and over,State,Number,47.0
Population,2022,Both Sexes,Smoke occasionally,All Ages,Carlow,Number,2549.0
Population,2022,Both Sexes,Smoke occasionally,0 - 14 years,Carlow,Number,
Population,2022,Both Sexes,Smoke occasionally,15-19 years,Carlow,Number,168.0
Population,2022,Both Sexes,Smoke occasionally,20-24 years,Carlow,Number,362.0
Population,2022,Both Sexes,Smoke occasionally,25-29 years,Carlow,Number,321.0
Population,2022,Both Sexes,Smoke occasionally,30-34 years,Carlow,Number,275.0
Population,2022,Both Sexes,Smoke occasionally,35-39 years,Carlow,Number,307.0
Population,2022,Both Sexes,Smoke occasionally,40-44 years,Carlow,Number,273.0
Population,2022,Both Sexes,Smoke occasionally,45-49 years,Carlow,Number,221.0
Population,2022,Both Sexes,Smoke occasionally,50-54 years,Carlow,Number,183.0
Population,2022,Both Sexes,Smoke occasionally,55-59 years,Carlow,Number,148.0
Population,2022,Both Sexes,Smoke occasionally,60-64 years,Carlow,Number,109.0
Population,2022,Both Sexes,Smoke occasionally,65-69 years,Carlow,Number,70.0
Population,2022,Both Sexes,Smoke occasionally,70-74 years,Carlow,Number,65.0
Population,2022,Both Sexes,Smoke occasionally,75-79 years,Carlow,Number,21.0
Population,2022,Both Sexes,Smoke occasionally,80-84 years,Carlow,Number,13.0
Population,2022,Both Sexes,Smoke occasionally,85-89 years,Carlow,Number,
Population,2022,Both Sexes,Smoke occasionally,95 years and over,Carlow,Number,0.0
Population,2022,Both Sexes,Smoke occasionally,All Ages,Dublin City,Number,34549.0
Population,2022,Both Sexes,Smoke occasionally,0 - 14 years,Dublin City,Number,
Population,2022,Both Sexes,Smoke occasionally,15-19 years,Dublin City,Number,1289.0
Population,2022,Both Sexes,Smoke occasionally,20-24 years,Dublin City,Number,5575.0
Population,2022,Both Sexes,Smoke occasionally,25-29 years,Dublin City,Number,7405.0
Population,2022,Both Sexes,Smoke occasionally,30-34 years,Dublin City,Number,5696.0
Population,2022,Both Sexes,Smoke occasionally,35-39 years,Dublin City,Number,3811.0
Population,2022,Both Sexes,Smoke occasionally,40-44 years,Dublin City,Number,2842.0
Population,2022,Both Sexes,Smoke occasionally,45-49 years,Dublin City,Number,1973.0
Population,2022,Both Sexes,Smoke occasionally,50-54 years,Dublin City,Number,1679.0
Population,2022,Both Sexes,Smoke occasionally,55-59 years,Dublin City,Number,1338.0
Population,2022,Both Sexes,Smoke occasionally,60-64 years,Dublin City,Number,991.0
Population,2022,Both Sexes,Smoke occasionally,65-69 years,Dublin City,Number,803.0
Population,2022,Both Sexes,Smoke occasionally,70-74 years,Dublin City,Number,515.0
Population,2022,Both Sexes,Smoke occasionally,75-79 years,Dublin City,Number,317.0
Population,2022,Both Sexes,Smoke occasionally,80-84 years,Dublin City,Number,172.0
Population,2022,Both Sexes,Smoke occasionally,85-89 years,Dublin City,Number,103.0
Population,2022,Both Sexes,Smoke occasionally,95 years and over,Dublin City,Number,
Population,2022,Both Sexes,Smoke occasionally,All Ages,Dun Laoghaire-Rathdown,Number,10746.0
Population,2022,Both Sexes,Smoke occasionally,0 - 14 years,Dun Laoghaire-Rathdown,Number,
Population,2022,Both Sexes,Smoke occasionally,15-19 years,Dun Laoghaire-Rathdown,Number,638.0
Population,2022,Both Sexes,Smoke occasionally,20-24 years,Dun Laoghaire-Rathdown,Number,1923.0
Population,2022,Both Sexes,Smoke occasionally,25-29 years,Dun Laoghaire-Rathdown,Number,1833.0
Population,2022,Both Sexes,Smoke occasionally,30-34 years,Dun Laoghaire-Rathdown,Number,1313.0
Population,2022,Both Sexes,Smoke occasionally,35-39 years,Dun Laoghaire-Rathdown,Number,1096.0
Population,2022,Both Sexes,Smoke occasionally,40-44 years,Dun Laoghaire-Rathdown,Number,976.0
Population,2022,Both Sexes,Smoke occasionally,45-49 years,Dun Laoghaire-Rathdown,Number,726.0
Population,2022,Both Sexes,Smoke occasionally,50-54 years,Dun Laoghaire-Rathdown,Number,593.0
Population,2022,Both Sexes,Smoke occasionally,55-59 years,Dun Laoghaire-Rathdown,Number,542.0
Population,2022,Both Sexes,Smoke occasionally,60-64 years,Dun Laoghaire-Rathdown,Number,378.0
Population,2022,Both Sexes,Smoke occasionally,65-69 years,Dun Laoghaire-Rathdown,Number,291.0
Population,2022,Both Sexes,Smoke occasionally,70-74 years,Dun Laoghaire-Rathdown,Number,166.0
Population,2022,Both Sexes,Smoke occasionally,75-79 years,Dun Laoghaire-Rathdown,Number,143.0
Population,2022,Both Sexes,Smoke occasionally,80-84 years,Dun Laoghaire-Rathdown,Number,60.0
Population,2022,Both Sexes,Smoke occasionally,85-89 years,Dun Laoghaire-Rathdown,Number,51.0
Population,2022,Both Sexes,Smoke occasionally,95 years and over,Dun Laoghaire-Rathdown,Number,
Population,2022,Both Sexes,Smoke occasionally,All Ages,Fingal,Number,13623.0
Population,2022,Both Sexes,Smoke occasionally,0 - 14 years,Fingal,Number,
Population,2022,Both Sexes,Smoke occasionally,15-19 years,Fingal,Number,664.0
Population,2022,Both Sexes,Smoke occasionally,20-24 years,Fingal,Number,1683.0
Population,2022,Both Sexes,Smoke occasionally,25-29 years,Fingal,Number,1806.0
Population,2022,Both Sexes,Smoke occasionally,30-34 years,Fingal,Number,1748.0
Population,2022,Both Sexes,Smoke occasionally,35-39 years,Fingal,Number,1820.0
Population,2022,Both Sexes,Smoke occasionally,40-44 years,Fingal,Number,1767.0
Population,2022,Both Sexes,Smoke occasionally,45-49 years,Fingal,Number,1278.0
Population,2022,Both Sexes,Smoke occasionally,50-54 years,Fingal,Number,907.0
Population,2022,Both Sexes,Smoke occasionally,55-59 years,Fingal,Number,646.0
Population,2022,Both Sexes,Smoke occasionally,60-64 years,Fingal,Number,533.0
Population,2022,Both Sexes,Smoke occasionally,65-69 years,Fingal,Number,328.0
Population,2022,Both Sexes,Smoke occasionally,70-74 years,Fingal,Number,214.0
Population,2022,Both Sexes,Smoke occasionally,75-79 years,Fingal,Number,127.0
Population,2022,Both Sexes,Smoke occasionally,80-84 years,Fingal,Number,49.0
Population,2022,Both Sexes,Smoke occasionally,85-89 years,Fingal,Number,39.0
Population,2022,Both Sexes,Smoke occasionally,95 years and over,Fingal,Number,
Population,2022,Both Sexes,Smoke occasionally,All Ages,South Dublin,Number,12393.0
Population,2022,Both Sexes,Smoke occasionally,0 - 14 years,South Dublin,Number,
Population,2022,Both Sexes,Smoke occasionally,15-19 years,South Dublin,Number,622.0
Population,2022,Both Sexes,Smoke occasionally,20-24 years,South Dublin,Number,1639.0
Population,2022,Both Sexes,Smoke occasionally,25-29 years,South Dublin,Number,1636.0
Population,2022,Both Sexes,Smoke occasionally,30-34 years,South Dublin,Number,1629.0
Population,2022,Both Sexes,Smoke occasionally,35-39 years,South Dublin,Number,1696.0
Population,2022,Both Sexes,Smoke occasionally,40-44 years,South Dublin,Number,1465.0
Population,2022,Both Sexes,Smoke occasionally,45-49 years,South Dublin,Number,1031.0
Population,2022,Both Sexes,Smoke occasionally,50-54 years,South Dublin,Number,719.0
Population,2022,Both Sexes,Smoke occasionally,55-59 years,South Dublin,Number,571.0
Population,2022,Both Sexes,Smoke occasionally,60-64 years,South Dublin,Number,502.0
Population,2022,Both Sexes,Smoke occasionally,65-69 years,South Dublin,Number,374.0
Population,2022,Both Sexes,Smoke occasionally,70-74 years,South Dublin,Number,258.0
Population,2022,Both Sexes,Smoke occasionally,75-79 years,South Dublin,Number,134.0
Population,2022,Both Sexes,Smoke occasionally,80-84 years,South Dublin,Number,
Population,2022,Both Sexes,Smoke occasionally,85-89 years,South Dublin,Number,
Population,2022,Both Sexes,Smoke occasionally,95 years and over,South Dublin,Number,0.0
Population,2022,Both Sexes,Smoke occasionally,All Ages,Kildare,Number,9988.0
Population,2022,Both Sexes,Smoke occasionally,0 - 14 years,Kildare,Number,
Population,2022,Both Sexes,Smoke occasionally,15-19 years,Kildare,Number,602.0
Population,2022,Both Sexes,Smoke occasionally,20-24 years,Kildare,Number,1507.0
Population,2022,Both Sexes,Smoke occasionally,25-29 years,Kildare,Number,1272.0
Population,2022,Both Sexes,Smoke occasionally,30-34 years,Kildare,Number,1192.0
Population,2022,Both Sexes,Smoke occasionally,35-39 years,Kildare,Number,1252.0
Population,2022,Both Sexes,Smoke occasionally,40-44 years,Kildare,Number,1183.0
Population,2022,Both Sexes,Smoke occasionally,45-49 years,Kildare,Number,831.0
Population,2022,Both Sexes,Smoke occasionally,50-54 years,Kildare,Number,698.0
Population,2022,Both Sexes,Smoke occasionally,55-59 years,Kildare,Number,439.0
Population,2022,Both Sexes,Smoke occasionally,60-64 years,Kildare,Number,386.0
Population,2022,Both Sexes,Smoke occasionally,65-69 years,Kildare,Number,261.0
Population,2022,Both Sexes,Smoke occasionally,70-74 years,Kildare,Number,177.0
Population,2022,Both Sexes,Smoke occasionally,75-79 years,Kildare,Number,108.0
Population,2022,Both Sexes,Smoke occasionally,80-84 years,Kildare,Number,44.0
Population,2022,Both Sexes,Smoke occasionally,85-89 years,Kildare,Number,
Population,2022,Both Sexes,Smoke occasionally,95 years and over,Kildare,Number,0.0
Population,2022,Both Sexes,Smoke occasionally,All Ages,Kilkenny,Number,4237.0
Population,2022,Both Sexes,Smoke occasionally,0 - 14 years,Kilkenny,Number,
Population,2022,Both Sexes,Smoke occasionally,15-19 years,Kilkenny,Number,189.0
Population,2022,Both Sexes,Smoke occasionally,20-24 years,Kilkenny,Number,500.0
Population,2022,Both Sexes,Smoke occasionally,25-29 years,Kilkenny,Number,570.0
Population,2022,Both Sexes,Smoke occasionally,30-34 years,Kilkenny,Number,483.0
Population,2022,Both Sexes,Smoke occasionally,35-39 years,Kilkenny,Number,513.0
Population,2022,Both Sexes,Smoke occasionally,40-44 years,Kilkenny,Number,463.0
Population,2022,Both Sexes,Smoke occasionally,45-49 years,Kilkenny,Number,394.0
Population,2022,Both Sexes,Smoke occasionally,50-54 years,Kilkenny,Number,301.0
Population,2022,Both Sexes,Smoke occasionally,55-59 years,Kilkenny,Number,261.0
Population,2022,Both Sexes,Smoke occasionally,60-64 years,Kilkenny,Number,204.0
Population,2022,Both Sexes,Smoke occasionally,65-69 years,Kilkenny,Number,148.0
Population,2022,Both Sexes,Smoke occasionally,70-74 years,Kilkenny,Number,102.0
Population,2022,Both Sexes,Smoke occasionally,75-79 years,Kilkenny,Number,60.0
Population,2022,Both Sexes,Smoke occasionally,80-84 years,Kilkenny,Number,28.0
Population,2022,Both Sexes,Smoke occasionally,85-89 years,Kilkenny,Number,13.0
Population,2022,Both Sexes,Smoke occasionally,95 years and over,Kilkenny,Number,
Population,2022,Both Sexes,Smoke occasionally,All Ages,Laois,Number,3614.0
Population,2022,Both Sexes,Smoke occasionally,0 - 14 years,Laois,Number,
Population,2022,Both Sexes,Smoke occasionally,15-19 years,Laois,Number,221.0
Population,2022,Both Sexes,Smoke occasionally,20-24 years,Laois,Number,500.0
Population,2022,Both Sexes,Smoke occasionally,25-29 years,Laois,Number,391.0
Population,2022,Both Sexes,Smoke occasionally,30-34 years,Laois,Number,448.0
Population,2022,Both Sexes,Smoke occasionally,35-39 years,Laois,Number,490.0
Population,2022,Both Sexes,Smoke occasionally,40-44 years,Laois,Number,383.0
Population,2022,Both Sexes,Smoke occasionally,45-49 years,Laois,Number,357.0
Population,2022,Both Sexes,Smoke occasionally,50-54 years,Laois,Number,249.0
Population,2022,Both Sexes,Smoke occasionally,55-59 years,Laois,Number,179.0
Population,2022,Both Sexes,Smoke occasionally,60-64 years,Laois,Number,147.0
Population,2022,Both Sexes,Smoke occasionally,65-69 years,Laois,Number,122.0
Population,2022,Both Sexes,Smoke occasionally,70-74 years,Laois,Number,69.0
Population,2022,Both Sexes,Smoke occasionally,75-79 years,Laois,Number,33.0
Population,2022,Both Sexes,Smoke occasionally,80-84 years,Laois,Number,14.0
Population,2022,Both Sexes,Smoke occasionally,85-89 years,Laois,Number,
Population,2022,Both Sexes,Smoke occasionally,95 years and over,Laois,Number,
Population,2022,Both Sexes,Smoke occasionally,All Ages,Longford,Number,1896.0
Population,2022,Both Sexes,Smoke occasionally,0 - 14 years,Longford,Number,
Population,2022,Both Sexes,Smoke occasionally,15-19 years,Longford,Number,130.0
Population,2022,Both Sexes,Smoke occasionally,20-24 years,Longford,Number,225.0
Population,2022,Both Sexes,Smoke occasionally,25-29 years,Longford,Number,199.0
Population,2022,Both Sexes,Smoke occasionally,30-34 years,Longford,Number,195.0
Population,2022,Both Sexes,Smoke occasionally,35-39 years,Longford,Number,210.0
Population,2022,Both Sexes,Smoke occasionally,40-44 years,Longford,Number,227.0
Population,2022,Both Sexes,Smoke occasionally,45-49 years,Longford,Number,160.0
Population,2022,Both Sexes,Smoke occasionally,50-54 years,Longford,Number,158.0
Population,2022,Both Sexes,Smoke occasionally,55-59 years,Longford,Number,119.0
Population,2022,Both Sexes,Smoke occasionally,60-64 years,Longford,Number,92.0
Population,2022,Both Sexes,Smoke occasionally,65-69 years,Longford,Number,74.0
Population,2022,Both Sexes,Smoke occasionally,70-74 years,Longford,Number,52.0
Population,2022,Both Sexes,Smoke occasionally,75-79 years,Longford,Number,23.0
Population,2022,Both Sexes,Smoke occasionally,80-84 years,Longford,Number,19.0
Population,2022,Both Sexes,Smoke occasionally,85-89 years,Longford,Number,
Population,2022,Both Sexes,Smoke occasionally,95 years and over,Longford,Number,
Population,2022,Both Sexes,Smoke occasionally,All Ages,Louth,Number,5916.0
Population,2022,Both Sexes,Smoke occasionally,0 - 14 years,Louth,Number,
Population,2022,Both Sexes,Smoke occasionally,15-19 years,Louth,Number,272.0
Population,2022,Both Sexes,Smoke occasionally,20-24 years,Louth,Number,777.0
Population,2022,Both Sexes,Smoke occasionally,25-29 years,Louth,Number,716.0
Population,2022,Both Sexes,Smoke occasionally,30-34 years,Louth,Number,696.0
Population,2022,Both Sexes,Smoke occasionally,35-39 years,Louth,Number,730.0
Population,2022,Both Sexes,Smoke occasionally,40-44 years,Louth,Number,659.0
Population,2022,Both Sexes,Smoke occasionally,45-49 years,Louth,Number,537.0
Population,2022,Both Sexes,Smoke occasionally,50-54 years,Louth,Number,462.0
Population,2022,Both Sexes,Smoke occasionally,55-59 years,Louth,Number,328.0
Population,2022,Both Sexes,Smoke occasionally,60-64 years,Louth,Number,245.0
Population,2022,Both Sexes,Smoke occasionally,65-69 years,Louth,Number,198.0
Population,2022,Both Sexes,Smoke occasionally,70-74 years,Louth,Number,133.0
Population,2022,Both Sexes,Smoke occasionally,75-79 years,Louth,Number,77.0
Population,2022,Both Sexes,Smoke occasionally,80-84 years,Louth,Number,
Population,2022,Both Sexes,Smoke occasionally,85-89 years,Louth,Number,20.0
Population,2022,Both Sexes,Smoke occasionally,95 years and over,Louth,Number,0.0
Population,2022,Both Sexes,Smoke occasionally,All Ages,Meath,Number,8607.0
Population,2022,Both Sexes,Smoke occasionally,0 - 14 years,Meath,Number,
Population,2022,Both Sexes,Smoke occasionally,15-19 years,Meath,Number,443.0
Population,2022,Both Sexes,Smoke occasionally,20-24 years,Meath,Number,1056.0
Population,2022,Both Sexes,Smoke occasionally,25-29 years,Meath,Number,1030.0
Population,2022,Both Sexes,Smoke occasionally,30-34 years,Meath,Number,1032.0
Population,2022,Both Sexes,Smoke occasionally,35-39 years,Meath,Number,1128.0
Population,2022,Both Sexes,Smoke occasionally,40-44 years,Meath,Number,1103.0
Population,2022,Both Sexes,Smoke occasionally,45-49 years,Meath,Number,769.0
Population,2022,Both Sexes,Smoke occasionally,50-54 years,Meath,Number,649.0
Population,2022,Both Sexes,Smoke occasionally,55-59 years,Meath,Number,456.0
Population,2022,Both Sexes,Smoke occasionally,60-64 years,Meath,Number,335.0
Population,2022,Both Sexes,Smoke occasionally,65-69 years,Meath,Number,245.0
Population,2022,Both Sexes,Smoke occasionally,70-74 years,Meath,Number,188.0
Population,2022,Both Sexes,Smoke occasionally,75-79 years,Meath,Number,92.0
Population,2022,Both Sexes,Smoke occasionally,80-84 years,Meath,Number,45.0
Population,2022,Both Sexes,Smoke occasionally,85-89 years,Meath,Number,22.0
Population,2022,Both Sexes,Smoke occasionally,95 years and over,Meath,Number,
Population,2022,Both Sexes,Smoke occasionally,All Ages,Offaly,Number,3369.0
Population,2022,Both Sexes,Smoke occasionally,0 - 14 years,Offaly,Number,
Population,2022,Both Sexes,Smoke occasionally,15-19 years,Offaly,Number,201.0
Population,2022,Both Sexes,Smoke occasionally,20-24 years,Offaly,Number,410.0
Population,2022,Both Sexes,Smoke occasionally,25-29 years,Offaly,Number,422.0
Population,2022,Both Sexes,Smoke occasionally,30-34 years,Offaly,Number,397.0
Population,2022,Both Sexes,Smoke occasionally,35-39 years,Offaly,Number,415.0
Population,2022,Both Sexes,Smoke occasionally,40-44 years,Offaly,Number,376.0
Population,2022,Both Sexes,Smoke occasionally,45-49 years,Offaly,Number,275.0
Population,2022,Both Sexes,Smoke occasionally,50-54 years,Offaly,Number,223.0
Population,2022,Both Sexes,Smoke occasionally,55-59 years,Offaly,Number,195.0
Population,2022,Both Sexes,Smoke occasionally,60-64 years,Offaly,Number,158.0
Population,2022,Both Sexes,Smoke occasionally,65-69 years,Offaly,Number,121.0
Population,2022,Both Sexes,Smoke occasionally,70-74 years,Offaly,Number,80.0
Population,2022,Both Sexes,Smoke occasionally,75-79 years,Offaly,Number,59.0
Population,2022,Both Sexes,Smoke occasionally,80-84 years,Offaly,Number,
Population,2022,Both Sexes,Smoke occasionally,85-89 years,Offaly,Number,19.0
Population,2022,Both Sexes,Smoke occasionally,95 years and over,Offaly,Number,0.0
Population,2022,Both Sexes,Smoke occasionally,All Ages,Westmeath,Number,4018.0
Population,2022,Both Sexes,Smoke occasionally,0 - 14 years,Westmeath,Number,
Population,2022,Both Sexes,Smoke occasionally,15-19 years,Westmeath,Number,227.0
Population,2022,Both Sexes,Smoke occasionally,20-24 years,Westmeath,Number,529.0
Population,2022,Both Sexes,Smoke occasionally,25-29 years,Westmeath,Number,514.0
Population,2022,Both Sexes,Smoke occasionally,30-34 years,Westmeath,Number,489.0
Population,2022,Both Sexes,Smoke occasionally,35-39 years,Westmeath,Number,489.0
Population,2022,Both Sexes,Smoke occasionally,40-44 years,Westmeath,Number,421.0
Population,2022,Both Sexes,Smoke occasionally,45-49 years,Westmeath,Number,358.0
Population,2022,Both Sexes,Smoke occasionally,50-54 years,Westmeath,Number,275.0
Population,2022,Both Sexes,Smoke occasionally,55-59 years,Westmeath,Number,203.0
Population,2022,Both Sexes,Smoke occasionally,60-64 years,Westmeath,Number,180.0
Population,2022,Both Sexes,Smoke occasionally,65-69 years,Westmeath,Number,136.0
Population,2022,Both Sexes,Smoke occasionally,70-74 years,Westmeath,Number,89.0
Population,2022,Both Sexes,Smoke occasionally,75-79 years,Westmeath,Number,49.0
Population,2022,Both Sexes,Smoke occasionally,80-84 years,Westmeath,Number,24.0
Population,2022,Both Sexes,Smoke occasionally,85-89 years,Westmeath,Number,23.0
Population,2022,Both Sexes,Smoke occasionally,95 years and over,Westmeath,Number,
Population,2022,Both Sexes,Smoke occasionally,All Ages,Wexford,Number,6664.0
Population,2022,Both Sexes,Smoke occasionally,0 - 14 years,Wexford,Number,13.0
Population,2022,Both Sexes,Smoke occasionally,15-19 years,Wexford,Number,403.0
Population,2022,Both Sexes,Smoke occasionally,20-24 years,Wexford,Number,861.0
Population,2022,Both Sexes,Smoke occasionally,25-29 years,Wexford,Number,762.0
Population,2022,Both Sexes,Smoke occasionally,30-34 years,Wexford,Number,751.0
Population,2022,Both Sexes,Smoke occasionally,35-39 years,Wexford,Number,729.0
Population,2022,Both Sexes,Smoke occasionally,40-44 years,Wexford,Number,745.0
Population,2022,Both Sexes,Smoke occasionally,45-49 years,Wexford,Number,596.0
Population,2022,Both Sexes,Smoke occasionally,50-54 years,Wexford,Number,495.0
Population,2022,Both Sexes,Smoke occasionally,55-59 years,Wexford,Number,402.0
Population,2022,Both Sexes,Smoke occasionally,60-64 years,Wexford,Number,347.0
Population,2022,Both Sexes,Smoke occasionally,65-69 years,Wexford,Number,222.0
Population,2022,Both Sexes,Smoke occasionally,70-74 years,Wexford,Number,173.0
Population,2022,Both Sexes,Smoke occasionally,75-79 years,Wexford,Number,101.0
Population,2022,Both Sexes,Smoke occasionally,80-84 years,Wexford,Number,39.0
Population,2022,Both Sexes,Smoke occasionally,85-89 years,Wexford,Number,25.0
Population,2022,Both Sexes,Smoke occasionally,95 years and over,Wexford,Number,0.0
Population,2022,Both Sexes,Smoke occasionally,All Ages,Wicklow,Number,6480.0
Population,2022,Both Sexes,Smoke occasionally,0 - 14 years,Wicklow,Number,
Population,2022,Both Sexes,Smoke occasionally,15-19 years,Wicklow,Number,445.0
Population,2022,Both Sexes,Smoke occasionally,20-24 years,Wicklow,Number,859.0
Population,2022,Both Sexes,Smoke occasionally,25-29 years,Wicklow,Number,649.0
Population,2022,Both Sexes,Smoke occasionally,30-34 years,Wicklow,Number,732.0
Population,2022,Both Sexes,Smoke occasionally,35-39 years,Wicklow,Number,782.0
Population,2022,Both Sexes,Smoke occasionally,40-44 years,Wicklow,Number,750.0
Population,2022,Both Sexes,Smoke occasionally,45-49 years,Wicklow,Number,580.0
Population,2022,Both Sexes,Smoke occasionally,50-54 years,Wicklow,Number,487.0
Population,2022,Both Sexes,Smoke occasionally,55-59 years,Wicklow,Number,393.0
Population,2022,Both Sexes,Smoke occasionally,60-64 years,Wicklow,Number,283.0
Population,2022,Both Sexes,Smoke occasionally,65-69 years,Wicklow,Number,207.0
Population,2022,Both Sexes,Smoke occasionally,70-74 years,Wicklow,Number,153.0
Population,2022,Both Sexes,Smoke occasionally,75-79 years,Wicklow,Number,91.0
Population,2022,Both Sexes,Smoke occasionally,80-84 years,Wicklow,Number,38.0
Population,2022,Both Sexes,Smoke occasionally,85-89 years,Wicklow,Number,20.0
Population,2022,Both Sexes,Smoke occasionally,95 years and over,Wicklow,Number,
Population,2022,Both Sexes,Smoke occasionally,All Ages,Clare,Number,5455.0
Population,2022,Both Sexes,Smoke occasionally,0 - 14 years,Clare,Number,
Population,2022,Both Sexes,Smoke occasionally,15-19 years,Clare,Number,306.0
Population,2022,Both Sexes,Smoke occasionally,20-24 years,Clare,Number,660.0
Population,2022,Both Sexes,Smoke occasionally,25-29 years,Clare,Number,635.0
Population,2022,Both Sexes,Smoke occasionally,30-34 years,Clare,Number,582.0
Population,2022,Both Sexes,Smoke occasionally,35-39 years,Clare,Number,638.0
Population,2022,Both Sexes,Smoke occasionally,40-44 years,Clare,Number,623.0
Population,2022,Both Sexes,Smoke occasionally,45-49 years,Clare,Number,487.0
Population,2022,Both Sexes,Smoke occasionally,50-54 years,Clare,Number,417.0
Population,2022,Both Sexes,Smoke occasionally,55-59 years,Clare,Number,332.0
Population,2022,Both Sexes,Smoke occasionally,60-64 years,Clare,Number,282.0
Population,2022,Both Sexes,Smoke occasionally,65-69 years,Clare,Number,211.0
Population,2022,Both Sexes,Smoke occasionally,70-74 years,Clare,Number,124.0
Population,2022,Both Sexes,Smoke occasionally,75-79 years,Clare,Number,83.0
Population,2022,Both Sexes,Smoke occasionally,80-84 years,Clare,Number,36.0
Population,2022,Both Sexes,Smoke occasionally,85-89 years,Clare,Number,
Population,2022,Both Sexes,Smoke occasionally,95 years and over,Clare,Number,0.0
Population,2022,Both Sexes,Smoke occasionally,All Ages,Cork City,Number,11907.0
Population,2022,Both Sexes,Smoke occasionally,0 - 14 years,Cork City,Number,
Population,2022,Both Sexes,Smoke occasionally,15-19 years,Cork City,Number,604.0
Population,2022,Both Sexes,Smoke occasionally,20-24 years,Cork City,Number,2236.0
Population,2022,Both Sexes,Smoke occasionally,25-29 years,Cork City,Number,2082.0
Population,2022,Both Sexes,Smoke occasionally,30-34 years,Cork City,Number,1603.0
Population,2022,Both Sexes,Smoke occasionally,35-39 years,Cork City,Number,1335.0
Population,2022,Both Sexes,Smoke occasionally,40-44 years,Cork City,Number,1043.0
Population,2022,Both Sexes,Smoke occasionally,45-49 years,Cork City,Number,772.0
Population,2022,Both Sexes,Smoke occasionally,50-54 years,Cork City,Number,607.0
Population,2022,Both Sexes,Smoke occasionally,55-59 years,Cork City,Number,510.0
Population,2022,Both Sexes,Smoke occasionally,60-64 years,Cork City,Number,401.0
Population,2022,Both Sexes,Smoke occasionally,65-69 years,Cork City,Number,302.0
Population,2022,Both Sexes,Smoke occasionally,70-74 years,Cork City,Number,182.0
Population,2022,Both Sexes,Smoke occasionally,75-79 years,Cork City,Number,109.0
Population,2022,Both Sexes,Smoke occasionally,80-84 years,Cork City,Number,67.0
Population,2022,Both Sexes,Smoke occasionally,85-89 years,Cork City,Number,39.0
Population,2022,Both Sexes,Smoke occasionally,95 years and over,Cork City,Number,
Population,2022,Both Sexes,Smoke occasionally,All Ages,Cork County,Number,13727.0
Population,2022,Both Sexes,Smoke occasionally,0 - 14 years,Cork County,Number,12.0
Population,2022,Both Sexes,Smoke occasionally,15-19 years,Cork County,Number,787.0
Population,2022,Both Sexes,Smoke occasionally,20-24 years,Cork County,Number,1743.0
Population,2022,Both Sexes,Smoke occasionally,25-29 years,Cork County,Number,1567.0
Population,2022,Both Sexes,Smoke occasionally,30-34 years,Cork County,Number,1474.0
Population,2022,Both Sexes,Smoke occasionally,35-39 years,Cork County,Number,1711.0
Population,2022,Both Sexes,Smoke occasionally,40-44 years,Cork County,Number,1599.0
Population,2022,Both Sexes,Smoke occasionally,45-49 years,Cork County,Number,1322.0
Population,2022,Both Sexes,Smoke occasionally,50-54 years,Cork County,Number,1011.0
Population,2022,Both Sexes,Smoke occasionally,55-59 years,Cork County,Number,753.0
Population,2022,Both Sexes,Smoke occasionally,60-64 years,Cork County,Number,646.0
Population,2022,Both Sexes,Smoke occasionally,65-69 years,Cork County,Number,458.0
Population,2022,Both Sexes,Smoke occasionally,70-74 years,Cork County,Number,310.0
Population,2022,Both Sexes,Smoke occasionally,75-79 years,Cork County,Number,192.0
Population,2022,Both Sexes,Smoke occasionally,80-84 years,Cork County,Number,87.0
Population,2022,Both Sexes,Smoke occasionally,85-89 years,Cork County,Number,55.0
Population,2022,Both Sexes,Smoke occasionally,95 years and over,Cork County,Number,0.0
Population,2022,Both Sexes,Smoke occasionally,All Ages,Kerry,Number,6683.0
Population,2022,Both Sexes,Smoke occasionally,0 - 14 years,Kerry,Number,
Population,2022,Both Sexes,Smoke occasionally,15-19 years,Kerry,Number,354.0
Population,2022,Both Sexes,Smoke occasionally,20-24 years,Kerry,Number,822.0
Population,2022,Both Sexes,Smoke occasionally,25-29 years,Kerry,Number,773.0
Population,2022,Both Sexes,Smoke occasionally,30-34 years,Kerry,Number,726.0
Population,2022,Both Sexes,Smoke occasionally,35-39 years,Kerry,Number,803.0
Population,2022,Both Sexes,Smoke occasionally,40-44 years,Kerry,Number,755.0
Population,2022,Both Sexes,Smoke occasionally,45-49 years,Kerry,Number,577.0
Population,2022,Both Sexes,Smoke occasionally,50-54 years,Kerry,Number,492.0
Population,2022,Both Sexes,Smoke occasionally,55-59 years,Kerry,Number,421.0
Population,2022,Both Sexes,Smoke occasionally,60-64 years,Kerry,Number,330.0
Population,2022,Both Sexes,Smoke occasionally,65-69 years,Kerry,Number,265.0
Population,2022,Both Sexes,Smoke occasionally,70-74 years,Kerry,Number,184.0
Population,2022,Both Sexes,Smoke occasionally,75-79 years,Kerry,Number,113.0
Population,2022,Both Sexes,Smoke occasionally,80-84 years,Kerry,Number,41.0
Population,2022,Both Sexes,Smoke occasionally,85-89 years,Kerry,Number,
Population,2022,Both Sexes,Smoke occasionally,95 years and over,Kerry,Number,0.0
Population,2022,Both Sexes,Smoke occasionally,All Ages,Limerick City and County,Number,9270.0
Population,2022,Both Sexes,Smoke occasionally,0 - 14 years,Limerick City and County,Number,
Population,2022,Both Sexes,Smoke occasionally,15-19 years,Limerick City and County,Number,459.0
Population,2022,Both Sexes,Smoke occasionally,20-24 years,Limerick City and County,Number,1489.0
Population,2022,Both Sexes,Smoke occasionally,25-29 years,Limerick City and County,Number,1250.0
Population,2022,Both Sexes,Smoke occasionally,30-34 years,Limerick City and County,Number,1092.0
Population,2022,Both Sexes,Smoke occasionally,35-39 years,Limerick City and County,Number,1027.0
Population,2022,Both Sexes,Smoke occasionally,40-44 years,Limerick City and County,Number,925.0
Population,2022,Both Sexes,Smoke occasionally,45-49 years,Limerick City and County,Number,710.0
Population,2022,Both Sexes,Smoke occasionally,50-54 years,Limerick City and County,Number,569.0
Population,2022,Both Sexes,Smoke occasionally,55-59 years,Limerick City and County,Number,507.0
Population,2022,Both Sexes,Smoke occasionally,60-64 years,Limerick City and County,Number,425.0
Population,2022,Both Sexes,Smoke occasionally,65-69 years,Limerick City and County,Number,286.0
Population,2022,Both Sexes,Smoke occasionally,70-74 years,Limerick City and County,Number,271.0
Population,2022,Both Sexes,Smoke occasionally,75-79 years,Limerick City and County,Number,147.0
Population,2022,Both Sexes,Smoke occasionally,80-84 years,Limerick City and County,Number,77.0
Population,2022,Both Sexes,Smoke occasionally,85-89 years,Limerick City and County,Number,29.0
Population,2022,Both Sexes,Smoke occasionally,95 years and over,Limerick City and County,Number,
Population,2022,Both Sexes,Smoke occasionally,All Ages,Tipperary,Number,6918.0
Population,2022,Both Sexes,Smoke occasionally,0 - 14 years,Tipperary,Number,
Population,2022,Both Sexes,Smoke occasionally,15-19 years,Tipperary,Number,384.0
Population,2022,Both Sexes,Smoke occasionally,20-24 years,Tipperary,Number,783.0
Population,2022,Both Sexes,Smoke occasionally,25-29 years,Tipperary,Number,827.0
Population,2022,Both Sexes,Smoke occasionally,30-34 years,Tipperary,Number,733.0
Population,2022,Both Sexes,Smoke occasionally,35-39 years,Tipperary,Number,842.0
Population,2022,Both Sexes,Smoke occasionally,40-44 years,Tipperary,Number,770.0
Population,2022,Both Sexes,Smoke occasionally,45-49 years,Tipperary,Number,608.0
Population,2022,Both Sexes,Smoke occasionally,50-54 years,Tipperary,Number,513.0
Population,2022,Both Sexes,Smoke occasionally,55-59 years,Tipperary,Number,424.0
Population,2022,Both Sexes,Smoke occasionally,60-64 years,Tipperary,Number,367.0
Population,2022,Both Sexes,Smoke occasionally,65-69 years,Tipperary,Number,272.0
Population,2022,Both Sexes,Smoke occasionally,70-74 years,Tipperary,Number,181.0
Population,2022,Both Sexes,Smoke occasionally,75-79 years,Tipperary,Number,113.0
Population,2022,Both Sexes,Smoke occasionally,80-84 years,Tipperary,Number,65.0
Population,2022,Both Sexes,Smoke occasionally,85-89 years,Tipperary,Number,26.0
Population,2022,Both Sexes,Smoke occasionally,95 years and over,Tipperary,Number,
Population,2022,Both Sexes,Smoke occasionally,All Ages,Waterford City and County,Number,5536.0
Population,2022,Both Sexes,Smoke occasionally,0 - 14 years,Waterford City and County,Number,6.0
Population,2022,Both Sexes,Smoke occasionally,15-19 years,Waterford City and County,Number,318.0
Population,2022,Both Sexes,Smoke occasionally,20-24 years,Waterford City and County,Number,802.0
Population,2022,Both Sexes,Smoke occasionally,25-29 years,Waterford City and County,Number,607.0
Population,2022,Both Sexes,Smoke occasionally,30-34 years,Waterford City and County,Number,605.0
Population,2022,Both Sexes,Smoke occasionally,35-39 years,Waterford City and County,Number,652.0
Population,2022,Both Sexes,Smoke occasionally,40-44 years,Waterford City and County,Number,628.0
Population,2022,Both Sexes,Smoke occasionally,45-49 years,Waterford City and County,Number,492.0
Population,2022,Both Sexes,Smoke occasionally,50-54 years,Waterford City and County,Number,387.0
Population,2022,Both Sexes,Smoke occasionally,55-59 years,Waterford City and County,Number,345.0
Population,2022,Both Sexes,Smoke occasionally,60-64 years,Waterford City and County,Number,250.0
Population,2022,Both Sexes,Smoke occasionally,65-69 years,Waterford City and County,Number,181.0
Population,2022,Both Sexes,Smoke occasionally,70-74 years,Waterford City and County,Number,133.0
Population,2022,Both Sexes,Smoke occasionally,75-79 years,Waterford City and County,Number,70.0
Population,2022,Both Sexes,Smoke occasionally,80-84 years,Waterford City and County,Number,41.0
Population,2022,Both Sexes,Smoke occasionally,85-89 years,Waterford City and County,Number,19.0
Population,2022,Both Sexes,Smoke occasionally,95 years and over,Waterford City and County,Number,0.0
Population,2022,Both Sexes,Smoke occasionally,All Ages,Galway City,Number,5578.0
Population,2022,Both Sexes,Smoke occasionally,0 - 14 years,Galway City,Number,
Population,2022,Both Sexes,Smoke occasionally,15-19 years,Galway City,Number,384.0
Population,2022,Both Sexes,Smoke occasionally,20-24 years,Galway City,Number,1560.0
Population,2022,Both Sexes,Smoke occasionally,25-29 years,Galway City,Number,1017.0
Population,2022,Both Sexes,Smoke occasionally,30-34 years,Galway City,Number,632.0
Population,2022,Both Sexes,Smoke occasionally,35-39 years,Galway City,Number,528.0
Population,2022,Both Sexes,Smoke occasionally,40-44 years,Galway City,Number,403.0
Population,2022,Both Sexes,Smoke occasionally,45-49 years,Galway City,Number,330.0
Population,2022,Both Sexes,Smoke occasionally,50-54 years,Galway City,Number,215.0
Population,2022,Both Sexes,Smoke occasionally,55-59 years,Galway City,Number,148.0
Population,2022,Both Sexes,Smoke occasionally,60-64 years,Galway City,Number,132.0
Population,2022,Both Sexes,Smoke occasionally,65-69 years,Galway City,Number,103.0
Population,2022,Both Sexes,Smoke occasionally,70-74 years,Galway City,Number,61.0
Population,2022,Both Sexes,Smoke occasionally,75-79 years,Galway City,Number,34.0
Population,2022,Both Sexes,Smoke occasionally,80-84 years,Galway City,Number,17.0
Population,2022,Both Sexes,Smoke occasionally,85-89 years,Galway City,Number,10.0
Population,2022,Both Sexes,Smoke occasionally,95 years and over,Galway City,Number,
Population,2022,Both Sexes,Smoke occasionally,All Ages,Galway County,Number,7513.0
Population,2022,Both Sexes,Smoke occasionally,0 - 14 years,Galway County,Number,
Population,2022,Both Sexes,Smoke occasionally,15-19 years,Galway County,Number,454.0
Population,2022,Both Sexes,Smoke occasionally,20-24 years,Galway County,Number,873.0
Population,2022,Both Sexes,Smoke occasionally,25-29 years,Galway County,Number,818.0
Population,2022,Both Sexes,Smoke occasionally,30-34 years,Galway County,Number,844.0
Population,2022,Both Sexes,Smoke occasionally,35-39 years,Galway County,Number,869.0
Population,2022,Both Sexes,Smoke occasionally,40-44 years,Galway County,Number,884.0
Population,2022,Both Sexes,Smoke occasionally,45-49 years,Galway County,Number,683.0
Population,2022,Both Sexes,Smoke occasionally,50-54 years,Galway County,Number,580.0
Population,2022,Both Sexes,Smoke occasionally,55-59 years,Galway County,Number,426.0
Population,2022,Both Sexes,Smoke occasionally,60-64 years,Galway County,Number,418.0
Population,2022,Both Sexes,Smoke occasionally,65-69 years,Galway County,Number,253.0
Population,2022,Both Sexes,Smoke occasionally,70-74 years,Galway County,Number,205.0
Population,2022,Both Sexes,Smoke occasionally,75-79 years,Galway County,Number,104.0
Population,2022,Both Sexes,Smoke occasionally,80-84 years,Galway County,Number,57.0
Population,2022,Both Sexes,Smoke occasionally,85-89 years,Galway County,Number,35.0
Population,2022,Both Sexes,Smoke occasionally,95 years and over,Galway County,Number,
Population,2022,Both Sexes,Smoke occasionally,All Ages,Leitrim,Number,1488.0
Population,2022,Both Sexes,Smoke occasionally,0 - 14 years,Leitrim,Number,
Population,2022,Both Sexes,Smoke occasionally,15-19 years,Leitrim,Number,71.0
Population,2022,Both Sexes,Smoke occasionally,20-24 years,Leitrim,Number,159.0
Population,2022,Both Sexes,Smoke occasionally,25-29 years,Leitrim,Number,142.0
Population,2022,Both Sexes,Smoke occasionally,30-34 years,Leitrim,Number,155.0
Population,2022,Both Sexes,Smoke occasionally,35-39 years,Leitrim,Number,190.0
Population,2022,Both Sexes,Smoke occasionally,40-44 years,Leitrim,Number,156.0
Population,2022,Both Sexes,Smoke occasionally,45-49 years,Leitrim,Number,122.0
Population,2022,Both Sexes,Smoke occasionally,50-54 years,Leitrim,Number,138.0
Population,2022,Both Sexes,Smoke occasionally,55-59 years,Leitrim,Number,97.0
Population,2022,Both Sexes,Smoke occasionally,60-64 years,Leitrim,Number,88.0
Population,2022,Both Sexes,Smoke occasionally,65-69 years,Leitrim,Number,68.0
Population,2022,Both Sexes,Smoke occasionally,70-74 years,Leitrim,Number,51.0
Population,2022,Both Sexes,Smoke occasionally,75-79 years,Leitrim,Number,26.0
Population,2022,Both Sexes,Smoke occasionally,80-84 years,Leitrim,Number,16.0
Population,2022,Both Sexes,Smoke occasionally,85-89 years,Leitrim,Number,
Population,2022,Both Sexes,Smoke occasionally,95 years and over,Leitrim,Number,0.0
Population,2022,Both Sexes,Smoke occasionally,All Ages,Mayo,Number,5749.0
Population,2022,Both Sexes,Smoke occasionally,0 - 14 years,Mayo,Number,
Population,2022,Both Sexes,Smoke occasionally,15-19 years,Mayo,Number,294.0
Population,2022,Both Sexes,Smoke occasionally,20-24 years,Mayo,Number,618.0
Population,2022,Both Sexes,Smoke occasionally,25-29 years,Mayo,Number,617.0
Population,2022,Both Sexes,Smoke occasionally,30-34 years,Mayo,Number,688.0
Population,2022,Both Sexes,Smoke occasionally,35-39 years,Mayo,Number,664.0
Population,2022,Both Sexes,Smoke occasionally,40-44 years,Mayo,Number,621.0
Population,2022,Both Sexes,Smoke occasionally,45-49 years,Mayo,Number,519.0
Population,2022,Both Sexes,Smoke occasionally,50-54 years,Mayo,Number,416.0
Population,2022,Both Sexes,Smoke occasionally,55-59 years,Mayo,Number,376.0
Population,2022,Both Sexes,Smoke occasionally,60-64 years,Mayo,Number,324.0
Population,2022,Both Sexes,Smoke occasionally,65-69 years,Mayo,Number,243.0
Population,2022,Both Sexes,Smoke occasionally,70-74 years,Mayo,Number,181.0
Population,2022,Both Sexes,Smoke occasionally,75-79 years,Mayo,Number,105.0
Population,2022,Both Sexes,Smoke occasionally,80-84 years,Mayo,Number,47.0
Population,2022,Both Sexes,Smoke occasionally,85-89 years,Mayo,Number,23.0
Population,2022,Both Sexes,Smoke occasionally,95 years and over,Mayo,Number,
Population,2022,Both Sexes,Smoke occasionally,All Ages,Roscommon,Number,2823.0
Population,2022,Both Sexes,Smoke occasionally,0 - 14 years,Roscommon,Number,
Population,2022,Both Sexes,Smoke occasionally,15-19 years,Roscommon,Number,132.0
Population,2022,Both Sexes,Smoke occasionally,20-24 years,Roscommon,Number,313.0
Population,2022,Both Sexes,Smoke occasionally,25-29 years,Roscommon,Number,273.0
Population,2022,Both Sexes,Smoke occasionally,30-34 years,Roscommon,Number,336.0
Population,2022,Both Sexes,Smoke occasionally,35-39 years,Roscommon,Number,326.0
Population,2022,Both Sexes,Smoke occasionally,40-44 years,Roscommon,Number,283.0
Population,2022,Both Sexes,Smoke occasionally,45-49 years,Roscommon,Number,254.0
Population,2022,Both Sexes,Smoke occasionally,50-54 years,Roscommon,Number,227.0
Population,2022,Both Sexes,Smoke occasionally,55-59 years,Roscommon,Number,184.0
Population,2022,Both Sexes,Smoke occasionally,60-64 years,Roscommon,Number,189.0
Population,2022,Both Sexes,Smoke occasionally,65-69 years,Roscommon,Number,119.0
Population,2022,Both Sexes,Smoke occasionally,70-74 years,Roscommon,Number,93.0
Population,2022,Both Sexes,Smoke occasionally,75-79 years,Roscommon,Number,51.0
Population,2022,Both Sexes,Smoke occasionally,80-84 years,Roscommon,Number,25.0
Population,2022,Both Sexes,Smoke occasionally,85-89 years,Roscommon,Number,9.0
Population,2022,Both Sexes,Smoke occasionally,95 years and over,Roscommon,Number,
Population,2022,Both Sexes,Smoke occasionally,All Ages,Sligo,Number,3007.0
Population,2022,Both Sexes,Smoke occasionally,0 - 14 years,Sligo,Number,
Population,2022,Both Sexes,Smoke occasionally,15-19 years,Sligo,Number,211.0
Population,2022,Both Sexes,Smoke occasionally,20-24 years,Sligo,Number,472.0
Population,2022,Both Sexes,Smoke occasionally,25-29 years,Sligo,Number,371.0
Population,2022,Both Sexes,Smoke occasionally,30-34 years,Sligo,Number,311.0
Population,2022,Both Sexes,Smoke occasionally,35-39 years,Sligo,Number,328.0
Population,2022,Both Sexes,Smoke occasionally,40-44 years,Sligo,Number,270.0
Population,2022,Both Sexes,Smoke occasionally,45-49 years,Sligo,Number,230.0
Population,2022,Both Sexes,Smoke occasionally,50-54 years,Sligo,Number,191.0
Population,2022,Both Sexes,Smoke occasionally,55-59 years,Sligo,Number,185.0
Population,2022,Both Sexes,Smoke occasionally,60-64 years,Sligo,Number,137.0
Population,2022,Both Sexes,Smoke occasionally,65-69 years,Sligo,Number,116.0
Population,2022,Both Sexes,Smoke occasionally,70-74 years,Sligo,Number,70.0
Population,2022,Both Sexes,Smoke occasionally,75-79 years,Sligo,Number,61.0
Population,2022,Both Sexes,Smoke occasionally,80-84 years,Sligo,Number,31.0
Population,2022,Both Sexes,Smoke occasionally,85-89 years,Sligo,Number,16.0
Population,2022,Both Sexes,Smoke occasionally,95 years and over,Sligo,Number,
Population,2022,Both Sexes,Smoke occasionally,All Ages,Cavan,Number,3307.0
Population,2022,Both Sexes,Smoke occasionally,0 - 14 years,Cavan,Number,
Population,2022,Both Sexes,Smoke occasionally,15-19 years,Cavan,Number,190.0
Population,2022,Both Sexes,Smoke occasionally,20-24 years,Cavan,Number,427.0
Population,2022,Both Sexes,Smoke occasionally,25-29 years,Cavan,Number,395.0
Population,2022,Both Sexes,Smoke occasionally,30-34 years,Cavan,Number,370.0
Population,2022,Both Sexes,Smoke occasionally,35-39 years,Cavan,Number,361.0
Population,2022,Both Sexes,Smoke occasionally,40-44 years,Cavan,Number,405.0
Population,2022,Both Sexes,Smoke occasionally,45-49 years,Cavan,Number,294.0
Population,2022,Both Sexes,Smoke occasionally,50-54 years,Cavan,Number,248.0
Population,2022,Both Sexes,Smoke occasionally,55-59 years,Cavan,Number,185.0
Population,2022,Both Sexes,Smoke occasionally,60-64 years,Cavan,Number,154.0
Population,2022,Both Sexes,Smoke occasionally,65-69 years,Cavan,Number,111.0
Population,2022,Both Sexes,Smoke occasionally,70-74 years,Cavan,Number,80.0
Population,2022,Both Sexes,Smoke occasionally,75-79 years,Cavan,Number,49.0
Population,2022,Both Sexes,Smoke occasionally,80-84 years,Cavan,Number,23.0
Population,2022,Both Sexes,Smoke occasionally,85-89 years,Cavan,Number,11.0
Population,2022,Both Sexes,Smoke occasionally,95 years and over,Cavan,Number,
Population,2022,Both Sexes,Smoke occasionally,All Ages,Donegal,Number,6273.0
Population,2022,Both Sexes,Smoke occasionally,0 - 14 years,Donegal,Number,
Population,2022,Both Sexes,Smoke occasionally,15-19 years,Donegal,Number,325.0
Population,2022,Both Sexes,Smoke occasionally,20-24 years,Donegal,Number,765.0
Population,2022,Both Sexes,Smoke occasionally,25-29 years,Donegal,Number,703.0
Population,2022,Both Sexes,Smoke occasionally,30-34 years,Donegal,Number,666.0
Population,2022,Both Sexes,Smoke occasionally,35-39 years,Donegal,Number,661.0
Population,2022,Both Sexes,Smoke occasionally,40-44 years,Donegal,Number,690.0
Population,2022,Both Sexes,Smoke occasionally,45-49 years,Donegal,Number,561.0
Population,2022,Both Sexes,Smoke occasionally,50-54 years,Donegal,Number,497.0
Population,2022,Both Sexes,Smoke occasionally,55-59 years,Donegal,Number,391.0
Population,2022,Both Sexes,Smoke occasionally,60-64 years,Donegal,Number,317.0
Population,2022,Both Sexes,Smoke occasionally,65-69 years,Donegal,Number,282.0
Population,2022,Both Sexes,Smoke occasionally,70-74 years,Donegal,Number,193.0
Population,2022,Both Sexes,Smoke occasionally,75-79 years,Donegal,Number,124.0
Population,2022,Both Sexes,Smoke occasionally,80-84 years,Donegal,Number,52.0
Population,2022,Both Sexes,Smoke occasionally,85-89 years,Donegal,Number,35.0
Population,2022,Both Sexes,Smoke occasionally,95 years and over,Donegal,Number,
Population,2022,Both Sexes,Smoke occasionally,All Ages,Monaghan,Number,2601.0
Population,2022,Both Sexes,Smoke occasionally,0 - 14 years,Monaghan,Number,
Population,2022,Both Sexes,Smoke occasionally,15-19 years,Monaghan,Number,130.0
Population,2022,Both Sexes,Smoke occasionally,20-24 years,Monaghan,Number,318.0
Population,2022,Both Sexes,Smoke occasionally,25-29 years,Monaghan,Number,280.0
Population,2022,Both Sexes,Smoke occasionally,30-34 years,Monaghan,Number,336.0
Population,2022,Both Sexes,Smoke occasionally,35-39 years,Monaghan,Number,299.0
Population,2022,Both Sexes,Smoke occasionally,40-44 years,Monaghan,Number,289.0
Population,2022,Both Sexes,Smoke occasionally,45-49 years,Monaghan,Number,214.0
Population,2022,Both Sexes,Smoke occasionally,50-54 years,Monaghan,Number,175.0
Population,2022,Both Sexes,Smoke occasionally,55-59 years,Monaghan,Number,148.0
Population,2022,Both Sexes,Smoke occasionally,60-64 years,Monaghan,Number,144.0
Population,2022,Both Sexes,Smoke occasionally,65-69 years,Monaghan,Number,110.0
Population,2022,Both Sexes,Smoke occasionally,70-74 years,Monaghan,Number,70.0
Population,2022,Both Sexes,Smoke occasionally,75-79 years,Monaghan,Number,43.0
Population,2022,Both Sexes,Smoke occasionally,80-84 years,Monaghan,Number,23.0
Population,2022,Both Sexes,Smoke occasionally,85-89 years,Monaghan,Number,13.0
Population,2022,Both Sexes,Smoke occasionally,95 years and over,Monaghan,Number,
Population,2022,Both Sexes,Dont smoke - gave up,All Ages,State,Number,974145.0
Population,2022,Both Sexes,Dont smoke - gave up,0 - 14 years,State,Number,7190.0
Population,2022,Both Sexes,Dont smoke - gave up,15-19 years,State,Number,9254.0
Population,2022,Both Sexes,Dont smoke - gave up,20-24 years,State,Number,20885.0
Population,2022,Both Sexes,Dont smoke - gave up,25-29 years,State,Number,34437.0
Population,2022,Both Sexes,Dont smoke - gave up,30-34 years,State,Number,55184.0
Population,2022,Both Sexes,Dont smoke - gave up,35-39 years,State,Number,83482.0
Population,2022,Both Sexes,Dont smoke - gave up,40-44 years,State,Number,103792.0
Population,2022,Both Sexes,Dont smoke - gave up,45-49 years,State,Number,101582.0
Population,2022,Both Sexes,Dont smoke - gave up,50-54 years,State,Number,98986.0
Population,2022,Both Sexes,Dont smoke - gave up,55-59 years,State,Number,91942.0
Population,2022,Both Sexes,Dont smoke - gave up,60-64 years,State,Number,89688.0
Population,2022,Both Sexes,Dont smoke - gave up,65-69 years,State,Number,85671.0
Population,2022,Both Sexes,Dont smoke - gave up,70-74 years,State,Number,74578.0
Population,2022,Both Sexes,Dont smoke - gave up,75-79 years,State,Number,58541.0
Population,2022,Both Sexes,Dont smoke - gave up,80-84 years,State,Number,33908.0
Population,2022,Both Sexes,Dont smoke - gave up,85-89 years,State,Number,23743.0
Population,2022,Both Sexes,Dont smoke - gave up,95 years and over,State,Number,1282.0
Population,2022,Both Sexes,Dont smoke - gave up,All Ages,Carlow,Number,11952.0
Population,2022,Both Sexes,Dont smoke - gave up,0 - 14 years,Carlow,Number,64.0
Population,2022,Both Sexes,Dont smoke - gave up,15-19 years,Carlow,Number,146.0
Population,2022,Both Sexes,Dont smoke - gave up,20-24 years,Carlow,Number,309.0
Population,2022,Both Sexes,Dont smoke - gave up,25-29 years,Carlow,Number,441.0
Population,2022,Both Sexes,Dont smoke - gave up,30-34 years,Carlow,Number,699.0
Population,2022,Both Sexes,Dont smoke - gave up,35-39 years,Carlow,Number,1001.0
Population,2022,Both Sexes,Dont smoke - gave up,40-44 years,Carlow,Number,1222.0
Population,2022,Both Sexes,Dont smoke - gave up,45-49 years,Carlow,Number,1304.0
Population,2022,Both Sexes,Dont smoke - gave up,50-54 years,Carlow,Number,1245.0
Population,2022,Both Sexes,Dont smoke - gave up,55-59 years,Carlow,Number,1156.0
Population,2022,Both Sexes,Dont smoke - gave up,60-64 years,Carlow,Number,1101.0
Population,2022,Both Sexes,Dont smoke - gave up,65-69 years,Carlow,Number,1028.0
Population,2022,Both Sexes,Dont smoke - gave up,70-74 years,Carlow,Number,843.0
Population,2022,Both Sexes,Dont smoke - gave up,75-79 years,Carlow,Number,694.0
Population,2022,Both Sexes,Dont smoke - gave up,80-84 years,Carlow,Number,411.0
Population,2022,Both Sexes,Dont smoke - gave up,85-89 years,Carlow,Number,269.0
Population,2022,Both Sexes,Dont smoke - gave up,95 years and over,Carlow,Number,19.0
Population,2022,Both Sexes,Dont smoke - gave up,All Ages,Dublin City,Number,99973.0
Population,2022,Both Sexes,Dont smoke - gave up,0 - 14 years,Dublin City,Number,628.0
Population,2022,Both Sexes,Dont smoke - gave up,15-19 years,Dublin City,Number,808.0
Population,2022,Both Sexes,Dont smoke - gave up,20-24 years,Dublin City,Number,2826.0
Population,2022,Both Sexes,Dont smoke - gave up,25-29 years,Dublin City,Number,5961.0
Population,2022,Both Sexes,Dont smoke - gave up,30-34 years,Dublin City,Number,8327.0
Population,2022,Both Sexes,Dont smoke - gave up,35-39 years,Dublin City,Number,9335.0
Population,2022,Both Sexes,Dont smoke - gave up,40-44 years,Dublin City,Number,9732.0
Population,2022,Both Sexes,Dont smoke - gave up,45-49 years,Dublin City,Number,8913.0
Population,2022,Both Sexes,Dont smoke - gave up,50-54 years,Dublin City,Number,8935.0
Population,2022,Both Sexes,Dont smoke - gave up,55-59 years,Dublin City,Number,8668.0
Population,2022,Both Sexes,Dont smoke - gave up,60-64 years,Dublin City,Number,8529.0
Population,2022,Both Sexes,Dont smoke - gave up,65-69 years,Dublin City,Number,7854.0
Population,2022,Both Sexes,Dont smoke - gave up,70-74 years,Dublin City,Number,6928.0
Population,2022,Both Sexes,Dont smoke - gave up,75-79 years,Dublin City,Number,5627.0
Population,2022,Both Sexes,Dont smoke - gave up,80-84 years,Dublin City,Number,3743.0
Population,2022,Both Sexes,Dont smoke - gave up,85-89 years,Dublin City,Number,2970.0
Population,2022,Both Sexes,Dont smoke - gave up,95 years and over,Dublin City,Number,189.0
Population,2022,Both Sexes,Dont smoke - gave up,All Ages,Dun Laoghaire-Rathdown,Number,45283.0
Population,2022,Both Sexes,Dont smoke - gave up,0 - 14 years,Dun Laoghaire-Rathdown,Number,260.0
Population,2022,Both Sexes,Dont smoke - gave up,15-19 years,Dun Laoghaire-Rathdown,Number,309.0
Population,2022,Both Sexes,Dont smoke - gave up,20-24 years,Dun Laoghaire-Rathdown,Number,928.0
Population,2022,Both Sexes,Dont smoke - gave up,25-29 years,Dun Laoghaire-Rathdown,Number,1535.0
Population,2022,Both Sexes,Dont smoke - gave up,30-34 years,Dun Laoghaire-Rathdown,Number,2346.0
Population,2022,Both Sexes,Dont smoke - gave up,35-39 years,Dun Laoghaire-Rathdown,Number,3493.0
Population,2022,Both Sexes,Dont smoke - gave up,40-44 years,Dun Laoghaire-Rathdown,Number,4544.0
Population,2022,Both Sexes,Dont smoke - gave up,45-49 years,Dun Laoghaire-Rathdown,Number,4420.0
Population,2022,Both Sexes,Dont smoke - gave up,50-54 years,Dun Laoghaire-Rathdown,Number,4441.0
Population,2022,Both Sexes,Dont smoke - gave up,55-59 years,Dun Laoghaire-Rathdown,Number,4410.0
Population,2022,Both Sexes,Dont smoke - gave up,60-64 years,Dun Laoghaire-Rathdown,Number,4113.0
Population,2022,Both Sexes,Dont smoke - gave up,65-69 years,Dun Laoghaire-Rathdown,Number,3871.0
Population,2022,Both Sexes,Dont smoke - gave up,70-74 years,Dun Laoghaire-Rathdown,Number,3387.0
Population,2022,Both Sexes,Dont smoke - gave up,75-79 years,Dun Laoghaire-Rathdown,Number,3237.0
Population,2022,Both Sexes,Dont smoke - gave up,80-84 years,Dun Laoghaire-Rathdown,Number,2201.0
Population,2022,Both Sexes,Dont smoke - gave up,85-89 years,Dun Laoghaire-Rathdown,Number,1680.0
Population,2022,Both Sexes,Dont smoke - gave up,95 years and over,Dun Laoghaire-Rathdown,Number,108.0
Population,2022,Both Sexes,Dont smoke - gave up,All Ages,Fingal,Number,55930.0
Population,2022,Both Sexes,Dont smoke - gave up,0 - 14 years,Fingal,Number,420.0
Population,2022,Both Sexes,Dont smoke - gave up,15-19 years,Fingal,Number,500.0
Population,2022,Both Sexes,Dont smoke - gave up,20-24 years,Fingal,Number,1188.0
Population,2022,Both Sexes,Dont smoke - gave up,25-29 years,Fingal,Number,2043.0
Population,2022,Both Sexes,Dont smoke - gave up,30-34 years,Fingal,Number,3472.0
Population,2022,Both Sexes,Dont smoke - gave up,35-39 years,Fingal,Number,5816.0
Population,2022,Both Sexes,Dont smoke - gave up,40-44 years,Fingal,Number,7244.0
Population,2022,Both Sexes,Dont smoke - gave up,45-49 years,Fingal,Number,6958.0
Population,2022,Both Sexes,Dont smoke - gave up,50-54 years,Fingal,Number,5877.0
Population,2022,Both Sexes,Dont smoke - gave up,55-59 years,Fingal,Number,4845.0
Population,2022,Both Sexes,Dont smoke - gave up,60-64 years,Fingal,Number,4538.0
Population,2022,Both Sexes,Dont smoke - gave up,65-69 years,Fingal,Number,4235.0
Population,2022,Both Sexes,Dont smoke - gave up,70-74 years,Fingal,Number,3596.0
Population,2022,Both Sexes,Dont smoke - gave up,75-79 years,Fingal,Number,2853.0
Population,2022,Both Sexes,Dont smoke - gave up,80-84 years,Fingal,Number,1480.0
Population,2022,Both Sexes,Dont smoke - gave up,85-89 years,Fingal,Number,823.0
Population,2022,Both Sexes,Dont smoke - gave up,95 years and over,Fingal,Number,42.0
Population,2022,Both Sexes,Dont smoke - gave up,All Ages,South Dublin,Number,52454.0
Population,2022,Both Sexes,Dont smoke - gave up,0 - 14 years,South Dublin,Number,398.0
Population,2022,Both Sexes,Dont smoke - gave up,15-19 years,South Dublin,Number,492.0
Population,2022,Both Sexes,Dont smoke - gave up,20-24 years,South Dublin,Number,1180.0
Population,2022,Both Sexes,Dont smoke - gave up,25-29 years,South Dublin,Number,1927.0
Population,2022,Both Sexes,Dont smoke - gave up,30-34 years,South Dublin,Number,3258.0
Population,2022,Both Sexes,Dont smoke - gave up,35-39 years,South Dublin,Number,4963.0
Population,2022,Both Sexes,Dont smoke - gave up,40-44 years,South Dublin,Number,6231.0
Population,2022,Both Sexes,Dont smoke - gave up,45-49 years,South Dublin,Number,5538.0
Population,2022,Both Sexes,Dont smoke - gave up,50-54 years,South Dublin,Number,4769.0
Population,2022,Both Sexes,Dont smoke - gave up,55-59 years,South Dublin,Number,4496.0
Population,2022,Both Sexes,Dont smoke - gave up,60-64 years,South Dublin,Number,4657.0
Population,2022,Both Sexes,Dont smoke - gave up,65-69 years,South Dublin,Number,4770.0
Population,2022,Both Sexes,Dont smoke - gave up,70-74 years,South Dublin,Number,4299.0
Population,2022,Both Sexes,Dont smoke - gave up,75-79 years,South Dublin,Number,2915.0
Population,2022,Both Sexes,Dont smoke - gave up,80-84 years,South Dublin,Number,1547.0
Population,2022,Both Sexes,Dont smoke - gave up,85-89 years,South Dublin,Number,962.0
Population,2022,Both Sexes,Dont smoke - gave up,95 years and over,South Dublin,Number,52.0
Population,2022,Both Sexes,Dont smoke - gave up,All Ages,Kildare,Number,45728.0
Population,2022,Both Sexes,Dont smoke - gave up,0 - 14 years,Kildare,Number,356.0
Population,2022,Both Sexes,Dont smoke - gave up,15-19 years,Kildare,Number,459.0
Population,2022,Both Sexes,Dont smoke - gave up,20-24 years,Kildare,Number,1047.0
Population,2022,Both Sexes,Dont smoke - gave up,25-29 years,Kildare,Number,1658.0
Population,2022,Both Sexes,Dont smoke - gave up,30-34 years,Kildare,Number,2739.0
Population,2022,Both Sexes,Dont smoke - gave up,35-39 years,Kildare,Number,4466.0
Population,2022,Both Sexes,Dont smoke - gave up,40-44 years,Kildare,Number,5696.0
Population,2022,Both Sexes,Dont smoke - gave up,45-49 years,Kildare,Number,5389.0
Population,2022,Both Sexes,Dont smoke - gave up,50-54 years,Kildare,Number,4993.0
Population,2022,Both Sexes,Dont smoke - gave up,55-59 years,Kildare,Number,4374.0
Population,2022,Both Sexes,Dont smoke - gave up,60-64 years,Kildare,Number,3851.0
Population,2022,Both Sexes,Dont smoke - gave up,65-69 years,Kildare,Number,3605.0
Population,2022,Both Sexes,Dont smoke - gave up,70-74 years,Kildare,Number,2995.0
Population,2022,Both Sexes,Dont smoke - gave up,75-79 years,Kildare,Number,2274.0
Population,2022,Both Sexes,Dont smoke - gave up,80-84 years,Kildare,Number,1099.0
Population,2022,Both Sexes,Dont smoke - gave up,85-89 years,Kildare,Number,697.0
Population,2022,Both Sexes,Dont smoke - gave up,95 years and over,Kildare,Number,30.0
Population,2022,Both Sexes,Dont smoke - gave up,All Ages,Kilkenny,Number,20772.0
Population,2022,Both Sexes,Dont smoke - gave up,0 - 14 years,Kilkenny,Number,197.0
Population,2022,Both Sexes,Dont smoke - gave up,15-19 years,Kilkenny,Number,205.0
Population,2022,Both Sexes,Dont smoke - gave up,20-24 years,Kilkenny,Number,375.0
Population,2022,Both Sexes,Dont smoke - gave up,25-29 years,Kilkenny,Number,629.0
Population,2022,Both Sexes,Dont smoke - gave up,30-34 years,Kilkenny,Number,1052.0
Population,2022,Both Sexes,Dont smoke - gave up,35-39 years,Kilkenny,Number,1690.0
Population,2022,Both Sexes,Dont smoke - gave up,40-44 years,Kilkenny,Number,2117.0
Population,2022,Both Sexes,Dont smoke - gave up,45-49 years,Kilkenny,Number,2285.0
Population,2022,Both Sexes,Dont smoke - gave up,50-54 years,Kilkenny,Number,2159.0
Population,2022,Both Sexes,Dont smoke - gave up,55-59 years,Kilkenny,Number,2073.0
Population,2022,Both Sexes,Dont smoke - gave up,60-64 years,Kilkenny,Number,2024.0
Population,2022,Both Sexes,Dont smoke - gave up,65-69 years,Kilkenny,Number,1896.0
Population,2022,Both Sexes,Dont smoke - gave up,70-74 years,Kilkenny,Number,1631.0
Population,2022,Both Sexes,Dont smoke - gave up,75-79 years,Kilkenny,Number,1225.0
Population,2022,Both Sexes,Dont smoke - gave up,80-84 years,Kilkenny,Number,715.0
Population,2022,Both Sexes,Dont smoke - gave up,85-89 years,Kilkenny,Number,483.0
Population,2022,Both Sexes,Dont smoke - gave up,95 years and over,Kilkenny,Number,16.0
Population,2022,Both Sexes,Dont smoke - gave up,All Ages,Laois,Number,17026.0
Population,2022,Both Sexes,Dont smoke - gave up,0 - 14 years,Laois,Number,174.0
Population,2022,Both Sexes,Dont smoke - gave up,15-19 years,Laois,Number,194.0
Population,2022,Both Sexes,Dont smoke - gave up,20-24 years,Laois,Number,366.0
Population,2022,Both Sexes,Dont smoke - gave up,25-29 years,Laois,Number,611.0
Population,2022,Both Sexes,Dont smoke - gave up,30-34 years,Laois,Number,1007.0
Population,2022,Both Sexes,Dont smoke - gave up,35-39 years,Laois,Number,1716.0
Population,2022,Both Sexes,Dont smoke - gave up,40-44 years,Laois,Number,1914.0
Population,2022,Both Sexes,Dont smoke - gave up,45-49 years,Laois,Number,1851.0
Population,2022,Both Sexes,Dont smoke - gave up,50-54 years,Laois,Number,1817.0
Population,2022,Both Sexes,Dont smoke - gave up,55-59 years,Laois,Number,1641.0
Population,2022,Both Sexes,Dont smoke - gave up,60-64 years,Laois,Number,1590.0
Population,2022,Both Sexes,Dont smoke - gave up,65-69 years,Laois,Number,1371.0
Population,2022,Both Sexes,Dont smoke - gave up,70-74 years,Laois,Number,1108.0
Population,2022,Both Sexes,Dont smoke - gave up,75-79 years,Laois,Number,833.0
Population,2022,Both Sexes,Dont smoke - gave up,80-84 years,Laois,Number,489.0
Population,2022,Both Sexes,Dont smoke - gave up,85-89 years,Laois,Number,330.0
Population,2022,Both Sexes,Dont smoke - gave up,95 years and over,Laois,Number,14.0
Population,2022,Both Sexes,Dont smoke - gave up,All Ages,Longford,Number,8347.0
Population,2022,Both Sexes,Dont smoke - gave up,0 - 14 years,Longford,Number,83.0
Population,2022,Both Sexes,Dont smoke - gave up,15-19 years,Longford,Number,121.0
Population,2022,Both Sexes,Dont smoke - gave up,20-24 years,Longford,Number,166.0
Population,2022,Both Sexes,Dont smoke - gave up,25-29 years,Longford,Number,252.0
Population,2022,Both Sexes,Dont smoke - gave up,30-34 years,Longford,Number,399.0
Population,2022,Both Sexes,Dont smoke - gave up,35-39 years,Longford,Number,698.0
Population,2022,Both Sexes,Dont smoke - gave up,40-44 years,Longford,Number,868.0
Population,2022,Both Sexes,Dont smoke - gave up,45-49 years,Longford,Number,871.0
Population,2022,Both Sexes,Dont smoke - gave up,50-54 years,Longford,Number,802.0
Population,2022,Both Sexes,Dont smoke - gave up,55-59 years,Longford,Number,712.0
Population,2022,Both Sexes,Dont smoke - gave up,60-64 years,Longford,Number,752.0
Population,2022,Both Sexes,Dont smoke - gave up,65-69 years,Longford,Number,811.0
Population,2022,Both Sexes,Dont smoke - gave up,70-74 years,Longford,Number,743.0
Population,2022,Both Sexes,Dont smoke - gave up,75-79 years,Longford,Number,551.0
Population,2022,Both Sexes,Dont smoke - gave up,80-84 years,Longford,Number,294.0
Population,2022,Both Sexes,Dont smoke - gave up,85-89 years,Longford,Number,216.0
Population,2022,Both Sexes,Dont smoke - gave up,95 years and over,Longford,Number,8.0
Population,2022,Both Sexes,Dont smoke - gave up,All Ages,Louth,Number,26313.0
Population,2022,Both Sexes,Dont smoke - gave up,0 - 14 years,Louth,Number,
Population,2022,Both Sexes,Dont smoke - gave up,15-19 years,Louth,Number,267.0
Population,2022,Both Sexes,Dont smoke - gave up,20-24 years,Louth,Number,574.0
Population,2022,Both Sexes,Dont smoke - gave up,25-29 years,Louth,Number,940.0
Population,2022,Both Sexes,Dont smoke - gave up,30-34 years,Louth,Number,1489.0
Population,2022,Both Sexes,Dont smoke - gave up,35-39 years,Louth,Number,2202.0
Population,2022,Both Sexes,Dont smoke - gave up,40-44 years,Louth,Number,2950.0
Population,2022,Both Sexes,Dont smoke - gave up,45-49 years,Louth,Number,2756.0
Population,2022,Both Sexes,Dont smoke - gave up,50-54 years,Louth,Number,2881.0
Population,2022,Both Sexes,Dont smoke - gave up,55-59 years,Louth,Number,2460.0
Population,2022,Both Sexes,Dont smoke - gave up,60-64 years,Louth,Number,2360.0
Population,2022,Both Sexes,Dont smoke - gave up,65-69 years,Louth,Number,2208.0
Population,2022,Both Sexes,Dont smoke - gave up,70-74 years,Louth,Number,1924.0
Population,2022,Both Sexes,Dont smoke - gave up,75-79 years,Louth,Number,1552.0
Population,2022,Both Sexes,Dont smoke - gave up,80-84 years,Louth,Number,935.0
Population,2022,Both Sexes,Dont smoke - gave up,85-89 years,Louth,Number,535.0
Population,2022,Both Sexes,Dont smoke - gave up,95 years and over,Louth,Number,
Population,2022,Both Sexes,Dont smoke - gave up,All Ages,Meath,Number,40995.0
Population,2022,Both Sexes,Dont smoke - gave up,0 - 14 years,Meath,Number,349.0
Population,2022,Both Sexes,Dont smoke - gave up,15-19 years,Meath,Number,392.0
Population,2022,Both Sexes,Dont smoke - gave up,20-24 years,Meath,Number,808.0
Population,2022,Both Sexes,Dont smoke - gave up,25-29 years,Meath,Number,1272.0
Population,2022,Both Sexes,Dont smoke - gave up,30-34 years,Meath,Number,2402.0
Population,2022,Both Sexes,Dont smoke - gave up,35-39 years,Meath,Number,4045.0
Population,2022,Both Sexes,Dont smoke - gave up,40-44 years,Meath,Number,5055.0
Population,2022,Both Sexes,Dont smoke - gave up,45-49 years,Meath,Number,4904.0
Population,2022,Both Sexes,Dont smoke - gave up,50-54 years,Meath,Number,4572.0
Population,2022,Both Sexes,Dont smoke - gave up,55-59 years,Meath,Number,3749.0
Population,2022,Both Sexes,Dont smoke - gave up,60-64 years,Meath,Number,3445.0
Population,2022,Both Sexes,Dont smoke - gave up,65-69 years,Meath,Number,3207.0
Population,2022,Both Sexes,Dont smoke - gave up,70-74 years,Meath,Number,2741.0
Population,2022,Both Sexes,Dont smoke - gave up,75-79 years,Meath,Number,2116.0
Population,2022,Both Sexes,Dont smoke - gave up,80-84 years,Meath,Number,1152.0
Population,2022,Both Sexes,Dont smoke - gave up,85-89 years,Meath,Number,736.0
Population,2022,Both Sexes,Dont smoke - gave up,95 years and over,Meath,Number,50.0
Population,2022,Both Sexes,Dont smoke - gave up,All Ages,Offaly,Number,15719.0
Population,2022,Both Sexes,Dont smoke - gave up,0 - 14 years,Offaly,Number,
Population,2022,Both Sexes,Dont smoke - gave up,15-19 years,Offaly,Number,186.0
Population,2022,Both Sexes,Dont smoke - gave up,20-24 years,Offaly,Number,346.0
Population,2022,Both Sexes,Dont smoke - gave up,25-29 years,Offaly,Number,544.0
Population,2022,Both Sexes,Dont smoke - gave up,30-34 years,Offaly,Number,875.0
Population,2022,Both Sexes,Dont smoke - gave up,35-39 years,Offaly,Number,1307.0
Population,2022,Both Sexes,Dont smoke - gave up,40-44 years,Offaly,Number,1635.0
Population,2022,Both Sexes,Dont smoke - gave up,45-49 years,Offaly,Number,1608.0
Population,2022,Both Sexes,Dont smoke - gave up,50-54 years,Offaly,Number,1587.0
Population,2022,Both Sexes,Dont smoke - gave up,55-59 years,Offaly,Number,1448.0
Population,2022,Both Sexes,Dont smoke - gave up,60-64 years,Offaly,Number,1543.0
Population,2022,Both Sexes,Dont smoke - gave up,65-69 years,Offaly,Number,1454.0
Population,2022,Both Sexes,Dont smoke - gave up,70-74 years,Offaly,Number,1239.0
Population,2022,Both Sexes,Dont smoke - gave up,75-79 years,Offaly,Number,886.0
Population,2022,Both Sexes,Dont smoke - gave up,80-84 years,Offaly,Number,520.0
Population,2022,Both Sexes,Dont smoke - gave up,85-89 years,Offaly,Number,393.0
Population,2022,Both Sexes,Dont smoke - gave up,95 years and over,Offaly,Number,
Population,2022,Both Sexes,Dont smoke - gave up,All Ages,Westmeath,Number,18196.0
Population,2022,Both Sexes,Dont smoke - gave up,0 - 14 years,Westmeath,Number,164.0
Population,2022,Both Sexes,Dont smoke - gave up,15-19 years,Westmeath,Number,174.0
Population,2022,Both Sexes,Dont smoke - gave up,20-24 years,Westmeath,Number,397.0
Population,2022,Both Sexes,Dont smoke - gave up,25-29 years,Westmeath,Number,648.0
Population,2022,Both Sexes,Dont smoke - gave up,30-34 years,Westmeath,Number,995.0
Population,2022,Both Sexes,Dont smoke - gave up,35-39 years,Westmeath,Number,1599.0
Population,2022,Both Sexes,Dont smoke - gave up,40-44 years,Westmeath,Number,1789.0
Population,2022,Both Sexes,Dont smoke - gave up,45-49 years,Westmeath,Number,1878.0
Population,2022,Both Sexes,Dont smoke - gave up,50-54 years,Westmeath,Number,1933.0
Population,2022,Both Sexes,Dont smoke - gave up,55-59 years,Westmeath,Number,1813.0
Population,2022,Both Sexes,Dont smoke - gave up,60-64 years,Westmeath,Number,1716.0
Population,2022,Both Sexes,Dont smoke - gave up,65-69 years,Westmeath,Number,1655.0
Population,2022,Both Sexes,Dont smoke - gave up,70-74 years,Westmeath,Number,1331.0
Population,2022,Both Sexes,Dont smoke - gave up,75-79 years,Westmeath,Number,1079.0
Population,2022,Both Sexes,Dont smoke - gave up,80-84 years,Westmeath,Number,574.0
Population,2022,Both Sexes,Dont smoke - gave up,85-89 years,Westmeath,Number,429.0
Population,2022,Both Sexes,Dont smoke - gave up,95 years and over,Westmeath,Number,22.0
Population,2022,Both Sexes,Dont smoke - gave up,All Ages,Wexford,Number,34821.0
Population,2022,Both Sexes,Dont smoke - gave up,0 - 14 years,Wexford,Number,263.0
Population,2022,Both Sexes,Dont smoke - gave up,15-19 years,Wexford,Number,347.0
Population,2022,Both Sexes,Dont smoke - gave up,20-24 years,Wexford,Number,728.0
Population,2022,Both Sexes,Dont smoke - gave up,25-29 years,Wexford,Number,1119.0
Population,2022,Both Sexes,Dont smoke - gave up,30-34 years,Wexford,Number,1888.0
Population,2022,Both Sexes,Dont smoke - gave up,35-39 years,Wexford,Number,2603.0
Population,2022,Both Sexes,Dont smoke - gave up,40-44 years,Wexford,Number,3464.0
Population,2022,Both Sexes,Dont smoke - gave up,45-49 years,Wexford,Number,3471.0
Population,2022,Both Sexes,Dont smoke - gave up,50-54 years,Wexford,Number,3596.0
Population,2022,Both Sexes,Dont smoke - gave up,55-59 years,Wexford,Number,3591.0
Population,2022,Both Sexes,Dont smoke - gave up,60-64 years,Wexford,Number,3444.0
Population,2022,Both Sexes,Dont smoke - gave up,65-69 years,Wexford,Number,3302.0
Population,2022,Both Sexes,Dont smoke - gave up,70-74 years,Wexford,Number,2800.0
Population,2022,Both Sexes,Dont smoke - gave up,75-79 years,Wexford,Number,2096.0
Population,2022,Both Sexes,Dont smoke - gave up,80-84 years,Wexford,Number,1246.0
Population,2022,Both Sexes,Dont smoke - gave up,85-89 years,Wexford,Number,829.0
Population,2022,Both Sexes,Dont smoke - gave up,95 years and over,Wexford,Number,34.0
Population,2022,Both Sexes,Dont smoke - gave up,All Ages,Wicklow,Number,31491.0
Population,2022,Both Sexes,Dont smoke - gave up,0 - 14 years,Wicklow,Number,230.0
Population,2022,Both Sexes,Dont smoke - gave up,15-19 years,Wicklow,Number,288.0
Population,2022,Both Sexes,Dont smoke - gave up,20-24 years,Wicklow,Number,555.0
Population,2022,Both Sexes,Dont smoke - gave up,25-29 years,Wicklow,Number,908.0
Population,2022,Both Sexes,Dont smoke - gave up,30-34 years,Wicklow,Number,1601.0
Population,2022,Both Sexes,Dont smoke - gave up,35-39 years,Wicklow,Number,2656.0
Population,2022,Both Sexes,Dont smoke - gave up,40-44 years,Wicklow,Number,3593.0
Population,2022,Both Sexes,Dont smoke - gave up,45-49 years,Wicklow,Number,3513.0
Population,2022,Both Sexes,Dont smoke - gave up,50-54 years,Wicklow,Number,3389.0
Population,2022,Both Sexes,Dont smoke - gave up,55-59 years,Wicklow,Number,3236.0
Population,2022,Both Sexes,Dont smoke - gave up,60-64 years,Wicklow,Number,2958.0
Population,2022,Both Sexes,Dont smoke - gave up,65-69 years,Wicklow,Number,2692.0
Population,2022,Both Sexes,Dont smoke - gave up,70-74 years,Wicklow,Number,2320.0
Population,2022,Both Sexes,Dont smoke - gave up,75-79 years,Wicklow,Number,1848.0
Population,2022,Both Sexes,Dont smoke - gave up,80-84 years,Wicklow,Number,1042.0
Population,2022,Both Sexes,Dont smoke - gave up,85-89 years,Wicklow,Number,629.0
Population,2022,Both Sexes,Dont smoke - gave up,95 years and over,Wicklow,Number,33.0
Population,2022,Both Sexes,Dont smoke - gave up,All Ages,Clare,Number,26191.0
Population,2022,Both Sexes,Dont smoke - gave up,0 - 14 years,Clare,Number,191.0
Population,2022,Both Sexes,Dont smoke - gave up,15-19 years,Clare,Number,248.0
Population,2022,Both Sexes,Dont smoke - gave up,20-24 years,Clare,Number,489.0
Population,2022,Both Sexes,Dont smoke - gave up,25-29 years,Clare,Number,763.0
Population,2022,Both Sexes,Dont smoke - gave up,30-34 years,Clare,Number,1222.0
Population,2022,Both Sexes,Dont smoke - gave up,35-39 years,Clare,Number,1996.0
Population,2022,Both Sexes,Dont smoke - gave up,40-44 years,Clare,Number,2550.0
Population,2022,Both Sexes,Dont smoke - gave up,45-49 years,Clare,Number,2730.0
Population,2022,Both Sexes,Dont smoke - gave up,50-54 years,Clare,Number,2792.0
Population,2022,Both Sexes,Dont smoke - gave up,55-59 years,Clare,Number,2693.0
Population,2022,Both Sexes,Dont smoke - gave up,60-64 years,Clare,Number,2592.0
Population,2022,Both Sexes,Dont smoke - gave up,65-69 years,Clare,Number,2397.0
Population,2022,Both Sexes,Dont smoke - gave up,70-74 years,Clare,Number,2221.0
Population,2022,Both Sexes,Dont smoke - gave up,75-79 years,Clare,Number,1746.0
Population,2022,Both Sexes,Dont smoke - gave up,80-84 years,Clare,Number,930.0
Population,2022,Both Sexes,Dont smoke - gave up,85-89 years,Clare,Number,597.0
Population,2022,Both Sexes,Dont smoke - gave up,95 years and over,Clare,Number,34.0
Population,2022,Both Sexes,Dont smoke - gave up,All Ages,Cork City,Number,41322.0
Population,2022,Both Sexes,Dont smoke - gave up,0 - 14 years,Cork City,Number,244.0
Population,2022,Both Sexes,Dont smoke - gave up,15-19 years,Cork City,Number,418.0
Population,2022,Both Sexes,Dont smoke - gave up,20-24 years,Cork City,Number,1246.0
Population,2022,Both Sexes,Dont smoke - gave up,25-29 years,Cork City,Number,1912.0
Population,2022,Both Sexes,Dont smoke - gave up,30-34 years,Cork City,Number,2702.0
Population,2022,Both Sexes,Dont smoke - gave up,35-39 years,Cork City,Number,3704.0
Population,2022,Both Sexes,Dont smoke - gave up,40-44 years,Cork City,Number,4117.0
Population,2022,Both Sexes,Dont smoke - gave up,45-49 years,Cork City,Number,3910.0
Population,2022,Both Sexes,Dont smoke - gave up,50-54 years,Cork City,Number,3881.0
Population,2022,Both Sexes,Dont smoke - gave up,55-59 years,Cork City,Number,3999.0
Population,2022,Both Sexes,Dont smoke - gave up,60-64 years,Cork City,Number,3912.0
Population,2022,Both Sexes,Dont smoke - gave up,65-69 years,Cork City,Number,3368.0
Population,2022,Both Sexes,Dont smoke - gave up,70-74 years,Cork City,Number,2956.0
Population,2022,Both Sexes,Dont smoke - gave up,75-79 years,Cork City,Number,2411.0
Population,2022,Both Sexes,Dont smoke - gave up,80-84 years,Cork City,Number,1508.0
Population,2022,Both Sexes,Dont smoke - gave up,85-89 years,Cork City,Number,995.0
Population,2022,Both Sexes,Dont smoke - gave up,95 years and over,Cork City,Number,39.0
Population,2022,Both Sexes,Dont smoke - gave up,All Ages,Cork County,Number,71593.0
Population,2022,Both Sexes,Dont smoke - gave up,0 - 14 years,Cork County,Number,516.0
Population,2022,Both Sexes,Dont smoke - gave up,15-19 years,Cork County,Number,676.0
Population,2022,Both Sexes,Dont smoke - gave up,20-24 years,Cork County,Number,1207.0
Population,2022,Both Sexes,Dont smoke - gave up,25-29 years,Cork County,Number,1964.0
Population,2022,Both Sexes,Dont smoke - gave up,30-34 years,Cork County,Number,3563.0
Population,2022,Both Sexes,Dont smoke - gave up,35-39 years,Cork County,Number,6126.0
Population,2022,Both Sexes,Dont smoke - gave up,40-44 years,Cork County,Number,8187.0
Population,2022,Both Sexes,Dont smoke - gave up,45-49 years,Cork County,Number,8116.0
Population,2022,Both Sexes,Dont smoke - gave up,50-54 years,Cork County,Number,8013.0
Population,2022,Both Sexes,Dont smoke - gave up,55-59 years,Cork County,Number,7036.0
Population,2022,Both Sexes,Dont smoke - gave up,60-64 years,Cork County,Number,6566.0
Population,2022,Both Sexes,Dont smoke - gave up,65-69 years,Cork County,Number,6179.0
Population,2022,Both Sexes,Dont smoke - gave up,70-74 years,Cork County,Number,5408.0
Population,2022,Both Sexes,Dont smoke - gave up,75-79 years,Cork County,Number,4080.0
Population,2022,Both Sexes,Dont smoke - gave up,80-84 years,Cork County,Number,2213.0
Population,2022,Both Sexes,Dont smoke - gave up,85-89 years,Cork County,Number,1642.0
Population,2022,Both Sexes,Dont smoke - gave up,95 years and over,Cork County,Number,101.0
Population,2022,Both Sexes,Dont smoke - gave up,All Ages,Kerry,Number,32563.0
Population,2022,Both Sexes,Dont smoke - gave up,0 - 14 years,Kerry,Number,240.0
Population,2022,Both Sexes,Dont smoke - gave up,15-19 years,Kerry,Number,292.0
Population,2022,Both Sexes,Dont smoke - gave up,20-24 years,Kerry,Number,602.0
Population,2022,Both Sexes,Dont smoke - gave up,25-29 years,Kerry,Number,879.0
Population,2022,Both Sexes,Dont smoke - gave up,30-34 years,Kerry,Number,1496.0
Population,2022,Both Sexes,Dont smoke - gave up,35-39 years,Kerry,Number,2479.0
Population,2022,Both Sexes,Dont smoke - gave up,40-44 years,Kerry,Number,3183.0
Population,2022,Both Sexes,Dont smoke - gave up,45-49 years,Kerry,Number,3346.0
Population,2022,Both Sexes,Dont smoke - gave up,50-54 years,Kerry,Number,3358.0
Population,2022,Both Sexes,Dont smoke - gave up,55-59 years,Kerry,Number,3210.0
Population,2022,Both Sexes,Dont smoke - gave up,60-64 years,Kerry,Number,3259.0
Population,2022,Both Sexes,Dont smoke - gave up,65-69 years,Kerry,Number,3070.0
Population,2022,Both Sexes,Dont smoke - gave up,70-74 years,Kerry,Number,2843.0
Population,2022,Both Sexes,Dont smoke - gave up,75-79 years,Kerry,Number,2243.0
Population,2022,Both Sexes,Dont smoke - gave up,80-84 years,Kerry,Number,1221.0
Population,2022,Both Sexes,Dont smoke - gave up,85-89 years,Kerry,Number,803.0
Population,2022,Both Sexes,Dont smoke - gave up,95 years and over,Kerry,Number,39.0
Population,2022,Both Sexes,Dont smoke - gave up,All Ages,Limerick City and County,Number,38519.0
Population,2022,Both Sexes,Dont smoke - gave up,0 - 14 years,Limerick City and County,Number,280.0
Population,2022,Both Sexes,Dont smoke - gave up,15-19 years,Limerick City and County,Number,383.0
Population,2022,Both Sexes,Dont smoke - gave up,20-24 years,Limerick City and County,Number,942.0
Population,2022,Both Sexes,Dont smoke - gave up,25-29 years,Limerick City and County,Number,1448.0
Population,2022,Both Sexes,Dont smoke - gave up,30-34 years,Limerick City and County,Number,2086.0
Population,2022,Both Sexes,Dont smoke - gave up,35-39 years,Limerick City and County,Number,3139.0
Population,2022,Both Sexes,Dont smoke - gave up,40-44 years,Limerick City and County,Number,3885.0
Population,2022,Both Sexes,Dont smoke - gave up,45-49 years,Limerick City and County,Number,3975.0
Population,2022,Both Sexes,Dont smoke - gave up,50-54 years,Limerick City and County,Number,3817.0
Population,2022,Both Sexes,Dont smoke - gave up,55-59 years,Limerick City and County,Number,3489.0
Population,2022,Both Sexes,Dont smoke - gave up,60-64 years,Limerick City and County,Number,3556.0
Population,2022,Both Sexes,Dont smoke - gave up,65-69 years,Limerick City and County,Number,3589.0
Population,2022,Both Sexes,Dont smoke - gave up,70-74 years,Limerick City and County,Number,3137.0
Population,2022,Both Sexes,Dont smoke - gave up,75-79 years,Limerick City and County,Number,2424.0
Population,2022,Both Sexes,Dont smoke - gave up,80-84 years,Limerick City and County,Number,1387.0
Population,2022,Both Sexes,Dont smoke - gave up,85-89 years,Limerick City and County,Number,930.0
Population,2022,Both Sexes,Dont smoke - gave up,95 years and over,Limerick City and County,Number,52.0
Population,2022,Both Sexes,Dont smoke - gave up,All Ages,Tipperary,Number,33618.0
Population,2022,Both Sexes,Dont smoke - gave up,0 - 14 years,Tipperary,Number,252.0
Population,2022,Both Sexes,Dont smoke - gave up,15-19 years,Tipperary,Number,325.0
Population,2022,Both Sexes,Dont smoke - gave up,20-24 years,Tipperary,Number,667.0
Population,2022,Both Sexes,Dont smoke - gave up,25-29 years,Tipperary,Number,1041.0
Population,2022,Both Sexes,Dont smoke - gave up,30-34 years,Tipperary,Number,1672.0
Population,2022,Both Sexes,Dont smoke - gave up,35-39 years,Tipperary,Number,2603.0
Population,2022,Both Sexes,Dont smoke - gave up,40-44 years,Tipperary,Number,3181.0
Population,2022,Both Sexes,Dont smoke - gave up,45-49 years,Tipperary,Number,3330.0
Population,2022,Both Sexes,Dont smoke - gave up,50-54 years,Tipperary,Number,3404.0
Population,2022,Both Sexes,Dont smoke - gave up,55-59 years,Tipperary,Number,3337.0
Population,2022,Both Sexes,Dont smoke - gave up,60-64 years,Tipperary,Number,3311.0
Population,2022,Both Sexes,Dont smoke - gave up,65-69 years,Tipperary,Number,3221.0
Population,2022,Both Sexes,Dont smoke - gave up,70-74 years,Tipperary,Number,2800.0
Population,2022,Both Sexes,Dont smoke - gave up,75-79 years,Tipperary,Number,2252.0
Population,2022,Both Sexes,Dont smoke - gave up,80-84 years,Tipperary,Number,1267.0
Population,2022,Both Sexes,Dont smoke - gave up,85-89 years,Tipperary,Number,917.0
Population,2022,Both Sexes,Dont smoke - gave up,95 years and over,Tipperary,Number,38.0
Population,2022,Both Sexes,Dont smoke - gave up,All Ages,Waterford City and County,Number,24773.0
Population,2022,Both Sexes,Dont smoke - gave up,0 - 14 years,Waterford City and County,Number,157.0
Population,2022,Both Sexes,Dont smoke - gave up,15-19 years,Waterford City and County,Number,269.0
Population,2022,Both Sexes,Dont smoke - gave up,20-24 years,Waterford City and County,Number,536.0
Population,2022,Both Sexes,Dont smoke - gave up,25-29 years,Waterford City and County,Number,787.0
Population,2022,Both Sexes,Dont smoke - gave up,30-34 years,Waterford City and County,Number,1265.0
Population,2022,Both Sexes,Dont smoke - gave up,35-39 years,Waterford City and County,Number,1987.0
Population,2022,Both Sexes,Dont smoke - gave up,40-44 years,Waterford City and County,Number,2576.0
Population,2022,Both Sexes,Dont smoke - gave up,45-49 years,Waterford City and County,Number,2508.0
Population,2022,Both Sexes,Dont smoke - gave up,50-54 years,Waterford City and County,Number,2476.0
Population,2022,Both Sexes,Dont smoke - gave up,55-59 years,Waterford City and County,Number,2475.0
Population,2022,Both Sexes,Dont smoke - gave up,60-64 years,Waterford City and County,Number,2432.0
Population,2022,Both Sexes,Dont smoke - gave up,65-69 years,Waterford City and County,Number,2271.0
Population,2022,Both Sexes,Dont smoke - gave up,70-74 years,Waterford City and County,Number,1916.0
Population,2022,Both Sexes,Dont smoke - gave up,75-79 years,Waterford City and County,Number,1570.0
Population,2022,Both Sexes,Dont smoke - gave up,80-84 years,Waterford City and County,Number,878.0
Population,2022,Both Sexes,Dont smoke - gave up,85-89 years,Waterford City and County,Number,646.0
Population,2022,Both Sexes,Dont smoke - gave up,95 years and over,Waterford City and County,Number,24.0
Population,2022,Both Sexes,Dont smoke - gave up,All Ages,Galway City,Number,14569.0
Population,2022,Both Sexes,Dont smoke - gave up,0 - 14 years,Galway City,Number,80.0
Population,2022,Both Sexes,Dont smoke - gave up,15-19 years,Galway City,Number,176.0
Population,2022,Both Sexes,Dont smoke - gave up,20-24 years,Galway City,Number,668.0
Population,2022,Both Sexes,Dont smoke - gave up,25-29 years,Galway City,Number,853.0
Population,2022,Both Sexes,Dont smoke - gave up,30-34 years,Galway City,Number,1011.0
Population,2022,Both Sexes,Dont smoke - gave up,35-39 years,Galway City,Number,1302.0
Population,2022,Both Sexes,Dont smoke - gave up,40-44 years,Galway City,Number,1642.0
Population,2022,Both Sexes,Dont smoke - gave up,45-49 years,Galway City,Number,1413.0
Population,2022,Both Sexes,Dont smoke - gave up,50-54 years,Galway City,Number,1253.0
Population,2022,Both Sexes,Dont smoke - gave up,55-59 years,Galway City,Number,1187.0
Population,2022,Both Sexes,Dont smoke - gave up,60-64 years,Galway City,Number,1138.0
Population,2022,Both Sexes,Dont smoke - gave up,65-69 years,Galway City,Number,1167.0
Population,2022,Both Sexes,Dont smoke - gave up,70-74 years,Galway City,Number,1001.0
Population,2022,Both Sexes,Dont smoke - gave up,75-79 years,Galway City,Number,805.0
Population,2022,Both Sexes,Dont smoke - gave up,80-84 years,Galway City,Number,516.0
Population,2022,Both Sexes,Dont smoke - gave up,85-89 years,Galway City,Number,343.0
Population,2022,Both Sexes,Dont smoke - gave up,95 years and over,Galway City,Number,14.0
Population,2022,Both Sexes,Dont smoke - gave up,All Ages,Galway County,Number,39121.0
Population,2022,Both Sexes,Dont smoke - gave up,0 - 14 years,Galway County,Number,311.0
Population,2022,Both Sexes,Dont smoke - gave up,15-19 years,Galway County,Number,351.0
Population,2022,Both Sexes,Dont smoke - gave up,20-24 years,Galway County,Number,629.0
Population,2022,Both Sexes,Dont smoke - gave up,25-29 years,Galway County,Number,903.0
Population,2022,Both Sexes,Dont smoke - gave up,30-34 years,Galway County,Number,1789.0
Population,2022,Both Sexes,Dont smoke - gave up,35-39 years,Galway County,Number,2999.0
Population,2022,Both Sexes,Dont smoke - gave up,40-44 years,Galway County,Number,4273.0
Population,2022,Both Sexes,Dont smoke - gave up,45-49 years,Galway County,Number,4338.0
Population,2022,Both Sexes,Dont smoke - gave up,50-54 years,Galway County,Number,4089.0
Population,2022,Both Sexes,Dont smoke - gave up,55-59 years,Galway County,Number,3717.0
Population,2022,Both Sexes,Dont smoke - gave up,60-64 years,Galway County,Number,3689.0
Population,2022,Both Sexes,Dont smoke - gave up,65-69 years,Galway County,Number,3701.0
Population,2022,Both Sexes,Dont smoke - gave up,70-74 years,Galway County,Number,3149.0
Population,2022,Both Sexes,Dont smoke - gave up,75-79 years,Galway County,Number,2470.0
Population,2022,Both Sexes,Dont smoke - gave up,80-84 years,Galway County,Number,1525.0
Population,2022,Both Sexes,Dont smoke - gave up,85-89 years,Galway County,Number,1109.0
Population,2022,Both Sexes,Dont smoke - gave up,95 years and over,Galway County,Number,79.0
Population,2022,Both Sexes,Dont smoke - gave up,All Ages,Leitrim,Number,7425.0
Population,2022,Both Sexes,Dont smoke - gave up,0 - 14 years,Leitrim,Number,55.0
Population,2022,Both Sexes,Dont smoke - gave up,15-19 years,Leitrim,Number,76.0
Population,2022,Both Sexes,Dont smoke - gave up,20-24 years,Leitrim,Number,100.0
Population,2022,Both Sexes,Dont smoke - gave up,25-29 years,Leitrim,Number,193.0
Population,2022,Both Sexes,Dont smoke - gave up,30-34 years,Leitrim,Number,333.0
Population,2022,Both Sexes,Dont smoke - gave up,35-39 years,Leitrim,Number,551.0
Population,2022,Both Sexes,Dont smoke - gave up,40-44 years,Leitrim,Number,738.0
Population,2022,Both Sexes,Dont smoke - gave up,45-49 years,Leitrim,Number,708.0
Population,2022,Both Sexes,Dont smoke - gave up,50-54 years,Leitrim,Number,760.0
Population,2022,Both Sexes,Dont smoke - gave up,55-59 years,Leitrim,Number,756.0
Population,2022,Both Sexes,Dont smoke - gave up,60-64 years,Leitrim,Number,728.0
Population,2022,Both Sexes,Dont smoke - gave up,65-69 years,Leitrim,Number,768.0
Population,2022,Both Sexes,Dont smoke - gave up,70-74 years,Leitrim,Number,651.0
Population,2022,Both Sexes,Dont smoke - gave up,75-79 years,Leitrim,Number,529.0
Population,2022,Both Sexes,Dont smoke - gave up,80-84 years,Leitrim,Number,248.0
Population,2022,Both Sexes,Dont smoke - gave up,85-89 years,Leitrim,Number,217.0
Population,2022,Both Sexes,Dont smoke - gave up,95 years and over,Leitrim,Number,14.0
Population,2022,Both Sexes,Dont smoke - gave up,All Ages,Mayo,Number,30023.0
Population,2022,Both Sexes,Dont smoke - gave up,0 - 14 years,Mayo,Number,172.0
Population,2022,Both Sexes,Dont smoke - gave up,15-19 years,Mayo,Number,229.0
Population,2022,Both Sexes,Dont smoke - gave up,20-24 years,Mayo,Number,441.0
Population,2022,Both Sexes,Dont smoke - gave up,25-29 years,Mayo,Number,744.0
Population,2022,Both Sexes,Dont smoke - gave up,30-34 years,Mayo,Number,1358.0
Population,2022,Both Sexes,Dont smoke - gave up,35-39 years,Mayo,Number,2234.0
Population,2022,Both Sexes,Dont smoke - gave up,40-44 years,Mayo,Number,2786.0
Population,2022,Both Sexes,Dont smoke - gave up,45-49 years,Mayo,Number,2857.0
Population,2022,Both Sexes,Dont smoke - gave up,50-54 years,Mayo,Number,3022.0
Population,2022,Both Sexes,Dont smoke - gave up,55-59 years,Mayo,Number,2911.0
Population,2022,Both Sexes,Dont smoke - gave up,60-64 years,Mayo,Number,3089.0
Population,2022,Both Sexes,Dont smoke - gave up,65-69 years,Mayo,Number,3053.0
Population,2022,Both Sexes,Dont smoke - gave up,70-74 years,Mayo,Number,2764.0
Population,2022,Both Sexes,Dont smoke - gave up,75-79 years,Mayo,Number,2078.0
Population,2022,Both Sexes,Dont smoke - gave up,80-84 years,Mayo,Number,1290.0
Population,2022,Both Sexes,Dont smoke - gave up,85-89 years,Mayo,Number,931.0
Population,2022,Both Sexes,Dont smoke - gave up,95 years and over,Mayo,Number,64.0
Population,2022,Both Sexes,Dont smoke - gave up,All Ages,Roscommon,Number,14324.0
Population,2022,Both Sexes,Dont smoke - gave up,0 - 14 years,Roscommon,Number,114.0
Population,2022,Both Sexes,Dont smoke - gave up,15-19 years,Roscommon,Number,127.0
Population,2022,Both Sexes,Dont smoke - gave up,20-24 years,Roscommon,Number,206.0
Population,2022,Both Sexes,Dont smoke - gave up,25-29 years,Roscommon,Number,363.0
Population,2022,Both Sexes,Dont smoke - gave up,30-34 years,Roscommon,Number,631.0
Population,2022,Both Sexes,Dont smoke - gave up,35-39 years,Roscommon,Number,1050.0
Population,2022,Both Sexes,Dont smoke - gave up,40-44 years,Roscommon,Number,1352.0
Population,2022,Both Sexes,Dont smoke - gave up,45-49 years,Roscommon,Number,1354.0
Population,2022,Both Sexes,Dont smoke - gave up,50-54 years,Roscommon,Number,1471.0
Population,2022,Both Sexes,Dont smoke - gave up,55-59 years,Roscommon,Number,1399.0
Population,2022,Both Sexes,Dont smoke - gave up,60-64 years,Roscommon,Number,1449.0
Population,2022,Both Sexes,Dont smoke - gave up,65-69 years,Roscommon,Number,1512.0
Population,2022,Both Sexes,Dont smoke - gave up,70-74 years,Roscommon,Number,1270.0
Population,2022,Both Sexes,Dont smoke - gave up,75-79 years,Roscommon,Number,991.0
Population,2022,Both Sexes,Dont smoke - gave up,80-84 years,Roscommon,Number,561.0
Population,2022,Both Sexes,Dont smoke - gave up,85-89 years,Roscommon,Number,450.0
Population,2022,Both Sexes,Dont smoke - gave up,95 years and over,Roscommon,Number,24.0
Population,2022,Both Sexes,Dont smoke - gave up,All Ages,Sligo,Number,14258.0
Population,2022,Both Sexes,Dont smoke - gave up,0 - 14 years,Sligo,Number,93.0
Population,2022,Both Sexes,Dont smoke - gave up,15-19 years,Sligo,Number,135.0
Population,2022,Both Sexes,Dont smoke - gave up,20-24 years,Sligo,Number,298.0
Population,2022,Both Sexes,Dont smoke - gave up,25-29 years,Sligo,Number,417.0
Population,2022,Both Sexes,Dont smoke - gave up,30-34 years,Sligo,Number,624.0
Population,2022,Both Sexes,Dont smoke - gave up,35-39 years,Sligo,Number,1076.0
Population,2022,Both Sexes,Dont smoke - gave up,40-44 years,Sligo,Number,1397.0
Population,2022,Both Sexes,Dont smoke - gave up,45-49 years,Sligo,Number,1338.0
Population,2022,Both Sexes,Dont smoke - gave up,50-54 years,Sligo,Number,1406.0
Population,2022,Both Sexes,Dont smoke - gave up,55-59 years,Sligo,Number,1325.0
Population,2022,Both Sexes,Dont smoke - gave up,60-64 years,Sligo,Number,1407.0
Population,2022,Both Sexes,Dont smoke - gave up,65-69 years,Sligo,Number,1397.0
Population,2022,Both Sexes,Dont smoke - gave up,70-74 years,Sligo,Number,1319.0
Population,2022,Both Sexes,Dont smoke - gave up,75-79 years,Sligo,Number,1005.0
Population,2022,Both Sexes,Dont smoke - gave up,80-84 years,Sligo,Number,568.0
Population,2022,Both Sexes,Dont smoke - gave up,85-89 years,Sligo,Number,436.0
Population,2022,Both Sexes,Dont smoke - gave up,95 years and over,Sligo,Number,17.0
Population,2022,Both Sexes,Dont smoke - gave up,All Ages,Cavan,Number,15419.0
Population,2022,Both Sexes,Dont smoke - gave up,0 - 14 years,Cavan,Number,154.0
Population,2022,Both Sexes,Dont smoke - gave up,15-19 years,Cavan,Number,179.0
Population,2022,Both Sexes,Dont smoke - gave up,20-24 years,Cavan,Number,307.0
Population,2022,Both Sexes,Dont smoke - gave up,25-29 years,Cavan,Number,509.0
Population,2022,Both Sexes,Dont smoke - gave up,30-34 years,Cavan,Number,845.0
Population,2022,Both Sexes,Dont smoke - gave up,35-39 years,Cavan,Number,1353.0
Population,2022,Both Sexes,Dont smoke - gave up,40-44 years,Cavan,Number,1565.0
Population,2022,Both Sexes,Dont smoke - gave up,45-49 years,Cavan,Number,1507.0
Population,2022,Both Sexes,Dont smoke - gave up,50-54 years,Cavan,Number,1625.0
Population,2022,Both Sexes,Dont smoke - gave up,55-59 years,Cavan,Number,1459.0
Population,2022,Both Sexes,Dont smoke - gave up,60-64 years,Cavan,Number,1445.0
Population,2022,Both Sexes,Dont smoke - gave up,65-69 years,Cavan,Number,1456.0
Population,2022,Both Sexes,Dont smoke - gave up,70-74 years,Cavan,Number,1215.0
Population,2022,Both Sexes,Dont smoke - gave up,75-79 years,Cavan,Number,878.0
Population,2022,Both Sexes,Dont smoke - gave up,80-84 years,Cavan,Number,498.0
Population,2022,Both Sexes,Dont smoke - gave up,85-89 years,Cavan,Number,410.0
Population,2022,Both Sexes,Dont smoke - gave up,95 years and over,Cavan,Number,14.0
Population,2022,Both Sexes,Dont smoke - gave up,All Ages,Donegal,Number,33639.0
Population,2022,Both Sexes,Dont smoke - gave up,0 - 14 years,Donegal,Number,229.0
Population,2022,Both Sexes,Dont smoke - gave up,15-19 years,Donegal,Number,350.0
Population,2022,Both Sexes,Dont smoke - gave up,20-24 years,Donegal,Number,520.0
Population,2022,Both Sexes,Dont smoke - gave up,25-29 years,Donegal,Number,854.0
Population,2022,Both Sexes,Dont smoke - gave up,30-34 years,Donegal,Number,1438.0
Population,2022,Both Sexes,Dont smoke - gave up,35-39 years,Donegal,Number,2329.0
Population,2022,Both Sexes,Dont smoke - gave up,40-44 years,Donegal,Number,3098.0
Population,2022,Both Sexes,Dont smoke - gave up,45-49 years,Donegal,Number,3248.0
Population,2022,Both Sexes,Dont smoke - gave up,50-54 years,Donegal,Number,3468.0
Population,2022,Both Sexes,Dont smoke - gave up,55-59 years,Donegal,Number,3204.0
Population,2022,Both Sexes,Dont smoke - gave up,60-64 years,Donegal,Number,3351.0
Population,2022,Both Sexes,Dont smoke - gave up,65-69 years,Donegal,Number,3404.0
Population,2022,Both Sexes,Dont smoke - gave up,70-74 years,Donegal,Number,3082.0
Population,2022,Both Sexes,Dont smoke - gave up,75-79 years,Donegal,Number,2517.0
Population,2022,Both Sexes,Dont smoke - gave up,80-84 years,Donegal,Number,1448.0
Population,2022,Both Sexes,Dont smoke - gave up,85-89 years,Donegal,Number,1040.0
Population,2022,Both Sexes,Dont smoke - gave up,95 years and over,Donegal,Number,59.0
Population,2022,Both Sexes,Dont smoke - gave up,All Ages,Monaghan,Number,11788.0
Population,2022,Both Sexes,Dont smoke - gave up,0 - 14 years,Monaghan,Number,127.0
Population,2022,Both Sexes,Dont smoke - gave up,15-19 years,Monaghan,Number,132.0
Population,2022,Both Sexes,Dont smoke - gave up,20-24 years,Monaghan,Number,234.0
Population,2022,Both Sexes,Dont smoke - gave up,25-29 years,Monaghan,Number,319.0
Population,2022,Both Sexes,Dont smoke - gave up,30-34 years,Monaghan,Number,600.0
Population,2022,Both Sexes,Dont smoke - gave up,35-39 years,Monaghan,Number,964.0
Population,2022,Both Sexes,Dont smoke - gave up,40-44 years,Monaghan,Number,1208.0
Population,2022,Both Sexes,Dont smoke - gave up,45-49 years,Monaghan,Number,1245.0
Population,2022,Both Sexes,Dont smoke - gave up,50-54 years,Monaghan,Number,1155.0
Population,2022,Both Sexes,Dont smoke - gave up,55-59 years,Monaghan,Number,1073.0
Population,2022,Both Sexes,Dont smoke - gave up,60-64 years,Monaghan,Number,1143.0
Population,2022,Both Sexes,Dont smoke - gave up,65-69 years,Monaghan,Number,1159.0
Population,2022,Both Sexes,Dont smoke - gave up,70-74 years,Monaghan,Number,961.0
Population,2022,Both Sexes,Dont smoke - gave up,75-79 years,Monaghan,Number,756.0
Population,2022,Both Sexes,Dont smoke - gave up,80-84 years,Monaghan,Number,402.0
Population,2022,Both Sexes,Dont smoke - gave up,85-89 years,Monaghan,Number,296.0
Population,2022,Both Sexes,Dont smoke - gave up,95 years and over,Monaghan,Number,14.0
Population,2022,Both Sexes,Never smoked,All Ages,State,Number,3113712.0
Population,2022,Both Sexes,Never smoked,0 - 14 years,State,Number,904891.0
Population,2022,Both Sexes,Never smoked,15-19 years,State,Number,285033.0
Population,2022,Both Sexes,Never smoked,20-24 years,State,Number,198760.0
Population,2022,Both Sexes,Never smoked,25-29 years,State,Number,167080.0
Population,2022,Both Sexes,Never smoked,30-34 years,State,Number,176526.0
Population,2022,Both Sexes,Never smoked,35-39 years,State,Number,191015.0
Population,2022,Both Sexes,Never smoked,40-44 years,State,Number,200131.0
Population,2022,Both Sexes,Never smoked,45-49 years,State,Number,181528.0
Population,2022,Both Sexes,Never smoked,50-54 years,State,Number,160135.0
Population,2022,Both Sexes,Never smoked,55-59 years,State,Number,147101.0
Population,2022,Both Sexes,Never smoked,60-64 years,State,Number,125480.0
Population,2022,Both Sexes,Never smoked,65-69 years,State,Number,108161.0
Population,2022,Both Sexes,Never smoked,70-74 years,State,Number,95136.0
Population,2022,Both Sexes,Never smoked,75-79 years,State,Number,73935.0
Population,2022,Both Sexes,Never smoked,80-84 years,State,Number,50538.0
Population,2022,Both Sexes,Never smoked,85-89 years,State,Number,44760.0
Population,2022,Both Sexes,Never smoked,95 years and over,State,Number,3502.0
Population,2022,Both Sexes,Never smoked,All Ages,Carlow,Number,36639.0
Population,2022,Both Sexes,Never smoked,0 - 14 years,Carlow,Number,11119.0
Population,2022,Both Sexes,Never smoked,15-19 years,Carlow,Number,3582.0
Population,2022,Both Sexes,Never smoked,20-24 years,Carlow,Number,2311.0
Population,2022,Both Sexes,Never smoked,25-29 years,Carlow,Number,1662.0
Population,2022,Both Sexes,Never smoked,30-34 years,Carlow,Number,1832.0
Population,2022,Both Sexes,Never smoked,35-39 years,Carlow,Number,2124.0
Population,2022,Both Sexes,Never smoked,40-44 years,Carlow,Number,2326.0
Population,2022,Both Sexes,Never smoked,45-49 years,Carlow,Number,2052.0
Population,2022,Both Sexes,Never smoked,50-54 years,Carlow,Number,1838.0
Population,2022,Both Sexes,Never smoked,55-59 years,Carlow,Number,1765.0
Population,2022,Both Sexes,Never smoked,60-64 years,Carlow,Number,1467.0
Population,2022,Both Sexes,Never smoked,65-69 years,Carlow,Number,1368.0
Population,2022,Both Sexes,Never smoked,70-74 years,Carlow,Number,1204.0
Population,2022,Both Sexes,Never smoked,75-79 years,Carlow,Number,872.0
Population,2022,Both Sexes,Never smoked,80-84 years,Carlow,Number,629.0
Population,2022,Both Sexes,Never smoked,85-89 years,Carlow,Number,462.0
Population,2022,Both Sexes,Never smoked,95 years and over,Carlow,Number,26.0
Population,2022,Both Sexes,Never smoked,All Ages,Dublin City,Number,316328.0
Population,2022,Both Sexes,Never smoked,0 - 14 years,Dublin City,Number,70211.0
Population,2022,Both Sexes,Never smoked,15-19 years,Dublin City,Number,22063.0
Population,2022,Both Sexes,Never smoked,20-24 years,Dublin City,Number,27389.0
Population,2022,Both Sexes,Never smoked,25-29 years,Dublin City,Number,33341.0
Population,2022,Both Sexes,Never smoked,30-34 years,Dublin City,Number,30963.0
Population,2022,Both Sexes,Never smoked,35-39 years,Dublin City,Number,24226.0
Population,2022,Both Sexes,Never smoked,40-44 years,Dublin City,Number,20002.0
Population,2022,Both Sexes,Never smoked,45-49 years,Dublin City,Number,15816.0
Population,2022,Both Sexes,Never smoked,50-54 years,Dublin City,Number,14177.0
Population,2022,Both Sexes,Never smoked,55-59 years,Dublin City,Number,12879.0
Population,2022,Both Sexes,Never smoked,60-64 years,Dublin City,Number,11007.0
Population,2022,Both Sexes,Never smoked,65-69 years,Dublin City,Number,8693.0
Population,2022,Both Sexes,Never smoked,70-74 years,Dublin City,Number,7680.0
Population,2022,Both Sexes,Never smoked,75-79 years,Dublin City,Number,6466.0
Population,2022,Both Sexes,Never smoked,80-84 years,Dublin City,Number,5373.0
Population,2022,Both Sexes,Never smoked,85-89 years,Dublin City,Number,5618.0
Population,2022,Both Sexes,Never smoked,95 years and over,Dublin City,Number,424.0
Population,2022,Both Sexes,Never smoked,All Ages,Dun Laoghaire-Rathdown,Number,154811.0
Population,2022,Both Sexes,Never smoked,0 - 14 years,Dun Laoghaire-Rathdown,Number,39871.0
Population,2022,Both Sexes,Never smoked,15-19 years,Dun Laoghaire-Rathdown,Number,12741.0
Population,2022,Both Sexes,Never smoked,20-24 years,Dun Laoghaire-Rathdown,Number,11535.0
Population,2022,Both Sexes,Never smoked,25-29 years,Dun Laoghaire-Rathdown,Number,9767.0
Population,2022,Both Sexes,Never smoked,30-34 years,Dun Laoghaire-Rathdown,Number,9903.0
Population,2022,Both Sexes,Never smoked,35-39 years,Dun Laoghaire-Rathdown,Number,9906.0
Population,2022,Both Sexes,Never smoked,40-44 years,Dun Laoghaire-Rathdown,Number,10132.0
Population,2022,Both Sexes,Never smoked,45-49 years,Dun Laoghaire-Rathdown,Number,8650.0
Population,2022,Both Sexes,Never smoked,50-54 years,Dun Laoghaire-Rathdown,Number,7757.0
Population,2022,Both Sexes,Never smoked,55-59 years,Dun Laoghaire-Rathdown,Number,7201.0
Population,2022,Both Sexes,Never smoked,60-64 years,Dun Laoghaire-Rathdown,Number,6336.0
Population,2022,Both Sexes,Never smoked,65-69 years,Dun Laoghaire-Rathdown,Number,5405.0
Population,2022,Both Sexes,Never smoked,70-74 years,Dun Laoghaire-Rathdown,Number,4825.0
Population,2022,Both Sexes,Never smoked,75-79 years,Dun Laoghaire-Rathdown,Number,4133.0
Population,2022,Both Sexes,Never smoked,80-84 years,Dun Laoghaire-Rathdown,Number,3300.0
Population,2022,Both Sexes,Never smoked,85-89 years,Dun Laoghaire-Rathdown,Number,3092.0
Population,2022,Both Sexes,Never smoked,95 years and over,Dun Laoghaire-Rathdown,Number,257.0
Population,2022,Both Sexes,Never smoked,All Ages,Fingal,Number,209369.0
Population,2022,Both Sexes,Never smoked,0 - 14 years,Fingal,Number,65654.0
Population,2022,Both Sexes,Never smoked,15-19 years,Fingal,Number,19655.0
Population,2022,Both Sexes,Never smoked,20-24 years,Fingal,Number,13042.0
Population,2022,Both Sexes,Never smoked,25-29 years,Fingal,Number,10750.0
Population,2022,Both Sexes,Never smoked,30-34 years,Fingal,Number,12130.0
Population,2022,Both Sexes,Never smoked,35-39 years,Fingal,Number,14287.0
Population,2022,Both Sexes,Never smoked,40-44 years,Fingal,Number,15701.0
Population,2022,Both Sexes,Never smoked,45-49 years,Fingal,Number,14124.0
Population,2022,Both Sexes,Never smoked,50-54 years,Fingal,Number,11037.0
Population,2022,Both Sexes,Never smoked,55-59 years,Fingal,Number,8630.0
Population,2022,Both Sexes,Never smoked,60-64 years,Fingal,Number,6774.0
Population,2022,Both Sexes,Never smoked,65-69 years,Fingal,Number,5499.0
Population,2022,Both Sexes,Never smoked,70-74 years,Fingal,Number,4812.0
Population,2022,Both Sexes,Never smoked,75-79 years,Fingal,Number,3532.0
Population,2022,Both Sexes,Never smoked,80-84 years,Fingal,Number,2063.0
Population,2022,Both Sexes,Never smoked,85-89 years,Fingal,Number,1564.0
Population,2022,Both Sexes,Never smoked,95 years and over,Fingal,Number,115.0
Population,2022,Both Sexes,Never smoked,All Ages,South Dublin,Number,185575.0
Population,2022,Both Sexes,Never smoked,0 - 14 years,South Dublin,Number,56408.0
Population,2022,Both Sexes,Never smoked,15-19 years,South Dublin,Number,17362.0
Population,2022,Both Sexes,Never smoked,20-24 years,South Dublin,Number,12364.0
Population,2022,Both Sexes,Never smoked,25-29 years,South Dublin,Number,10519.0
Population,2022,Both Sexes,Never smoked,30-34 years,South Dublin,Number,11155.0
Population,2022,Both Sexes,Never smoked,35-39 years,South Dublin,Number,12583.0
Population,2022,Both Sexes,Never smoked,40-44 years,South Dublin,Number,13000.0
Population,2022,Both Sexes,Never smoked,45-49 years,South Dublin,Number,10666.0
Population,2022,Both Sexes,Never smoked,50-54 years,South Dublin,Number,9002.0
Population,2022,Both Sexes,Never smoked,55-59 years,South Dublin,Number,7494.0
Population,2022,Both Sexes,Never smoked,60-64 years,South Dublin,Number,6425.0
Population,2022,Both Sexes,Never smoked,65-69 years,South Dublin,Number,5613.0
Population,2022,Both Sexes,Never smoked,70-74 years,South Dublin,Number,5110.0
Population,2022,Both Sexes,Never smoked,75-79 years,South Dublin,Number,3629.0
Population,2022,Both Sexes,Never smoked,80-84 years,South Dublin,Number,2307.0
Population,2022,Both Sexes,Never smoked,85-89 years,South Dublin,Number,1812.0
Population,2022,Both Sexes,Never smoked,95 years and over,South Dublin,Number,126.0
Population,2022,Both Sexes,Never smoked,All Ages,Kildare,Number,157947.0
Population,2022,Both Sexes,Never smoked,0 - 14 years,Kildare,Number,49161.0
Population,2022,Both Sexes,Never smoked,15-19 years,Kildare,Number,15649.0
Population,2022,Both Sexes,Never smoked,20-24 years,Kildare,Number,9884.0
Population,2022,Both Sexes,Never smoked,25-29 years,Kildare,Number,7471.0
Population,2022,Both Sexes,Never smoked,30-34 years,Kildare,Number,8570.0
Population,2022,Both Sexes,Never smoked,35-39 years,Kildare,Number,10300.0
Population,2022,Both Sexes,Never smoked,40-44 years,Kildare,Number,10934.0
Population,2022,Both Sexes,Never smoked,45-49 years,Kildare,Number,10144.0
Population,2022,Both Sexes,Never smoked,50-54 years,Kildare,Number,8586.0
Population,2022,Both Sexes,Never smoked,55-59 years,Kildare,Number,7128.0
Population,2022,Both Sexes,Never smoked,60-64 years,Kildare,Number,5565.0
Population,2022,Both Sexes,Never smoked,65-69 years,Kildare,Number,4705.0
Population,2022,Both Sexes,Never smoked,70-74 years,Kildare,Number,3936.0
Population,2022,Both Sexes,Never smoked,75-79 years,Kildare,Number,2840.0
Population,2022,Both Sexes,Never smoked,80-84 years,Kildare,Number,1599.0
Population,2022,Both Sexes,Never smoked,85-89 years,Kildare,Number,1356.0
Population,2022,Both Sexes,Never smoked,95 years and over,Kildare,Number,119.0
Population,2022,Both Sexes,Never smoked,All Ages,Kilkenny,Number,64634.0
Population,2022,Both Sexes,Never smoked,0 - 14 years,Kilkenny,Number,19324.0
Population,2022,Both Sexes,Never smoked,15-19 years,Kilkenny,Number,6157.0
Population,2022,Both Sexes,Never smoked,20-24 years,Kilkenny,Number,3473.0
Population,2022,Both Sexes,Never smoked,25-29 years,Kilkenny,Number,2879.0
Population,2022,Both Sexes,Never smoked,30-34 years,Kilkenny,Number,3072.0
Population,2022,Both Sexes,Never smoked,35-39 years,Kilkenny,Number,3645.0
Population,2022,Both Sexes,Never smoked,40-44 years,Kilkenny,Number,4065.0
Population,2022,Both Sexes,Never smoked,45-49 years,Kilkenny,Number,3859.0
Population,2022,Both Sexes,Never smoked,50-54 years,Kilkenny,Number,3430.0
Population,2022,Both Sexes,Never smoked,55-59 years,Kilkenny,Number,3286.0
Population,2022,Both Sexes,Never smoked,60-64 years,Kilkenny,Number,2903.0
Population,2022,Both Sexes,Never smoked,65-69 years,Kilkenny,Number,2476.0
Population,2022,Both Sexes,Never smoked,70-74 years,Kilkenny,Number,2155.0
Population,2022,Both Sexes,Never smoked,75-79 years,Kilkenny,Number,1726.0
Population,2022,Both Sexes,Never smoked,80-84 years,Kilkenny,Number,1118.0
Population,2022,Both Sexes,Never smoked,85-89 years,Kilkenny,Number,980.0
Population,2022,Both Sexes,Never smoked,95 years and over,Kilkenny,Number,86.0
Population,2022,Both Sexes,Never smoked,All Ages,Laois,Number,56414.0
Population,2022,Both Sexes,Never smoked,0 - 14 years,Laois,Number,18415.0
Population,2022,Both Sexes,Never smoked,15-19 years,Laois,Number,5683.0
Population,2022,Both Sexes,Never smoked,20-24 years,Laois,Number,3144.0
Population,2022,Both Sexes,Never smoked,25-29 years,Laois,Number,2372.0
Population,2022,Both Sexes,Never smoked,30-34 years,Laois,Number,2633.0
Population,2022,Both Sexes,Never smoked,35-39 years,Laois,Number,3493.0
Population,2022,Both Sexes,Never smoked,40-44 years,Laois,Number,3803.0
Population,2022,Both Sexes,Never smoked,45-49 years,Laois,Number,3301.0
Population,2022,Both Sexes,Never smoked,50-54 years,Laois,Number,2878.0
Population,2022,Both Sexes,Never smoked,55-59 years,Laois,Number,2557.0
Population,2022,Both Sexes,Never smoked,60-64 years,Laois,Number,2136.0
Population,2022,Both Sexes,Never smoked,65-69 years,Laois,Number,1830.0
Population,2022,Both Sexes,Never smoked,70-74 years,Laois,Number,1516.0
Population,2022,Both Sexes,Never smoked,75-79 years,Laois,Number,1243.0
Population,2022,Both Sexes,Never smoked,80-84 years,Laois,Number,735.0
Population,2022,Both Sexes,Never smoked,85-89 years,Laois,Number,639.0
Population,2022,Both Sexes,Never smoked,95 years and over,Laois,Number,36.0
Population,2022,Both Sexes,Never smoked,All Ages,Longford,Number,25852.0
Population,2022,Both Sexes,Never smoked,0 - 14 years,Longford,Number,8328.0
Population,2022,Both Sexes,Never smoked,15-19 years,Longford,Number,2498.0
Population,2022,Both Sexes,Never smoked,20-24 years,Longford,Number,1336.0
Population,2022,Both Sexes,Never smoked,25-29 years,Longford,Number,990.0
Population,2022,Both Sexes,Never smoked,30-34 years,Longford,Number,1166.0
Population,2022,Both Sexes,Never smoked,35-39 years,Longford,Number,1414.0
Population,2022,Both Sexes,Never smoked,40-44 years,Longford,Number,1648.0
Population,2022,Both Sexes,Never smoked,45-49 years,Longford,Number,1531.0
Population,2022,Both Sexes,Never smoked,50-54 years,Longford,Number,1278.0
Population,2022,Both Sexes,Never smoked,55-59 years,Longford,Number,1233.0
Population,2022,Both Sexes,Never smoked,60-64 years,Longford,Number,1057.0
Population,2022,Both Sexes,Never smoked,65-69 years,Longford,Number,938.0
Population,2022,Both Sexes,Never smoked,70-74 years,Longford,Number,861.0
Population,2022,Both Sexes,Never smoked,75-79 years,Longford,Number,700.0
Population,2022,Both Sexes,Never smoked,80-84 years,Longford,Number,413.0
Population,2022,Both Sexes,Never smoked,85-89 years,Longford,Number,432.0
Population,2022,Both Sexes,Never smoked,95 years and over,Longford,Number,29.0
Population,2022,Both Sexes,Never smoked,All Ages,Louth,Number,83329.0
Population,2022,Both Sexes,Never smoked,0 - 14 years,Louth,Number,25703.0
Population,2022,Both Sexes,Never smoked,15-19 years,Louth,Number,8479.0
Population,2022,Both Sexes,Never smoked,20-24 years,Louth,Number,5531.0
Population,2022,Both Sexes,Never smoked,25-29 years,Louth,Number,3911.0
Population,2022,Both Sexes,Never smoked,30-34 years,Louth,Number,4282.0
Population,2022,Both Sexes,Never smoked,35-39 years,Louth,Number,4775.0
Population,2022,Both Sexes,Never smoked,40-44 years,Louth,Number,5031.0
Population,2022,Both Sexes,Never smoked,45-49 years,Louth,Number,4867.0
Population,2022,Both Sexes,Never smoked,50-54 years,Louth,Number,4466.0
Population,2022,Both Sexes,Never smoked,55-59 years,Louth,Number,3911.0
Population,2022,Both Sexes,Never smoked,60-64 years,Louth,Number,3096.0
Population,2022,Both Sexes,Never smoked,65-69 years,Louth,Number,2670.0
Population,2022,Both Sexes,Never smoked,70-74 years,Louth,Number,2275.0
Population,2022,Both Sexes,Never smoked,75-79 years,Louth,Number,1900.0
Population,2022,Both Sexes,Never smoked,80-84 years,Louth,Number,1275.0
Population,2022,Both Sexes,Never smoked,85-89 years,Louth,Number,1063.0
Population,2022,Both Sexes,Never smoked,95 years and over,Louth,Number,94.0
Population,2022,Both Sexes,Never smoked,All Ages,Meath,Number,141467.0
Population,2022,Both Sexes,Never smoked,0 - 14 years,Meath,Number,46180.0
Population,2022,Both Sexes,Never smoked,15-19 years,Meath,Number,14134.0
Population,2022,Both Sexes,Never smoked,20-24 years,Meath,Number,8563.0
Population,2022,Both Sexes,Never smoked,25-29 years,Meath,Number,6038.0
Population,2022,Both Sexes,Never smoked,30-34 years,Meath,Number,7215.0
Population,2022,Both Sexes,Never smoked,35-39 years,Meath,Number,8575.0
Population,2022,Both Sexes,Never smoked,40-44 years,Meath,Number,9545.0
Population,2022,Both Sexes,Never smoked,45-49 years,Meath,Number,8981.0
Population,2022,Both Sexes,Never smoked,50-54 years,Meath,Number,7770.0
Population,2022,Both Sexes,Never smoked,55-59 years,Meath,Number,6559.0
Population,2022,Both Sexes,Never smoked,60-64 years,Meath,Number,4947.0
Population,2022,Both Sexes,Never smoked,65-69 years,Meath,Number,4022.0
Population,2022,Both Sexes,Never smoked,70-74 years,Meath,Number,3457.0
Population,2022,Both Sexes,Never smoked,75-79 years,Meath,Number,2493.0
Population,2022,Both Sexes,Never smoked,80-84 years,Meath,Number,1590.0
Population,2022,Both Sexes,Never smoked,85-89 years,Meath,Number,1304.0
Population,2022,Both Sexes,Never smoked,95 years and over,Meath,Number,94.0
Population,2022,Both Sexes,Never smoked,All Ages,Offaly,Number,50316.0
Population,2022,Both Sexes,Never smoked,0 - 14 years,Offaly,Number,15390.0
Population,2022,Both Sexes,Never smoked,15-19 years,Offaly,Number,4960.0
Population,2022,Both Sexes,Never smoked,20-24 years,Offaly,Number,2966.0
Population,2022,Both Sexes,Never smoked,25-29 years,Offaly,Number,2162.0
Population,2022,Both Sexes,Never smoked,30-34 years,Offaly,Number,2321.0
Population,2022,Both Sexes,Never smoked,35-39 years,Offaly,Number,2729.0
Population,2022,Both Sexes,Never smoked,40-44 years,Offaly,Number,3156.0
Population,2022,Both Sexes,Never smoked,45-49 years,Offaly,Number,3004.0
Population,2022,Both Sexes,Never smoked,50-54 years,Offaly,Number,2682.0
Population,2022,Both Sexes,Never smoked,55-59 years,Offaly,Number,2523.0
Population,2022,Both Sexes,Never smoked,60-64 years,Offaly,Number,2119.0
Population,2022,Both Sexes,Never smoked,65-69 years,Offaly,Number,1813.0
Population,2022,Both Sexes,Never smoked,70-74 years,Offaly,Number,1625.0
Population,2022,Both Sexes,Never smoked,75-79 years,Offaly,Number,1263.0
Population,2022,Both Sexes,Never smoked,80-84 years,Offaly,Number,821.0
Population,2022,Both Sexes,Never smoked,85-89 years,Offaly,Number,740.0
Population,2022,Both Sexes,Never smoked,95 years and over,Offaly,Number,42.0
Population,2022,Both Sexes,Never smoked,All Ages,Westmeath,Number,56889.0
Population,2022,Both Sexes,Never smoked,0 - 14 years,Westmeath,Number,17596.0
Population,2022,Both Sexes,Never smoked,15-19 years,Westmeath,Number,5371.0
Population,2022,Both Sexes,Never smoked,20-24 years,Westmeath,Number,3455.0
Population,2022,Both Sexes,Never smoked,25-29 years,Westmeath,Number,2714.0
Population,2022,Both Sexes,Never smoked,30-34 years,Westmeath,Number,2955.0
Population,2022,Both Sexes,Never smoked,35-39 years,Westmeath,Number,3509.0
Population,2022,Both Sexes,Never smoked,40-44 years,Westmeath,Number,3614.0
Population,2022,Both Sexes,Never smoked,45-49 years,Westmeath,Number,3178.0
Population,2022,Both Sexes,Never smoked,50-54 years,Westmeath,Number,2862.0
Population,2022,Both Sexes,Never smoked,55-59 years,Westmeath,Number,2676.0
Population,2022,Both Sexes,Never smoked,60-64 years,Westmeath,Number,2301.0
Population,2022,Both Sexes,Never smoked,65-69 years,Westmeath,Number,2005.0
Population,2022,Both Sexes,Never smoked,70-74 years,Westmeath,Number,1673.0
Population,2022,Both Sexes,Never smoked,75-79 years,Westmeath,Number,1310.0
Population,2022,Both Sexes,Never smoked,80-84 years,Westmeath,Number,881.0
Population,2022,Both Sexes,Never smoked,85-89 years,Westmeath,Number,730.0
Population,2022,Both Sexes,Never smoked,95 years and over,Westmeath,Number,59.0
Population,2022,Both Sexes,Never smoked,All Ages,Wexford,Number,95738.0
Population,2022,Both Sexes,Never smoked,0 - 14 years,Wexford,Number,29368.0
Population,2022,Both Sexes,Never smoked,15-19 years,Wexford,Number,9365.0
Population,2022,Both Sexes,Never smoked,20-24 years,Wexford,Number,5157.0
Population,2022,Both Sexes,Never smoked,25-29 years,Wexford,Number,4082.0
Population,2022,Both Sexes,Never smoked,30-34 years,Wexford,Number,4493.0
Population,2022,Both Sexes,Never smoked,35-39 years,Wexford,Number,5217.0
Population,2022,Both Sexes,Never smoked,40-44 years,Wexford,Number,5652.0
Population,2022,Both Sexes,Never smoked,45-49 years,Wexford,Number,5413.0
Population,2022,Both Sexes,Never smoked,50-54 years,Wexford,Number,5072.0
Population,2022,Both Sexes,Never smoked,55-59 years,Wexford,Number,4770.0
Population,2022,Both Sexes,Never smoked,60-64 years,Wexford,Number,4191.0
Population,2022,Both Sexes,Never smoked,65-69 years,Wexford,Number,3595.0
Population,2022,Both Sexes,Never smoked,70-74 years,Wexford,Number,3266.0
Population,2022,Both Sexes,Never smoked,75-79 years,Wexford,Number,2682.0
Population,2022,Both Sexes,Never smoked,80-84 years,Wexford,Number,1814.0
Population,2022,Both Sexes,Never smoked,85-89 years,Wexford,Number,1474.0
Population,2022,Both Sexes,Never smoked,95 years and over,Wexford,Number,127.0
Population,2022,Both Sexes,Never smoked,All Ages,Wicklow,Number,96019.0
Population,2022,Both Sexes,Never smoked,0 - 14 years,Wicklow,Number,29750.0
Population,2022,Both Sexes,Never smoked,15-19 years,Wicklow,Number,9068.0
Population,2022,Both Sexes,Never smoked,20-24 years,Wicklow,Number,5169.0
Population,2022,Both Sexes,Never smoked,25-29 years,Wicklow,Number,4057.0
Population,2022,Both Sexes,Never smoked,30-34 years,Wicklow,Number,4545.0
Population,2022,Both Sexes,Never smoked,35-39 years,Wicklow,Number,5630.0
Population,2022,Both Sexes,Never smoked,40-44 years,Wicklow,Number,6394.0
Population,2022,Both Sexes,Never smoked,45-49 years,Wicklow,Number,6002.0
Population,2022,Both Sexes,Never smoked,50-54 years,Wicklow,Number,5167.0
Population,2022,Both Sexes,Never smoked,55-59 years,Wicklow,Number,4615.0
Population,2022,Both Sexes,Never smoked,60-64 years,Wicklow,Number,4051.0
Population,2022,Both Sexes,Never smoked,65-69 years,Wicklow,Number,3314.0
Population,2022,Both Sexes,Never smoked,70-74 years,Wicklow,Number,2983.0
Population,2022,Both Sexes,Never smoked,75-79 years,Wicklow,Number,2375.0
Population,2022,Both Sexes,Never smoked,80-84 years,Wicklow,Number,1510.0
Population,2022,Both Sexes,Never smoked,85-89 years,Wicklow,Number,1292.0
Population,2022,Both Sexes,Never smoked,95 years and over,Wicklow,Number,97.0
Population,2022,Both Sexes,Never smoked,All Ages,Clare,Number,76262.0
Population,2022,Both Sexes,Never smoked,0 - 14 years,Clare,Number,22233.0
Population,2022,Both Sexes,Never smoked,15-19 years,Clare,Number,7619.0
Population,2022,Both Sexes,Never smoked,20-24 years,Clare,Number,4574.0
Population,2022,Both Sexes,Never smoked,25-29 years,Clare,Number,3249.0
Population,2022,Both Sexes,Never smoked,30-34 years,Clare,Number,3382.0
Population,2022,Both Sexes,Never smoked,35-39 years,Clare,Number,3938.0
Population,2022,Both Sexes,Never smoked,40-44 years,Clare,Number,4617.0
Population,2022,Both Sexes,Never smoked,45-49 years,Clare,Number,4442.0
Population,2022,Both Sexes,Never smoked,50-54 years,Clare,Number,4248.0
Population,2022,Both Sexes,Never smoked,55-59 years,Clare,Number,3990.0
Population,2022,Both Sexes,Never smoked,60-64 years,Clare,Number,3408.0
Population,2022,Both Sexes,Never smoked,65-69 years,Clare,Number,3079.0
Population,2022,Both Sexes,Never smoked,70-74 years,Clare,Number,2743.0
Population,2022,Both Sexes,Never smoked,75-79 years,Clare,Number,2105.0
Population,2022,Both Sexes,Never smoked,80-84 years,Clare,Number,1351.0
Population,2022,Both Sexes,Never smoked,85-89 years,Clare,Number,1177.0
Population,2022,Both Sexes,Never smoked,95 years and over,Clare,Number,107.0
Population,2022,Both Sexes,Never smoked,All Ages,Cork City,Number,130633.0
Population,2022,Both Sexes,Never smoked,0 - 14 years,Cork City,Number,32801.0
Population,2022,Both Sexes,Never smoked,15-19 years,Cork City,Number,11024.0
Population,2022,Both Sexes,Never smoked,20-24 years,Cork City,Number,11068.0
Population,2022,Both Sexes,Never smoked,25-29 years,Cork City,Number,9704.0
Population,2022,Both Sexes,Never smoked,30-34 years,Cork City,Number,9183.0
Population,2022,Both Sexes,Never smoked,35-39 years,Cork City,Number,8437.0
Population,2022,Both Sexes,Never smoked,40-44 years,Cork City,Number,7866.0
Population,2022,Both Sexes,Never smoked,45-49 years,Cork City,Number,6878.0
Population,2022,Both Sexes,Never smoked,50-54 years,Cork City,Number,6063.0
Population,2022,Both Sexes,Never smoked,55-59 years,Cork City,Number,5972.0
Population,2022,Both Sexes,Never smoked,60-64 years,Cork City,Number,5316.0
Population,2022,Both Sexes,Never smoked,65-69 years,Cork City,Number,4322.0
Population,2022,Both Sexes,Never smoked,70-74 years,Cork City,Number,3897.0
Population,2022,Both Sexes,Never smoked,75-79 years,Cork City,Number,3313.0
Population,2022,Both Sexes,Never smoked,80-84 years,Cork City,Number,2513.0
Population,2022,Both Sexes,Never smoked,85-89 years,Cork City,Number,2133.0
Population,2022,Both Sexes,Never smoked,95 years and over,Cork City,Number,143.0
Population,2022,Both Sexes,Never smoked,All Ages,Cork County,Number,228730.0
Population,2022,Both Sexes,Never smoked,0 - 14 years,Cork County,Number,71101.0
Population,2022,Both Sexes,Never smoked,15-19 years,Cork County,Number,21586.0
Population,2022,Both Sexes,Never smoked,20-24 years,Cork County,Number,11873.0
Population,2022,Both Sexes,Never smoked,25-29 years,Cork County,Number,9000.0
Population,2022,Both Sexes,Never smoked,30-34 years,Cork County,Number,10544.0
Population,2022,Both Sexes,Never smoked,35-39 years,Cork County,Number,12810.0
Population,2022,Both Sexes,Never smoked,40-44 years,Cork County,Number,14887.0
Population,2022,Both Sexes,Never smoked,45-49 years,Cork County,Number,14282.0
Population,2022,Both Sexes,Never smoked,50-54 years,Cork County,Number,12205.0
Population,2022,Both Sexes,Never smoked,55-59 years,Cork County,Number,11499.0
Population,2022,Both Sexes,Never smoked,60-64 years,Cork County,Number,9652.0
Population,2022,Both Sexes,Never smoked,65-69 years,Cork County,Number,8536.0
Population,2022,Both Sexes,Never smoked,70-74 years,Cork County,Number,7599.0
Population,2022,Both Sexes,Never smoked,75-79 years,Cork County,Number,5767.0
Population,2022,Both Sexes,Never smoked,80-84 years,Cork County,Number,3758.0
Population,2022,Both Sexes,Never smoked,85-89 years,Cork County,Number,3378.0
Population,2022,Both Sexes,Never smoked,95 years and over,Cork County,Number,253.0
Population,2022,Both Sexes,Never smoked,All Ages,Kerry,Number,93765.0
Population,2022,Both Sexes,Never smoked,0 - 14 years,Kerry,Number,25825.0
Population,2022,Both Sexes,Never smoked,15-19 years,Kerry,Number,8390.0
Population,2022,Both Sexes,Never smoked,20-24 years,Kerry,Number,5013.0
Population,2022,Both Sexes,Never smoked,25-29 years,Kerry,Number,3802.0
Population,2022,Both Sexes,Never smoked,30-34 years,Kerry,Number,4222.0
Population,2022,Both Sexes,Never smoked,35-39 years,Kerry,Number,5099.0
Population,2022,Both Sexes,Never smoked,40-44 years,Kerry,Number,5796.0
Population,2022,Both Sexes,Never smoked,45-49 years,Kerry,Number,5396.0
Population,2022,Both Sexes,Never smoked,50-54 years,Kerry,Number,5220.0
Population,2022,Both Sexes,Never smoked,55-59 years,Kerry,Number,5052.0
Population,2022,Both Sexes,Never smoked,60-64 years,Kerry,Number,4856.0
Population,2022,Both Sexes,Never smoked,65-69 years,Kerry,Number,4517.0
Population,2022,Both Sexes,Never smoked,70-74 years,Kerry,Number,3957.0
Population,2022,Both Sexes,Never smoked,75-79 years,Kerry,Number,2995.0
Population,2022,Both Sexes,Never smoked,80-84 years,Kerry,Number,1928.0
Population,2022,Both Sexes,Never smoked,85-89 years,Kerry,Number,1581.0
Population,2022,Both Sexes,Never smoked,95 years and over,Kerry,Number,116.0
Population,2022,Both Sexes,Never smoked,All Ages,Limerick City and County,Number,121734.0
Population,2022,Both Sexes,Never smoked,0 - 14 years,Limerick City and County,Number,34466.0
Population,2022,Both Sexes,Never smoked,15-19 years,Limerick City and County,Number,11258.0
Population,2022,Both Sexes,Never smoked,20-24 years,Limerick City and County,Number,8595.0
Population,2022,Both Sexes,Never smoked,25-29 years,Limerick City and County,Number,6828.0
Population,2022,Both Sexes,Never smoked,30-34 years,Limerick City and County,Number,6462.0
Population,2022,Both Sexes,Never smoked,35-39 years,Limerick City and County,Number,6984.0
Population,2022,Both Sexes,Never smoked,40-44 years,Limerick City and County,Number,7319.0
Population,2022,Both Sexes,Never smoked,45-49 years,Limerick City and County,Number,6788.0
Population,2022,Both Sexes,Never smoked,50-54 years,Limerick City and County,Number,6044.0
Population,2022,Both Sexes,Never smoked,55-59 years,Limerick City and County,Number,5746.0
Population,2022,Both Sexes,Never smoked,60-64 years,Limerick City and County,Number,5151.0
Population,2022,Both Sexes,Never smoked,65-69 years,Limerick City and County,Number,4604.0
Population,2022,Both Sexes,Never smoked,70-74 years,Limerick City and County,Number,4121.0
Population,2022,Both Sexes,Never smoked,75-79 years,Limerick City and County,Number,3231.0
Population,2022,Both Sexes,Never smoked,80-84 years,Limerick City and County,Number,2212.0
Population,2022,Both Sexes,Never smoked,85-89 years,Limerick City and County,Number,1771.0
Population,2022,Both Sexes,Never smoked,95 years and over,Limerick City and County,Number,154.0
Population,2022,Both Sexes,Never smoked,All Ages,Tipperary,Number,100942.0
Population,2022,Both Sexes,Never smoked,0 - 14 years,Tipperary,Number,30062.0
Population,2022,Both Sexes,Never smoked,15-19 years,Tipperary,Number,9519.0
Population,2022,Both Sexes,Never smoked,20-24 years,Tipperary,Number,5697.0
Population,2022,Both Sexes,Never smoked,25-29 years,Tipperary,Number,4215.0
Population,2022,Both Sexes,Never smoked,30-34 years,Tipperary,Number,4585.0
Population,2022,Both Sexes,Never smoked,35-39 years,Tipperary,Number,5286.0
Population,2022,Both Sexes,Never smoked,40-44 years,Tipperary,Number,5970.0
Population,2022,Both Sexes,Never smoked,45-49 years,Tipperary,Number,5830.0
Population,2022,Both Sexes,Never smoked,50-54 years,Tipperary,Number,5275.0
Population,2022,Both Sexes,Never smoked,55-59 years,Tipperary,Number,5272.0
Population,2022,Both Sexes,Never smoked,60-64 years,Tipperary,Number,4582.0
Population,2022,Both Sexes,Never smoked,65-69 years,Tipperary,Number,4152.0
Population,2022,Both Sexes,Never smoked,70-74 years,Tipperary,Number,3741.0
Population,2022,Both Sexes,Never smoked,75-79 years,Tipperary,Number,2850.0
Population,2022,Both Sexes,Never smoked,80-84 years,Tipperary,Number,1905.0
Population,2022,Both Sexes,Never smoked,85-89 years,Tipperary,Number,1862.0
Population,2022,Both Sexes,Never smoked,95 years and over,Tipperary,Number,139.0
Population,2022,Both Sexes,Never smoked,All Ages,Waterford City and County,Number,75689.0
Population,2022,Both Sexes,Never smoked,0 - 14 years,Waterford City and County,Number,21927.0
Population,2022,Both Sexes,Never smoked,15-19 years,Waterford City and County,Number,7266.0
Population,2022,Both Sexes,Never smoked,20-24 years,Waterford City and County,Number,4569.0
Population,2022,Both Sexes,Never smoked,25-29 years,Waterford City and County,Number,3446.0
Population,2022,Both Sexes,Never smoked,30-34 years,Waterford City and County,Number,3840.0
Population,2022,Both Sexes,Never smoked,35-39 years,Waterford City and County,Number,4151.0
Population,2022,Both Sexes,Never smoked,40-44 years,Waterford City and County,Number,4518.0
Population,2022,Both Sexes,Never smoked,45-49 years,Waterford City and County,Number,4354.0
Population,2022,Both Sexes,Never smoked,50-54 years,Waterford City and County,Number,3957.0
Population,2022,Both Sexes,Never smoked,55-59 years,Waterford City and County,Number,3958.0
Population,2022,Both Sexes,Never smoked,60-64 years,Waterford City and County,Number,3311.0
Population,2022,Both Sexes,Never smoked,65-69 years,Waterford City and County,Number,2932.0
Population,2022,Both Sexes,Never smoked,70-74 years,Waterford City and County,Number,2572.0
Population,2022,Both Sexes,Never smoked,75-79 years,Waterford City and County,Number,2111.0
Population,2022,Both Sexes,Never smoked,80-84 years,Waterford City and County,Number,1451.0
Population,2022,Both Sexes,Never smoked,85-89 years,Waterford City and County,Number,1239.0
Population,2022,Both Sexes,Never smoked,95 years and over,Waterford City and County,Number,87.0
Population,2022,Both Sexes,Never smoked,All Ages,Galway City,Number,46346.0
Population,2022,Both Sexes,Never smoked,0 - 14 years,Galway City,Number,10975.0
Population,2022,Both Sexes,Never smoked,15-19 years,Galway City,Number,3998.0
Population,2022,Both Sexes,Never smoked,20-24 years,Galway City,Number,5267.0
Population,2022,Both Sexes,Never smoked,25-29 years,Galway City,Number,3885.0
Population,2022,Both Sexes,Never smoked,30-34 years,Galway City,Number,3395.0
Population,2022,Both Sexes,Never smoked,35-39 years,Galway City,Number,3055.0
Population,2022,Both Sexes,Never smoked,40-44 years,Galway City,Number,2894.0
Population,2022,Both Sexes,Never smoked,45-49 years,Galway City,Number,2425.0
Population,2022,Both Sexes,Never smoked,50-54 years,Galway City,Number,2055.0
Population,2022,Both Sexes,Never smoked,55-59 years,Galway City,Number,1888.0
Population,2022,Both Sexes,Never smoked,60-64 years,Galway City,Number,1589.0
Population,2022,Both Sexes,Never smoked,65-69 years,Galway City,Number,1388.0
Population,2022,Both Sexes,Never smoked,70-74 years,Galway City,Number,1184.0
Population,2022,Both Sexes,Never smoked,75-79 years,Galway City,Number,986.0
Population,2022,Both Sexes,Never smoked,80-84 years,Galway City,Number,708.0
Population,2022,Both Sexes,Never smoked,85-89 years,Galway City,Number,608.0
Population,2022,Both Sexes,Never smoked,95 years and over,Galway City,Number,46.0
Population,2022,Both Sexes,Never smoked,All Ages,Galway County,Number,121597.0
Population,2022,Both Sexes,Never smoked,0 - 14 years,Galway County,Number,37104.0
Population,2022,Both Sexes,Never smoked,15-19 years,Galway County,Number,11615.0
Population,2022,Both Sexes,Never smoked,20-24 years,Galway County,Number,6126.0
Population,2022,Both Sexes,Never smoked,25-29 years,Galway County,Number,4558.0
Population,2022,Both Sexes,Never smoked,30-34 years,Galway County,Number,5471.0
Population,2022,Both Sexes,Never smoked,35-39 years,Galway County,Number,7106.0
Population,2022,Both Sexes,Never smoked,40-44 years,Galway County,Number,7921.0
Population,2022,Both Sexes,Never smoked,45-49 years,Galway County,Number,7610.0
Population,2022,Both Sexes,Never smoked,50-54 years,Galway County,Number,6734.0
Population,2022,Both Sexes,Never smoked,55-59 years,Galway County,Number,6250.0
Population,2022,Both Sexes,Never smoked,60-64 years,Galway County,Number,5309.0
Population,2022,Both Sexes,Never smoked,65-69 years,Galway County,Number,4734.0
Population,2022,Both Sexes,Never smoked,70-74 years,Galway County,Number,3999.0
Population,2022,Both Sexes,Never smoked,75-79 years,Galway County,Number,2931.0
Population,2022,Both Sexes,Never smoked,80-84 years,Galway County,Number,2070.0
Population,2022,Both Sexes,Never smoked,85-89 years,Galway County,Number,1880.0
Population,2022,Both Sexes,Never smoked,95 years and over,Galway County,Number,179.0
Population,2022,Both Sexes,Never smoked,All Ages,Leitrim,Number,21309.0
Population,2022,Both Sexes,Never smoked,0 - 14 years,Leitrim,Number,6523.0
Population,2022,Both Sexes,Never smoked,15-19 years,Leitrim,Number,1979.0
Population,2022,Both Sexes,Never smoked,20-24 years,Leitrim,Number,1007.0
Population,2022,Both Sexes,Never smoked,25-29 years,Leitrim,Number,761.0
Population,2022,Both Sexes,Never smoked,30-34 years,Leitrim,Number,1010.0
Population,2022,Both Sexes,Never smoked,35-39 years,Leitrim,Number,1118.0
Population,2022,Both Sexes,Never smoked,40-44 years,Leitrim,Number,1268.0
Population,2022,Both Sexes,Never smoked,45-49 years,Leitrim,Number,1226.0
Population,2022,Both Sexes,Never smoked,50-54 years,Leitrim,Number,1095.0
Population,2022,Both Sexes,Never smoked,55-59 years,Leitrim,Number,1074.0
Population,2022,Both Sexes,Never smoked,60-64 years,Leitrim,Number,1004.0
Population,2022,Both Sexes,Never smoked,65-69 years,Leitrim,Number,967.0
Population,2022,Both Sexes,Never smoked,70-74 years,Leitrim,Number,815.0
Population,2022,Both Sexes,Never smoked,75-79 years,Leitrim,Number,589.0
Population,2022,Both Sexes,Never smoked,80-84 years,Leitrim,Number,452.0
Population,2022,Both Sexes,Never smoked,85-89 years,Leitrim,Number,385.0
Population,2022,Both Sexes,Never smoked,95 years and over,Leitrim,Number,36.0
Population,2022,Both Sexes,Never smoked,All Ages,Mayo,Number,83597.0
Population,2022,Both Sexes,Never smoked,0 - 14 years,Mayo,Number,24066.0
Population,2022,Both Sexes,Never smoked,15-19 years,Mayo,Number,7610.0
Population,2022,Both Sexes,Never smoked,20-24 years,Mayo,Number,4172.0
Population,2022,Both Sexes,Never smoked,25-29 years,Mayo,Number,3310.0
Population,2022,Both Sexes,Never smoked,30-34 years,Mayo,Number,3828.0
Population,2022,Both Sexes,Never smoked,35-39 years,Mayo,Number,4606.0
Population,2022,Both Sexes,Never smoked,40-44 years,Mayo,Number,4860.0
Population,2022,Both Sexes,Never smoked,45-49 years,Mayo,Number,4466.0
Population,2022,Both Sexes,Never smoked,50-54 years,Mayo,Number,4421.0
Population,2022,Both Sexes,Never smoked,55-59 years,Mayo,Number,4608.0
Population,2022,Both Sexes,Never smoked,60-64 years,Mayo,Number,4224.0
Population,2022,Both Sexes,Never smoked,65-69 years,Mayo,Number,3962.0
Population,2022,Both Sexes,Never smoked,70-74 years,Mayo,Number,3495.0
Population,2022,Both Sexes,Never smoked,75-79 years,Mayo,Number,2528.0
Population,2022,Both Sexes,Never smoked,80-84 years,Mayo,Number,1704.0
Population,2022,Both Sexes,Never smoked,85-89 years,Mayo,Number,1607.0
Population,2022,Both Sexes,Never smoked,95 years and over,Mayo,Number,130.0
Population,2022,Both Sexes,Never smoked,All Ages,Roscommon,Number,42909.0
Population,2022,Both Sexes,Never smoked,0 - 14 years,Roscommon,Number,12798.0
Population,2022,Both Sexes,Never smoked,15-19 years,Roscommon,Number,4026.0
Population,2022,Both Sexes,Never smoked,20-24 years,Roscommon,Number,2172.0
Population,2022,Both Sexes,Never smoked,25-29 years,Roscommon,Number,1639.0
Population,2022,Both Sexes,Never smoked,30-34 years,Roscommon,Number,1874.0
Population,2022,Both Sexes,Never smoked,35-39 years,Roscommon,Number,2386.0
Population,2022,Both Sexes,Never smoked,40-44 years,Roscommon,Number,2608.0
Population,2022,Both Sexes,Never smoked,45-49 years,Roscommon,Number,2480.0
Population,2022,Both Sexes,Never smoked,50-54 years,Roscommon,Number,2220.0
Population,2022,Both Sexes,Never smoked,55-59 years,Roscommon,Number,2297.0
Population,2022,Both Sexes,Never smoked,60-64 years,Roscommon,Number,2071.0
Population,2022,Both Sexes,Never smoked,65-69 years,Roscommon,Number,1863.0
Population,2022,Both Sexes,Never smoked,70-74 years,Roscommon,Number,1554.0
Population,2022,Both Sexes,Never smoked,75-79 years,Roscommon,Number,1171.0
Population,2022,Both Sexes,Never smoked,80-84 years,Roscommon,Number,841.0
Population,2022,Both Sexes,Never smoked,85-89 years,Roscommon,Number,848.0
Population,2022,Both Sexes,Never smoked,95 years and over,Roscommon,Number,61.0
Population,2022,Both Sexes,Never smoked,All Ages,Sligo,Number,42581.0
Population,2022,Both Sexes,Never smoked,0 - 14 years,Sligo,Number,12245.0
Population,2022,Both Sexes,Never smoked,15-19 years,Sligo,Number,3911.0
Population,2022,Both Sexes,Never smoked,20-24 years,Sligo,Number,2505.0
Population,2022,Both Sexes,Never smoked,25-29 years,Sligo,Number,1726.0
Population,2022,Both Sexes,Never smoked,30-34 years,Sligo,Number,1914.0
Population,2022,Both Sexes,Never smoked,35-39 years,Sligo,Number,2396.0
Population,2022,Both Sexes,Never smoked,40-44 years,Sligo,Number,2590.0
Population,2022,Both Sexes,Never smoked,45-49 years,Sligo,Number,2461.0
Population,2022,Both Sexes,Never smoked,50-54 years,Sligo,Number,2201.0
Population,2022,Both Sexes,Never smoked,55-59 years,Sligo,Number,2244.0
Population,2022,Both Sexes,Never smoked,60-64 years,Sligo,Number,2114.0
Population,2022,Both Sexes,Never smoked,65-69 years,Sligo,Number,1858.0
Population,2022,Both Sexes,Never smoked,70-74 years,Sligo,Number,1612.0
Population,2022,Both Sexes,Never smoked,75-79 years,Sligo,Number,1214.0
Population,2022,Both Sexes,Never smoked,80-84 years,Sligo,Number,783.0
Population,2022,Both Sexes,Never smoked,85-89 years,Sligo,Number,749.0
Population,2022,Both Sexes,Never smoked,95 years and over,Sligo,Number,58.0
Population,2022,Both Sexes,Never smoked,All Ages,Cavan,Number,49837.0
Population,2022,Both Sexes,Never smoked,0 - 14 years,Cavan,Number,15879.0
Population,2022,Both Sexes,Never smoked,15-19 years,Cavan,Number,4816.0
Population,2022,Both Sexes,Never smoked,20-24 years,Cavan,Number,2670.0
Population,2022,Both Sexes,Never smoked,25-29 years,Cavan,Number,2056.0
Population,2022,Both Sexes,Never smoked,30-34 years,Cavan,Number,2387.0
Population,2022,Both Sexes,Never smoked,35-39 years,Cavan,Number,2963.0
Population,2022,Both Sexes,Never smoked,40-44 years,Cavan,Number,3061.0
Population,2022,Both Sexes,Never smoked,45-49 years,Cavan,Number,2730.0
Population,2022,Both Sexes,Never smoked,50-54 years,Cavan,Number,2559.0
Population,2022,Both Sexes,Never smoked,55-59 years,Cavan,Number,2500.0
Population,2022,Both Sexes,Never smoked,60-64 years,Cavan,Number,2097.0
Population,2022,Both Sexes,Never smoked,65-69 years,Cavan,Number,1793.0
Population,2022,Both Sexes,Never smoked,70-74 years,Cavan,Number,1549.0
Population,2022,Both Sexes,Never smoked,75-79 years,Cavan,Number,1185.0
Population,2022,Both Sexes,Never smoked,80-84 years,Cavan,Number,767.0
Population,2022,Both Sexes,Never smoked,85-89 years,Cavan,Number,760.0
Population,2022,Both Sexes,Never smoked,95 years and over,Cavan,Number,65.0
Population,2022,Both Sexes,Never smoked,All Ages,Donegal,Number,104574.0
Population,2022,Both Sexes,Never smoked,0 - 14 years,Donegal,Number,31307.0
Population,2022,Both Sexes,Never smoked,15-19 years,Donegal,Number,9816.0
Population,2022,Both Sexes,Never smoked,20-24 years,Donegal,Number,5846.0
Population,2022,Both Sexes,Never smoked,25-29 years,Donegal,Number,4323.0
Population,2022,Both Sexes,Never smoked,30-34 years,Donegal,Number,5177.0
Population,2022,Both Sexes,Never smoked,35-39 years,Donegal,Number,5793.0
Population,2022,Both Sexes,Never smoked,40-44 years,Donegal,Number,6382.0
Population,2022,Both Sexes,Never smoked,45-49 years,Donegal,Number,6182.0
Population,2022,Both Sexes,Never smoked,50-54 years,Donegal,Number,5696.0
Population,2022,Both Sexes,Never smoked,55-59 years,Donegal,Number,5487.0
Population,2022,Both Sexes,Never smoked,60-64 years,Donegal,Number,4615.0
Population,2022,Both Sexes,Never smoked,65-69 years,Donegal,Number,3985.0
Population,2022,Both Sexes,Never smoked,70-74 years,Donegal,Number,3524.0
Population,2022,Both Sexes,Never smoked,75-79 years,Donegal,Number,2756.0
Population,2022,Both Sexes,Never smoked,80-84 years,Donegal,Number,1970.0
Population,2022,Both Sexes,Never smoked,85-89 years,Donegal,Number,1567.0
Population,2022,Both Sexes,Never smoked,95 years and over,Donegal,Number,148.0
Population,2022,Both Sexes,Never smoked,All Ages,Monaghan,Number,41880.0
Population,2022,Both Sexes,Never smoked,0 - 14 years,Monaghan,Number,13101.0
Population,2022,Both Sexes,Never smoked,15-19 years,Monaghan,Number,3833.0
Population,2022,Both Sexes,Never smoked,20-24 years,Monaghan,Number,2287.0
Population,2022,Both Sexes,Never smoked,25-29 years,Monaghan,Number,1863.0
Population,2022,Both Sexes,Never smoked,30-34 years,Monaghan,Number,2017.0
Population,2022,Both Sexes,Never smoked,35-39 years,Monaghan,Number,2474.0
Population,2022,Both Sexes,Never smoked,40-44 years,Monaghan,Number,2571.0
Population,2022,Both Sexes,Never smoked,45-49 years,Monaghan,Number,2390.0
Population,2022,Both Sexes,Never smoked,50-54 years,Monaghan,Number,2140.0
Population,2022,Both Sexes,Never smoked,55-59 years,Monaghan,Number,2037.0
Population,2022,Both Sexes,Never smoked,60-64 years,Monaghan,Number,1806.0
Population,2022,Both Sexes,Never smoked,65-69 years,Monaghan,Number,1523.0
Population,2022,Both Sexes,Never smoked,70-74 years,Monaghan,Number,1396.0
Population,2022,Both Sexes,Never smoked,75-79 years,Monaghan,Number,1039.0
Population,2022,Both Sexes,Never smoked,80-84 years,Monaghan,Number,697.0
Population,2022,Both Sexes,Never smoked,85-89 years,Monaghan,Number,657.0
Population,2022,Both Sexes,Never smoked,95 years and over,Monaghan,Number,49.0
Population,2022,Both Sexes,Not stated,All Ages,State,Number,385095.0
Population,2022,Both Sexes,Not stated,0 - 14 years,State,Number,99359.0
Population,2022,Both Sexes,Not stated,15-19 years,State,Number,22965.0
Population,2022,Both Sexes,Not stated,20-24 years,State,Number,24054.0
Population,2022,Both Sexes,Not stated,25-29 years,State,Number,22671.0
Population,2022,Both Sexes,Not stated,30-34 years,State,Number,28007.0
Population,2022,Both Sexes,Not stated,35-39 years,State,Number,30903.0
Population,2022,Both Sexes,Not stated,40-44 years,State,Number,31363.0
Population,2022,Both Sexes,Not stated,45-49 years,State,Number,24889.0
Population,2022,Both Sexes,Not stated,50-54 years,State,Number,20898.0
Population,2022,Both Sexes,Not stated,55-59 years,State,Number,17004.0
Population,2022,Both Sexes,Not stated,60-64 years,State,Number,15145.0
Population,2022,Both Sexes,Not stated,65-69 years,State,Number,12962.0
Population,2022,Both Sexes,Not stated,70-74 years,State,Number,11717.0
Population,2022,Both Sexes,Not stated,75-79 years,State,Number,9078.0
Population,2022,Both Sexes,Not stated,80-84 years,State,Number,6288.0
Population,2022,Both Sexes,Not stated,85-89 years,State,Number,6868.0
Population,2022,Both Sexes,Not stated,95 years and over,State,Number,924.0
Population,2022,Both Sexes,Not stated,All Ages,Carlow,Number,4499.0
Population,2022,Both Sexes,Not stated,0 - 14 years,Carlow,Number,1121.0
Population,2022,Both Sexes,Not stated,15-19 years,Carlow,Number,298.0
Population,2022,Both Sexes,Not stated,20-24 years,Carlow,Number,342.0
Population,2022,Both Sexes,Not stated,25-29 years,Carlow,Number,270.0
Population,2022,Both Sexes,Not stated,30-34 years,Carlow,Number,312.0
Population,2022,Both Sexes,Not stated,35-39 years,Carlow,Number,366.0
Population,2022,Both Sexes,Not stated,40-44 years,Carlow,Number,336.0
Population,2022,Both Sexes,Not stated,45-49 years,Carlow,Number,288.0
Population,2022,Both Sexes,Not stated,50-54 years,Carlow,Number,228.0
Population,2022,Both Sexes,Not stated,55-59 years,Carlow,Number,200.0
Population,2022,Both Sexes,Not stated,60-64 years,Carlow,Number,184.0
Population,2022,Both Sexes,Not stated,65-69 years,Carlow,Number,133.0
Population,2022,Both Sexes,Not stated,70-74 years,Carlow,Number,157.0
Population,2022,Both Sexes,Not stated,75-79 years,Carlow,Number,113.0
Population,2022,Both Sexes,Not stated,80-84 years,Carlow,Number,71.0
Population,2022,Both Sexes,Not stated,85-89 years,Carlow,Number,72.0
Population,2022,Both Sexes,Not stated,95 years and over,Carlow,Number,8.0
Population,2022,Both Sexes,Not stated,All Ages,Dublin City,Number,84267.0
Population,2022,Both Sexes,Not stated,0 - 14 years,Dublin City,Number,17678.0
Population,2022,Both Sexes,Not stated,15-19 years,Dublin City,Number,5261.0
Population,2022,Both Sexes,Not stated,20-24 years,Dublin City,Number,5996.0
Population,2022,Both Sexes,Not stated,25-29 years,Dublin City,Number,6158.0
Population,2022,Both Sexes,Not stated,30-34 years,Dublin City,Number,7750.0
Population,2022,Both Sexes,Not stated,35-39 years,Dublin City,Number,8064.0
Population,2022,Both Sexes,Not stated,40-44 years,Dublin City,Number,7632.0
Population,2022,Both Sexes,Not stated,45-49 years,Dublin City,Number,5883.0
Population,2022,Both Sexes,Not stated,50-54 years,Dublin City,Number,4699.0
Population,2022,Both Sexes,Not stated,55-59 years,Dublin City,Number,3636.0
Population,2022,Both Sexes,Not stated,60-64 years,Dublin City,Number,3057.0
Population,2022,Both Sexes,Not stated,65-69 years,Dublin City,Number,2452.0
Population,2022,Both Sexes,Not stated,70-74 years,Dublin City,Number,2044.0
Population,2022,Both Sexes,Not stated,75-79 years,Dublin City,Number,1550.0
Population,2022,Both Sexes,Not stated,80-84 years,Dublin City,Number,1022.0
Population,2022,Both Sexes,Not stated,85-89 years,Dublin City,Number,1193.0
Population,2022,Both Sexes,Not stated,95 years and over,Dublin City,Number,192.0
Population,2022,Both Sexes,Not stated,All Ages,Dun Laoghaire-Rathdown,Number,8749.0
Population,2022,Both Sexes,Not stated,0 - 14 years,Dun Laoghaire-Rathdown,Number,2143.0
Population,2022,Both Sexes,Not stated,15-19 years,Dun Laoghaire-Rathdown,Number,501.0
Population,2022,Both Sexes,Not stated,20-24 years,Dun Laoghaire-Rathdown,Number,559.0
Population,2022,Both Sexes,Not stated,25-29 years,Dun Laoghaire-Rathdown,Number,485.0
Population,2022,Both Sexes,Not stated,30-34 years,Dun Laoghaire-Rathdown,Number,536.0
Population,2022,Both Sexes,Not stated,35-39 years,Dun Laoghaire-Rathdown,Number,638.0
Population,2022,Both Sexes,Not stated,40-44 years,Dun Laoghaire-Rathdown,Number,642.0
Population,2022,Both Sexes,Not stated,45-49 years,Dun Laoghaire-Rathdown,Number,552.0
Population,2022,Both Sexes,Not stated,50-54 years,Dun Laoghaire-Rathdown,Number,488.0
Population,2022,Both Sexes,Not stated,55-59 years,Dun Laoghaire-Rathdown,Number,384.0
Population,2022,Both Sexes,Not stated,60-64 years,Dun Laoghaire-Rathdown,Number,341.0
Population,2022,Both Sexes,Not stated,65-69 years,Dun Laoghaire-Rathdown,Number,300.0
Population,2022,Both Sexes,Not stated,70-74 years,Dun Laoghaire-Rathdown,Number,309.0
Population,2022,Both Sexes,Not stated,75-79 years,Dun Laoghaire-Rathdown,Number,252.0
Population,2022,Both Sexes,Not stated,80-84 years,Dun Laoghaire-Rathdown,Number,252.0
Population,2022,Both Sexes,Not stated,85-89 years,Dun Laoghaire-Rathdown,Number,325.0
Population,2022,Both Sexes,Not stated,95 years and over,Dun Laoghaire-Rathdown,Number,42.0
Population,2022,Both Sexes,Not stated,All Ages,Fingal,Number,26503.0
Population,2022,Both Sexes,Not stated,0 - 14 years,Fingal,Number,7929.0
Population,2022,Both Sexes,Not stated,15-19 years,Fingal,Number,1614.0
Population,2022,Both Sexes,Not stated,20-24 years,Fingal,Number,1553.0
Population,2022,Both Sexes,Not stated,25-29 years,Fingal,Number,1430.0
Population,2022,Both Sexes,Not stated,30-34 years,Fingal,Number,1939.0
Population,2022,Both Sexes,Not stated,35-39 years,Fingal,Number,2182.0
Population,2022,Both Sexes,Not stated,40-44 years,Fingal,Number,2334.0
Population,2022,Both Sexes,Not stated,45-49 years,Fingal,Number,1737.0
Population,2022,Both Sexes,Not stated,50-54 years,Fingal,Number,1335.0
Population,2022,Both Sexes,Not stated,55-59 years,Fingal,Number,990.0
Population,2022,Both Sexes,Not stated,60-64 years,Fingal,Number,811.0
Population,2022,Both Sexes,Not stated,65-69 years,Fingal,Number,648.0
Population,2022,Both Sexes,Not stated,70-74 years,Fingal,Number,636.0
Population,2022,Both Sexes,Not stated,75-79 years,Fingal,Number,486.0
Population,2022,Both Sexes,Not stated,80-84 years,Fingal,Number,388.0
Population,2022,Both Sexes,Not stated,85-89 years,Fingal,Number,439.0
Population,2022,Both Sexes,Not stated,95 years and over,Fingal,Number,52.0
Population,2022,Both Sexes,Not stated,All Ages,South Dublin,Number,23240.0
Population,2022,Both Sexes,Not stated,0 - 14 years,South Dublin,Number,7144.0
Population,2022,Both Sexes,Not stated,15-19 years,South Dublin,Number,1466.0
Population,2022,Both Sexes,Not stated,20-24 years,South Dublin,Number,1542.0
Population,2022,Both Sexes,Not stated,25-29 years,South Dublin,Number,1330.0
Population,2022,Both Sexes,Not stated,30-34 years,South Dublin,Number,1541.0
Population,2022,Both Sexes,Not stated,35-39 years,South Dublin,Number,1733.0
Population,2022,Both Sexes,Not stated,40-44 years,South Dublin,Number,1907.0
Population,2022,Both Sexes,Not stated,45-49 years,South Dublin,Number,1464.0
Population,2022,Both Sexes,Not stated,50-54 years,South Dublin,Number,1102.0
Population,2022,Both Sexes,Not stated,55-59 years,South Dublin,Number,836.0
Population,2022,Both Sexes,Not stated,60-64 years,South Dublin,Number,764.0
Population,2022,Both Sexes,Not stated,65-69 years,South Dublin,Number,710.0
Population,2022,Both Sexes,Not stated,70-74 years,South Dublin,Number,609.0
Population,2022,Both Sexes,Not stated,75-79 years,South Dublin,Number,467.0
Population,2022,Both Sexes,Not stated,80-84 years,South Dublin,Number,
Population,2022,Both Sexes,Not stated,85-89 years,South Dublin,Number,300.0
Population,2022,Both Sexes,Not stated,95 years and over,South Dublin,Number,
Population,2022,Both Sexes,Not stated,All Ages,Kildare,Number,13574.0
Population,2022,Both Sexes,Not stated,0 - 14 years,Kildare,Number,3808.0
Population,2022,Both Sexes,Not stated,15-19 years,Kildare,Number,853.0
Population,2022,Both Sexes,Not stated,20-24 years,Kildare,Number,823.0
Population,2022,Both Sexes,Not stated,25-29 years,Kildare,Number,697.0
Population,2022,Both Sexes,Not stated,30-34 years,Kildare,Number,836.0
Population,2022,Both Sexes,Not stated,35-39 years,Kildare,Number,979.0
Population,2022,Both Sexes,Not stated,40-44 years,Kildare,Number,1032.0
Population,2022,Both Sexes,Not stated,45-49 years,Kildare,Number,922.0
Population,2022,Both Sexes,Not stated,50-54 years,Kildare,Number,770.0
Population,2022,Both Sexes,Not stated,55-59 years,Kildare,Number,637.0
Population,2022,Both Sexes,Not stated,60-64 years,Kildare,Number,541.0
Population,2022,Both Sexes,Not stated,65-69 years,Kildare,Number,522.0
Population,2022,Both Sexes,Not stated,70-74 years,Kildare,Number,404.0
Population,2022,Both Sexes,Not stated,75-79 years,Kildare,Number,312.0
Population,2022,Both Sexes,Not stated,80-84 years,Kildare,Number,228.0
Population,2022,Both Sexes,Not stated,85-89 years,Kildare,Number,
Population,2022,Both Sexes,Not stated,95 years and over,Kildare,Number,
Population,2022,Both Sexes,Not stated,All Ages,Kilkenny,Number,5544.0
Population,2022,Both Sexes,Not stated,0 - 14 years,Kilkenny,Number,1558.0
Population,2022,Both Sexes,Not stated,15-19 years,Kilkenny,Number,320.0
Population,2022,Both Sexes,Not stated,20-24 years,Kilkenny,Number,274.0
Population,2022,Both Sexes,Not stated,25-29 years,Kilkenny,Number,252.0
Population,2022,Both Sexes,Not stated,30-34 years,Kilkenny,Number,322.0
Population,2022,Both Sexes,Not stated,35-39 years,Kilkenny,Number,336.0
Population,2022,Both Sexes,Not stated,40-44 years,Kilkenny,Number,377.0
Population,2022,Both Sexes,Not stated,45-49 years,Kilkenny,Number,314.0
Population,2022,Both Sexes,Not stated,50-54 years,Kilkenny,Number,280.0
Population,2022,Both Sexes,Not stated,55-59 years,Kilkenny,Number,239.0
Population,2022,Both Sexes,Not stated,60-64 years,Kilkenny,Number,237.0
Population,2022,Both Sexes,Not stated,65-69 years,Kilkenny,Number,217.0
Population,2022,Both Sexes,Not stated,70-74 years,Kilkenny,Number,201.0
Population,2022,Both Sexes,Not stated,75-79 years,Kilkenny,Number,186.0
Population,2022,Both Sexes,Not stated,80-84 years,Kilkenny,Number,164.0
Population,2022,Both Sexes,Not stated,85-89 years,Kilkenny,Number,238.0
Population,2022,Both Sexes,Not stated,95 years and over,Kilkenny,Number,29.0
Population,2022,Both Sexes,Not stated,All Ages,Laois,Number,5843.0
Population,2022,Both Sexes,Not stated,0 - 14 years,Laois,Number,1798.0
Population,2022,Both Sexes,Not stated,15-19 years,Laois,Number,359.0
Population,2022,Both Sexes,Not stated,20-24 years,Laois,Number,365.0
Population,2022,Both Sexes,Not stated,25-29 years,Laois,Number,319.0
Population,2022,Both Sexes,Not stated,30-34 years,Laois,Number,444.0
Population,2022,Both Sexes,Not stated,35-39 years,Laois,Number,474.0
Population,2022,Both Sexes,Not stated,40-44 years,Laois,Number,465.0
Population,2022,Both Sexes,Not stated,45-49 years,Laois,Number,345.0
Population,2022,Both Sexes,Not stated,50-54 years,Laois,Number,288.0
Population,2022,Both Sexes,Not stated,55-59 years,Laois,Number,239.0
Population,2022,Both Sexes,Not stated,60-64 years,Laois,Number,197.0
Population,2022,Both Sexes,Not stated,65-69 years,Laois,Number,189.0
Population,2022,Both Sexes,Not stated,70-74 years,Laois,Number,150.0
Population,2022,Both Sexes,Not stated,75-79 years,Laois,Number,103.0
Population,2022,Both Sexes,Not stated,80-84 years,Laois,Number,59.0
Population,2022,Both Sexes,Not stated,85-89 years,Laois,Number,
Population,2022,Both Sexes,Not stated,95 years and over,Laois,Number,
Population,2022,Both Sexes,Not stated,All Ages,Longford,Number,6142.0
Population,2022,Both Sexes,Not stated,0 - 14 years,Longford,Number,1307.0
Population,2022,Both Sexes,Not stated,15-19 years,Longford,Number,378.0
Population,2022,Both Sexes,Not stated,20-24 years,Longford,Number,524.0
Population,2022,Both Sexes,Not stated,25-29 years,Longford,Number,484.0
Population,2022,Both Sexes,Not stated,30-34 years,Longford,Number,511.0
Population,2022,Both Sexes,Not stated,35-39 years,Longford,Number,515.0
Population,2022,Both Sexes,Not stated,40-44 years,Longford,Number,520.0
Population,2022,Both Sexes,Not stated,45-49 years,Longford,Number,406.0
Population,2022,Both Sexes,Not stated,50-54 years,Longford,Number,380.0
Population,2022,Both Sexes,Not stated,55-59 years,Longford,Number,286.0
Population,2022,Both Sexes,Not stated,60-64 years,Longford,Number,238.0
Population,2022,Both Sexes,Not stated,65-69 years,Longford,Number,182.0
Population,2022,Both Sexes,Not stated,70-74 years,Longford,Number,164.0
Population,2022,Both Sexes,Not stated,75-79 years,Longford,Number,123.0
Population,2022,Both Sexes,Not stated,80-84 years,Longford,Number,61.0
Population,2022,Both Sexes,Not stated,85-89 years,Longford,Number,
Population,2022,Both Sexes,Not stated,95 years and over,Longford,Number,
Population,2022,Both Sexes,Not stated,All Ages,Louth,Number,10827.0
Population,2022,Both Sexes,Not stated,0 - 14 years,Louth,Number,3102.0
Population,2022,Both Sexes,Not stated,15-19 years,Louth,Number,692.0
Population,2022,Both Sexes,Not stated,20-24 years,Louth,Number,656.0
Population,2022,Both Sexes,Not stated,25-29 years,Louth,Number,551.0
Population,2022,Both Sexes,Not stated,30-34 years,Louth,Number,695.0
Population,2022,Both Sexes,Not stated,35-39 years,Louth,Number,782.0
Population,2022,Both Sexes,Not stated,40-44 years,Louth,Number,870.0
Population,2022,Both Sexes,Not stated,45-49 years,Louth,Number,696.0
Population,2022,Both Sexes,Not stated,50-54 years,Louth,Number,579.0
Population,2022,Both Sexes,Not stated,55-59 years,Louth,Number,513.0
Population,2022,Both Sexes,Not stated,60-64 years,Louth,Number,411.0
Population,2022,Both Sexes,Not stated,65-69 years,Louth,Number,312.0
Population,2022,Both Sexes,Not stated,70-74 years,Louth,Number,305.0
Population,2022,Both Sexes,Not stated,75-79 years,Louth,Number,240.0
Population,2022,Both Sexes,Not stated,80-84 years,Louth,Number,176.0
Population,2022,Both Sexes,Not stated,85-89 years,Louth,Number,206.0
Population,2022,Both Sexes,Not stated,95 years and over,Louth,Number,41.0
Population,2022,Both Sexes,Not stated,All Ages,Meath,Number,11289.0
Population,2022,Both Sexes,Not stated,0 - 14 years,Meath,Number,3655.0
Population,2022,Both Sexes,Not stated,15-19 years,Meath,Number,627.0
Population,2022,Both Sexes,Not stated,20-24 years,Meath,Number,651.0
Population,2022,Both Sexes,Not stated,25-29 years,Meath,Number,555.0
Population,2022,Both Sexes,Not stated,30-34 years,Meath,Number,685.0
Population,2022,Both Sexes,Not stated,35-39 years,Meath,Number,770.0
Population,2022,Both Sexes,Not stated,40-44 years,Meath,Number,769.0
Population,2022,Both Sexes,Not stated,45-49 years,Meath,Number,687.0
Population,2022,Both Sexes,Not stated,50-54 years,Meath,Number,594.0
Population,2022,Both Sexes,Not stated,55-59 years,Meath,Number,463.0
Population,2022,Both Sexes,Not stated,60-64 years,Meath,Number,412.0
Population,2022,Both Sexes,Not stated,65-69 years,Meath,Number,333.0
Population,2022,Both Sexes,Not stated,70-74 years,Meath,Number,334.0
Population,2022,Both Sexes,Not stated,75-79 years,Meath,Number,289.0
Population,2022,Both Sexes,Not stated,80-84 years,Meath,Number,194.0
Population,2022,Both Sexes,Not stated,85-89 years,Meath,Number,235.0
Population,2022,Both Sexes,Not stated,95 years and over,Meath,Number,36.0
Population,2022,Both Sexes,Not stated,All Ages,Offaly,Number,5396.0
Population,2022,Both Sexes,Not stated,0 - 14 years,Offaly,Number,1627.0
Population,2022,Both Sexes,Not stated,15-19 years,Offaly,Number,322.0
Population,2022,Both Sexes,Not stated,20-24 years,Offaly,Number,307.0
Population,2022,Both Sexes,Not stated,25-29 years,Offaly,Number,264.0
Population,2022,Both Sexes,Not stated,30-34 years,Offaly,Number,313.0
Population,2022,Both Sexes,Not stated,35-39 years,Offaly,Number,343.0
Population,2022,Both Sexes,Not stated,40-44 years,Offaly,Number,370.0
Population,2022,Both Sexes,Not stated,45-49 years,Offaly,Number,285.0
Population,2022,Both Sexes,Not stated,50-54 years,Offaly,Number,276.0
Population,2022,Both Sexes,Not stated,55-59 years,Offaly,Number,217.0
Population,2022,Both Sexes,Not stated,60-64 years,Offaly,Number,228.0
Population,2022,Both Sexes,Not stated,65-69 years,Offaly,Number,203.0
Population,2022,Both Sexes,Not stated,70-74 years,Offaly,Number,215.0
Population,2022,Both Sexes,Not stated,75-79 years,Offaly,Number,149.0
Population,2022,Both Sexes,Not stated,80-84 years,Offaly,Number,
Population,2022,Both Sexes,Not stated,85-89 years,Offaly,Number,137.0
Population,2022,Both Sexes,Not stated,95 years and over,Offaly,Number,
Population,2022,Both Sexes,Not stated,All Ages,Westmeath,Number,7796.0
Population,2022,Both Sexes,Not stated,0 - 14 years,Westmeath,Number,1998.0
Population,2022,Both Sexes,Not stated,15-19 years,Westmeath,Number,445.0
Population,2022,Both Sexes,Not stated,20-24 years,Westmeath,Number,424.0
Population,2022,Both Sexes,Not stated,25-29 years,Westmeath,Number,435.0
Population,2022,Both Sexes,Not stated,30-34 years,Westmeath,Number,565.0
Population,2022,Both Sexes,Not stated,35-39 years,Westmeath,Number,651.0
Population,2022,Both Sexes,Not stated,40-44 years,Westmeath,Number,574.0
Population,2022,Both Sexes,Not stated,45-49 years,Westmeath,Number,491.0
Population,2022,Both Sexes,Not stated,50-54 years,Westmeath,Number,411.0
Population,2022,Both Sexes,Not stated,55-59 years,Westmeath,Number,354.0
Population,2022,Both Sexes,Not stated,60-64 years,Westmeath,Number,284.0
Population,2022,Both Sexes,Not stated,65-69 years,Westmeath,Number,301.0
Population,2022,Both Sexes,Not stated,70-74 years,Westmeath,Number,247.0
Population,2022,Both Sexes,Not stated,75-79 years,Westmeath,Number,203.0
Population,2022,Both Sexes,Not stated,80-84 years,Westmeath,Number,157.0
Population,2022,Both Sexes,Not stated,85-89 years,Westmeath,Number,224.0
Population,2022,Both Sexes,Not stated,95 years and over,Westmeath,Number,32.0
Population,2022,Both Sexes,Not stated,All Ages,Wexford,Number,9682.0
Population,2022,Both Sexes,Not stated,0 - 14 years,Wexford,Number,2809.0
Population,2022,Both Sexes,Not stated,15-19 years,Wexford,Number,553.0
Population,2022,Both Sexes,Not stated,20-24 years,Wexford,Number,525.0
Population,2022,Both Sexes,Not stated,25-29 years,Wexford,Number,468.0
Population,2022,Both Sexes,Not stated,30-34 years,Wexford,Number,608.0
Population,2022,Both Sexes,Not stated,35-39 years,Wexford,Number,651.0
Population,2022,Both Sexes,Not stated,40-44 years,Wexford,Number,716.0
Population,2022,Both Sexes,Not stated,45-49 years,Wexford,Number,552.0
Population,2022,Both Sexes,Not stated,50-54 years,Wexford,Number,529.0
Population,2022,Both Sexes,Not stated,55-59 years,Wexford,Number,439.0
Population,2022,Both Sexes,Not stated,60-64 years,Wexford,Number,422.0
Population,2022,Both Sexes,Not stated,65-69 years,Wexford,Number,380.0
Population,2022,Both Sexes,Not stated,70-74 years,Wexford,Number,361.0
Population,2022,Both Sexes,Not stated,75-79 years,Wexford,Number,298.0
Population,2022,Both Sexes,Not stated,80-84 years,Wexford,Number,181.0
Population,2022,Both Sexes,Not stated,85-89 years,Wexford,Number,170.0
Population,2022,Both Sexes,Not stated,95 years and over,Wexford,Number,20.0
Population,2022,Both Sexes,Not stated,All Ages,Wicklow,Number,8437.0
Population,2022,Both Sexes,Not stated,0 - 14 years,Wicklow,Number,2249.0
Population,2022,Both Sexes,Not stated,15-19 years,Wicklow,Number,494.0
Population,2022,Both Sexes,Not stated,20-24 years,Wicklow,Number,442.0
Population,2022,Both Sexes,Not stated,25-29 years,Wicklow,Number,463.0
Population,2022,Both Sexes,Not stated,30-34 years,Wicklow,Number,443.0
Population,2022,Both Sexes,Not stated,35-39 years,Wicklow,Number,579.0
Population,2022,Both Sexes,Not stated,40-44 years,Wicklow,Number,683.0
Population,2022,Both Sexes,Not stated,45-49 years,Wicklow,Number,572.0
Population,2022,Both Sexes,Not stated,50-54 years,Wicklow,Number,485.0
Population,2022,Both Sexes,Not stated,55-59 years,Wicklow,Number,408.0
Population,2022,Both Sexes,Not stated,60-64 years,Wicklow,Number,383.0
Population,2022,Both Sexes,Not stated,65-69 years,Wicklow,Number,323.0
Population,2022,Both Sexes,Not stated,70-74 years,Wicklow,Number,280.0
Population,2022,Both Sexes,Not stated,75-79 years,Wicklow,Number,268.0
Population,2022,Both Sexes,Not stated,80-84 years,Wicklow,Number,155.0
Population,2022,Both Sexes,Not stated,85-89 years,Wicklow,Number,180.0
Population,2022,Both Sexes,Not stated,95 years and over,Wicklow,Number,30.0
Population,2022,Both Sexes,Not stated,All Ages,Clare,Number,9381.0
Population,2022,Both Sexes,Not stated,0 - 14 years,Clare,Number,2551.0
Population,2022,Both Sexes,Not stated,15-19 years,Clare,Number,558.0
Population,2022,Both Sexes,Not stated,20-24 years,Clare,Number,579.0
Population,2022,Both Sexes,Not stated,25-29 years,Clare,Number,480.0
Population,2022,Both Sexes,Not stated,30-34 years,Clare,Number,549.0
Population,2022,Both Sexes,Not stated,35-39 years,Clare,Number,717.0
Population,2022,Both Sexes,Not stated,40-44 years,Clare,Number,730.0
Population,2022,Both Sexes,Not stated,45-49 years,Clare,Number,591.0
Population,2022,Both Sexes,Not stated,50-54 years,Clare,Number,549.0
Population,2022,Both Sexes,Not stated,55-59 years,Clare,Number,438.0
Population,2022,Both Sexes,Not stated,60-64 years,Clare,Number,408.0
Population,2022,Both Sexes,Not stated,65-69 years,Clare,Number,343.0
Population,2022,Both Sexes,Not stated,70-74 years,Clare,Number,322.0
Population,2022,Both Sexes,Not stated,75-79 years,Clare,Number,236.0
Population,2022,Both Sexes,Not stated,80-84 years,Clare,Number,146.0
Population,2022,Both Sexes,Not stated,85-89 years,Clare,Number,
Population,2022,Both Sexes,Not stated,95 years and over,Clare,Number,
Population,2022,Both Sexes,Not stated,All Ages,Cork City,Number,19141.0
Population,2022,Both Sexes,Not stated,0 - 14 years,Cork City,Number,3975.0
Population,2022,Both Sexes,Not stated,15-19 years,Cork City,Number,994.0
Population,2022,Both Sexes,Not stated,20-24 years,Cork City,Number,1218.0
Population,2022,Both Sexes,Not stated,25-29 years,Cork City,Number,1332.0
Population,2022,Both Sexes,Not stated,30-34 years,Cork City,Number,1635.0
Population,2022,Both Sexes,Not stated,35-39 years,Cork City,Number,1838.0
Population,2022,Both Sexes,Not stated,40-44 years,Cork City,Number,1749.0
Population,2022,Both Sexes,Not stated,45-49 years,Cork City,Number,1282.0
Population,2022,Both Sexes,Not stated,50-54 years,Cork City,Number,996.0
Population,2022,Both Sexes,Not stated,55-59 years,Cork City,Number,897.0
Population,2022,Both Sexes,Not stated,60-64 years,Cork City,Number,771.0
Population,2022,Both Sexes,Not stated,65-69 years,Cork City,Number,648.0
Population,2022,Both Sexes,Not stated,70-74 years,Cork City,Number,622.0
Population,2022,Both Sexes,Not stated,75-79 years,Cork City,Number,476.0
Population,2022,Both Sexes,Not stated,80-84 years,Cork City,Number,318.0
Population,2022,Both Sexes,Not stated,85-89 years,Cork City,Number,352.0
Population,2022,Both Sexes,Not stated,95 years and over,Cork City,Number,38.0
Population,2022,Both Sexes,Not stated,All Ages,Cork County,Number,17488.0
Population,2022,Both Sexes,Not stated,0 - 14 years,Cork County,Number,4918.0
Population,2022,Both Sexes,Not stated,15-19 years,Cork County,Number,1048.0
Population,2022,Both Sexes,Not stated,20-24 years,Cork County,Number,929.0
Population,2022,Both Sexes,Not stated,25-29 years,Cork County,Number,810.0
Population,2022,Both Sexes,Not stated,30-34 years,Cork County,Number,989.0
Population,2022,Both Sexes,Not stated,35-39 years,Cork County,Number,1206.0
Population,2022,Both Sexes,Not stated,40-44 years,Cork County,Number,1317.0
Population,2022,Both Sexes,Not stated,45-49 years,Cork County,Number,1060.0
Population,2022,Both Sexes,Not stated,50-54 years,Cork County,Number,988.0
Population,2022,Both Sexes,Not stated,55-59 years,Cork County,Number,840.0
Population,2022,Both Sexes,Not stated,60-64 years,Cork County,Number,799.0
Population,2022,Both Sexes,Not stated,65-69 years,Cork County,Number,652.0
Population,2022,Both Sexes,Not stated,70-74 years,Cork County,Number,619.0
Population,2022,Both Sexes,Not stated,75-79 years,Cork County,Number,524.0
Population,2022,Both Sexes,Not stated,80-84 years,Cork County,Number,334.0
Population,2022,Both Sexes,Not stated,85-89 years,Cork County,Number,400.0
Population,2022,Both Sexes,Not stated,95 years and over,Cork County,Number,55.0
Population,2022,Both Sexes,Not stated,All Ages,Kerry,Number,9950.0
Population,2022,Both Sexes,Not stated,0 - 14 years,Kerry,Number,2664.0
Population,2022,Both Sexes,Not stated,15-19 years,Kerry,Number,594.0
Population,2022,Both Sexes,Not stated,20-24 years,Kerry,Number,528.0
Population,2022,Both Sexes,Not stated,25-29 years,Kerry,Number,483.0
Population,2022,Both Sexes,Not stated,30-34 years,Kerry,Number,571.0
Population,2022,Both Sexes,Not stated,35-39 years,Kerry,Number,647.0
Population,2022,Both Sexes,Not stated,40-44 years,Kerry,Number,736.0
Population,2022,Both Sexes,Not stated,45-49 years,Kerry,Number,600.0
Population,2022,Both Sexes,Not stated,50-54 years,Kerry,Number,546.0
Population,2022,Both Sexes,Not stated,55-59 years,Kerry,Number,465.0
Population,2022,Both Sexes,Not stated,60-64 years,Kerry,Number,466.0
Population,2022,Both Sexes,Not stated,65-69 years,Kerry,Number,405.0
Population,2022,Both Sexes,Not stated,70-74 years,Kerry,Number,383.0
Population,2022,Both Sexes,Not stated,75-79 years,Kerry,Number,356.0
Population,2022,Both Sexes,Not stated,80-84 years,Kerry,Number,238.0
Population,2022,Both Sexes,Not stated,85-89 years,Kerry,Number,
Population,2022,Both Sexes,Not stated,95 years and over,Kerry,Number,
Population,2022,Both Sexes,Not stated,All Ages,Limerick City and County,Number,21287.0
Population,2022,Both Sexes,Not stated,0 - 14 years,Limerick City and County,Number,4709.0
Population,2022,Both Sexes,Not stated,15-19 years,Limerick City and County,Number,1218.0
Population,2022,Both Sexes,Not stated,20-24 years,Limerick City and County,Number,1260.0
Population,2022,Both Sexes,Not stated,25-29 years,Limerick City and County,Number,1341.0
Population,2022,Both Sexes,Not stated,30-34 years,Limerick City and County,Number,1630.0
Population,2022,Both Sexes,Not stated,35-39 years,Limerick City and County,Number,1968.0
Population,2022,Both Sexes,Not stated,40-44 years,Limerick City and County,Number,1920.0
Population,2022,Both Sexes,Not stated,45-49 years,Limerick City and County,Number,1511.0
Population,2022,Both Sexes,Not stated,50-54 years,Limerick City and County,Number,1217.0
Population,2022,Both Sexes,Not stated,55-59 years,Limerick City and County,Number,1009.0
Population,2022,Both Sexes,Not stated,60-64 years,Limerick City and County,Number,903.0
Population,2022,Both Sexes,Not stated,65-69 years,Limerick City and County,Number,779.0
Population,2022,Both Sexes,Not stated,70-74 years,Limerick City and County,Number,666.0
Population,2022,Both Sexes,Not stated,75-79 years,Limerick City and County,Number,507.0
Population,2022,Both Sexes,Not stated,80-84 years,Limerick City and County,Number,318.0
Population,2022,Both Sexes,Not stated,85-89 years,Limerick City and County,Number,298.0
Population,2022,Both Sexes,Not stated,95 years and over,Limerick City and County,Number,33.0
Population,2022,Both Sexes,Not stated,All Ages,Tipperary,Number,10191.0
Population,2022,Both Sexes,Not stated,0 - 14 years,Tipperary,Number,2944.0
Population,2022,Both Sexes,Not stated,15-19 years,Tipperary,Number,547.0
Population,2022,Both Sexes,Not stated,20-24 years,Tipperary,Number,602.0
Population,2022,Both Sexes,Not stated,25-29 years,Tipperary,Number,505.0
Population,2022,Both Sexes,Not stated,30-34 years,Tipperary,Number,675.0
Population,2022,Both Sexes,Not stated,35-39 years,Tipperary,Number,701.0
Population,2022,Both Sexes,Not stated,40-44 years,Tipperary,Number,743.0
Population,2022,Both Sexes,Not stated,45-49 years,Tipperary,Number,594.0
Population,2022,Both Sexes,Not stated,50-54 years,Tipperary,Number,548.0
Population,2022,Both Sexes,Not stated,55-59 years,Tipperary,Number,508.0
Population,2022,Both Sexes,Not stated,60-64 years,Tipperary,Number,448.0
Population,2022,Both Sexes,Not stated,65-69 years,Tipperary,Number,400.0
Population,2022,Both Sexes,Not stated,70-74 years,Tipperary,Number,323.0
Population,2022,Both Sexes,Not stated,75-79 years,Tipperary,Number,267.0
Population,2022,Both Sexes,Not stated,80-84 years,Tipperary,Number,205.0
Population,2022,Both Sexes,Not stated,85-89 years,Tipperary,Number,166.0
Population,2022,Both Sexes,Not stated,95 years and over,Tipperary,Number,15.0
Population,2022,Both Sexes,Not stated,All Ages,Waterford City and County,Number,9701.0
Population,2022,Both Sexes,Not stated,0 - 14 years,Waterford City and County,Number,2367.0
Population,2022,Both Sexes,Not stated,15-19 years,Waterford City and County,Number,572.0
Population,2022,Both Sexes,Not stated,20-24 years,Waterford City and County,Number,545.0
Population,2022,Both Sexes,Not stated,25-29 years,Waterford City and County,Number,580.0
Population,2022,Both Sexes,Not stated,30-34 years,Waterford City and County,Number,692.0
Population,2022,Both Sexes,Not stated,35-39 years,Waterford City and County,Number,792.0
Population,2022,Both Sexes,Not stated,40-44 years,Waterford City and County,Number,787.0
Population,2022,Both Sexes,Not stated,45-49 years,Waterford City and County,Number,647.0
Population,2022,Both Sexes,Not stated,50-54 years,Waterford City and County,Number,490.0
Population,2022,Both Sexes,Not stated,55-59 years,Waterford City and County,Number,450.0
Population,2022,Both Sexes,Not stated,60-64 years,Waterford City and County,Number,412.0
Population,2022,Both Sexes,Not stated,65-69 years,Waterford City and County,Number,331.0
Population,2022,Both Sexes,Not stated,70-74 years,Waterford City and County,Number,338.0
Population,2022,Both Sexes,Not stated,75-79 years,Waterford City and County,Number,266.0
Population,2022,Both Sexes,Not stated,80-84 years,Waterford City and County,Number,192.0
Population,2022,Both Sexes,Not stated,85-89 years,Waterford City and County,Number,218.0
Population,2022,Both Sexes,Not stated,95 years and over,Waterford City and County,Number,22.0
Population,2022,Both Sexes,Not stated,All Ages,Galway City,Number,10062.0
Population,2022,Both Sexes,Not stated,0 - 14 years,Galway City,Number,1963.0
Population,2022,Both Sexes,Not stated,15-19 years,Galway City,Number,615.0
Population,2022,Both Sexes,Not stated,20-24 years,Galway City,Number,899.0
Population,2022,Both Sexes,Not stated,25-29 years,Galway City,Number,750.0
Population,2022,Both Sexes,Not stated,30-34 years,Galway City,Number,873.0
Population,2022,Both Sexes,Not stated,35-39 years,Galway City,Number,906.0
Population,2022,Both Sexes,Not stated,40-44 years,Galway City,Number,940.0
Population,2022,Both Sexes,Not stated,45-49 years,Galway City,Number,722.0
Population,2022,Both Sexes,Not stated,50-54 years,Galway City,Number,547.0
Population,2022,Both Sexes,Not stated,55-59 years,Galway City,Number,427.0
Population,2022,Both Sexes,Not stated,60-64 years,Galway City,Number,387.0
Population,2022,Both Sexes,Not stated,65-69 years,Galway City,Number,318.0
Population,2022,Both Sexes,Not stated,70-74 years,Galway City,Number,240.0
Population,2022,Both Sexes,Not stated,75-79 years,Galway City,Number,221.0
Population,2022,Both Sexes,Not stated,80-84 years,Galway City,Number,123.0
Population,2022,Both Sexes,Not stated,85-89 years,Galway City,Number,112.0
Population,2022,Both Sexes,Not stated,95 years and over,Galway City,Number,19.0
Population,2022,Both Sexes,Not stated,All Ages,Galway County,Number,10880.0
Population,2022,Both Sexes,Not stated,0 - 14 years,Galway County,Number,3136.0
Population,2022,Both Sexes,Not stated,15-19 years,Galway County,Number,633.0
Population,2022,Both Sexes,Not stated,20-24 years,Galway County,Number,596.0
Population,2022,Both Sexes,Not stated,25-29 years,Galway County,Number,514.0
Population,2022,Both Sexes,Not stated,30-34 years,Galway County,Number,687.0
Population,2022,Both Sexes,Not stated,35-39 years,Galway County,Number,701.0
Population,2022,Both Sexes,Not stated,40-44 years,Galway County,Number,779.0
Population,2022,Both Sexes,Not stated,45-49 years,Galway County,Number,635.0
Population,2022,Both Sexes,Not stated,50-54 years,Galway County,Number,607.0
Population,2022,Both Sexes,Not stated,55-59 years,Galway County,Number,535.0
Population,2022,Both Sexes,Not stated,60-64 years,Galway County,Number,466.0
Population,2022,Both Sexes,Not stated,65-69 years,Galway County,Number,455.0
Population,2022,Both Sexes,Not stated,70-74 years,Galway County,Number,425.0
Population,2022,Both Sexes,Not stated,75-79 years,Galway County,Number,276.0
Population,2022,Both Sexes,Not stated,80-84 years,Galway County,Number,204.0
Population,2022,Both Sexes,Not stated,85-89 years,Galway County,Number,204.0
Population,2022,Both Sexes,Not stated,95 years and over,Galway County,Number,27.0
Population,2022,Both Sexes,Not stated,All Ages,Leitrim,Number,1868.0
Population,2022,Both Sexes,Not stated,0 - 14 years,Leitrim,Number,575.0
Population,2022,Both Sexes,Not stated,15-19 years,Leitrim,Number,95.0
Population,2022,Both Sexes,Not stated,20-24 years,Leitrim,Number,104.0
Population,2022,Both Sexes,Not stated,25-29 years,Leitrim,Number,77.0
Population,2022,Both Sexes,Not stated,30-34 years,Leitrim,Number,92.0
Population,2022,Both Sexes,Not stated,35-39 years,Leitrim,Number,124.0
Population,2022,Both Sexes,Not stated,40-44 years,Leitrim,Number,120.0
Population,2022,Both Sexes,Not stated,45-49 years,Leitrim,Number,99.0
Population,2022,Both Sexes,Not stated,50-54 years,Leitrim,Number,127.0
Population,2022,Both Sexes,Not stated,55-59 years,Leitrim,Number,96.0
Population,2022,Both Sexes,Not stated,60-64 years,Leitrim,Number,84.0
Population,2022,Both Sexes,Not stated,65-69 years,Leitrim,Number,86.0
Population,2022,Both Sexes,Not stated,70-74 years,Leitrim,Number,70.0
Population,2022,Both Sexes,Not stated,75-79 years,Leitrim,Number,52.0
Population,2022,Both Sexes,Not stated,80-84 years,Leitrim,Number,35.0
Population,2022,Both Sexes,Not stated,85-89 years,Leitrim,Number,25.0
Population,2022,Both Sexes,Not stated,95 years and over,Leitrim,Number,7.0
Population,2022,Both Sexes,Not stated,All Ages,Mayo,Number,7289.0
Population,2022,Both Sexes,Not stated,0 - 14 years,Mayo,Number,2104.0
Population,2022,Both Sexes,Not stated,15-19 years,Mayo,Number,370.0
Population,2022,Both Sexes,Not stated,20-24 years,Mayo,Number,355.0
Population,2022,Both Sexes,Not stated,25-29 years,Mayo,Number,314.0
Population,2022,Both Sexes,Not stated,30-34 years,Mayo,Number,446.0
Population,2022,Both Sexes,Not stated,35-39 years,Mayo,Number,440.0
Population,2022,Both Sexes,Not stated,40-44 years,Mayo,Number,482.0
Population,2022,Both Sexes,Not stated,45-49 years,Mayo,Number,407.0
Population,2022,Both Sexes,Not stated,50-54 years,Mayo,Number,393.0
Population,2022,Both Sexes,Not stated,55-59 years,Mayo,Number,335.0
Population,2022,Both Sexes,Not stated,60-64 years,Mayo,Number,363.0
Population,2022,Both Sexes,Not stated,65-69 years,Mayo,Number,319.0
Population,2022,Both Sexes,Not stated,70-74 years,Mayo,Number,337.0
Population,2022,Both Sexes,Not stated,75-79 years,Mayo,Number,241.0
Population,2022,Both Sexes,Not stated,80-84 years,Mayo,Number,168.0
Population,2022,Both Sexes,Not stated,85-89 years,Mayo,Number,199.0
Population,2022,Both Sexes,Not stated,95 years and over,Mayo,Number,16.0
Population,2022,Both Sexes,Not stated,All Ages,Roscommon,Number,4020.0
Population,2022,Both Sexes,Not stated,0 - 14 years,Roscommon,Number,1172.0
Population,2022,Both Sexes,Not stated,15-19 years,Roscommon,Number,229.0
Population,2022,Both Sexes,Not stated,20-24 years,Roscommon,Number,223.0
Population,2022,Both Sexes,Not stated,25-29 years,Roscommon,Number,205.0
Population,2022,Both Sexes,Not stated,30-34 years,Roscommon,Number,248.0
Population,2022,Both Sexes,Not stated,35-39 years,Roscommon,Number,295.0
Population,2022,Both Sexes,Not stated,40-44 years,Roscommon,Number,269.0
Population,2022,Both Sexes,Not stated,45-49 years,Roscommon,Number,211.0
Population,2022,Both Sexes,Not stated,50-54 years,Roscommon,Number,202.0
Population,2022,Both Sexes,Not stated,55-59 years,Roscommon,Number,170.0
Population,2022,Both Sexes,Not stated,60-64 years,Roscommon,Number,172.0
Population,2022,Both Sexes,Not stated,65-69 years,Roscommon,Number,160.0
Population,2022,Both Sexes,Not stated,70-74 years,Roscommon,Number,149.0
Population,2022,Both Sexes,Not stated,75-79 years,Roscommon,Number,121.0
Population,2022,Both Sexes,Not stated,80-84 years,Roscommon,Number,85.0
Population,2022,Both Sexes,Not stated,85-89 years,Roscommon,Number,94.0
Population,2022,Both Sexes,Not stated,95 years and over,Roscommon,Number,15.0
Population,2022,Both Sexes,Not stated,All Ages,Sligo,Number,4440.0
Population,2022,Both Sexes,Not stated,0 - 14 years,Sligo,Number,1027.0
Population,2022,Both Sexes,Not stated,15-19 years,Sligo,Number,223.0
Population,2022,Both Sexes,Not stated,20-24 years,Sligo,Number,275.0
Population,2022,Both Sexes,Not stated,25-29 years,Sligo,Number,252.0
Population,2022,Both Sexes,Not stated,30-34 years,Sligo,Number,294.0
Population,2022,Both Sexes,Not stated,35-39 years,Sligo,Number,340.0
Population,2022,Both Sexes,Not stated,40-44 years,Sligo,Number,337.0
Population,2022,Both Sexes,Not stated,45-49 years,Sligo,Number,321.0
Population,2022,Both Sexes,Not stated,50-54 years,Sligo,Number,261.0
Population,2022,Both Sexes,Not stated,55-59 years,Sligo,Number,205.0
Population,2022,Both Sexes,Not stated,60-64 years,Sligo,Number,204.0
Population,2022,Both Sexes,Not stated,65-69 years,Sligo,Number,190.0
Population,2022,Both Sexes,Not stated,70-74 years,Sligo,Number,186.0
Population,2022,Both Sexes,Not stated,75-79 years,Sligo,Number,120.0
Population,2022,Both Sexes,Not stated,80-84 years,Sligo,Number,91.0
Population,2022,Both Sexes,Not stated,85-89 years,Sligo,Number,94.0
Population,2022,Both Sexes,Not stated,95 years and over,Sligo,Number,20.0
Population,2022,Both Sexes,Not stated,All Ages,Cavan,Number,5240.0
Population,2022,Both Sexes,Not stated,0 - 14 years,Cavan,Number,1705.0
Population,2022,Both Sexes,Not stated,15-19 years,Cavan,Number,277.0
Population,2022,Both Sexes,Not stated,20-24 years,Cavan,Number,283.0
Population,2022,Both Sexes,Not stated,25-29 years,Cavan,Number,250.0
Population,2022,Both Sexes,Not stated,30-34 years,Cavan,Number,272.0
Population,2022,Both Sexes,Not stated,35-39 years,Cavan,Number,355.0
Population,2022,Both Sexes,Not stated,40-44 years,Cavan,Number,375.0
Population,2022,Both Sexes,Not stated,45-49 years,Cavan,Number,310.0
Population,2022,Both Sexes,Not stated,50-54 years,Cavan,Number,259.0
Population,2022,Both Sexes,Not stated,55-59 years,Cavan,Number,223.0
Population,2022,Both Sexes,Not stated,60-64 years,Cavan,Number,241.0
Population,2022,Both Sexes,Not stated,65-69 years,Cavan,Number,188.0
Population,2022,Both Sexes,Not stated,70-74 years,Cavan,Number,173.0
Population,2022,Both Sexes,Not stated,75-79 years,Cavan,Number,117.0
Population,2022,Both Sexes,Not stated,80-84 years,Cavan,Number,103.0
Population,2022,Both Sexes,Not stated,85-89 years,Cavan,Number,96.0
Population,2022,Both Sexes,Not stated,95 years and over,Cavan,Number,13.0
Population,2022,Both Sexes,Not stated,All Ages,Donegal,Number,9066.0
Population,2022,Both Sexes,Not stated,0 - 14 years,Donegal,Number,2537.0
Population,2022,Both Sexes,Not stated,15-19 years,Donegal,Number,631.0
Population,2022,Both Sexes,Not stated,20-24 years,Donegal,Number,504.0
Population,2022,Both Sexes,Not stated,25-29 years,Donegal,Number,456.0
Population,2022,Both Sexes,Not stated,30-34 years,Donegal,Number,624.0
Population,2022,Both Sexes,Not stated,35-39 years,Donegal,Number,567.0
Population,2022,Both Sexes,Not stated,40-44 years,Donegal,Number,631.0
Population,2022,Both Sexes,Not stated,45-49 years,Donegal,Number,526.0
Population,2022,Both Sexes,Not stated,50-54 years,Donegal,Number,551.0
Population,2022,Both Sexes,Not stated,55-59 years,Donegal,Number,448.0
Population,2022,Both Sexes,Not stated,60-64 years,Donegal,Number,377.0
Population,2022,Both Sexes,Not stated,65-69 years,Donegal,Number,373.0
Population,2022,Both Sexes,Not stated,70-74 years,Donegal,Number,328.0
Population,2022,Both Sexes,Not stated,75-79 years,Donegal,Number,200.0
Population,2022,Both Sexes,Not stated,80-84 years,Donegal,Number,156.0
Population,2022,Both Sexes,Not stated,85-89 years,Donegal,Number,139.0
Population,2022,Both Sexes,Not stated,95 years and over,Donegal,Number,18.0
Population,2022,Both Sexes,Not stated,All Ages,Monaghan,Number,3303.0
Population,2022,Both Sexes,Not stated,0 - 14 years,Monaghan,Number,1086.0
Population,2022,Both Sexes,Not stated,15-19 years,Monaghan,Number,178.0
Population,2022,Both Sexes,Not stated,20-24 years,Monaghan,Number,171.0
Population,2022,Both Sexes,Not stated,25-29 years,Monaghan,Number,161.0
Population,2022,Both Sexes,Not stated,30-34 years,Monaghan,Number,230.0
Population,2022,Both Sexes,Not stated,35-39 years,Monaghan,Number,243.0
Population,2022,Both Sexes,Not stated,40-44 years,Monaghan,Number,221.0
Population,2022,Both Sexes,Not stated,45-49 years,Monaghan,Number,179.0
Population,2022,Both Sexes,Not stated,50-54 years,Monaghan,Number,173.0
Population,2022,Both Sexes,Not stated,55-59 years,Monaghan,Number,117.0
Population,2022,Both Sexes,Not stated,60-64 years,Monaghan,Number,134.0
Population,2022,Both Sexes,Not stated,65-69 years,Monaghan,Number,110.0
Population,2022,Both Sexes,Not stated,70-74 years,Monaghan,Number,120.0
Population,2022,Both Sexes,Not stated,75-79 years,Monaghan,Number,59.0
Population,2022,Both Sexes,Not stated,80-84 years,Monaghan,Number,51.0
Population,2022,Both Sexes,Not stated,85-89 years,Monaghan,Number,63.0
Population,2022,Both Sexes,Not stated,95 years and over,Monaghan,Number,7.0
Population,2022,Male,Smoke daily,All Ages,State,Number,253494.0
Population,2022,Male,Smoke daily,0 - 14 years,State,Number,303.0
Population,2022,Male,Smoke daily,15-19 years,State,Number,5179.0
Population,2022,Male,Smoke daily,20-24 years,State,Number,18702.0
Population,2022,Male,Smoke daily,25-29 years,State,Number,23923.0
Population,2022,Male,Smoke daily,30-34 years,State,Number,26041.0
Population,2022,Male,Smoke daily,35-39 years,State,Number,29451.0
Population,2022,Male,Smoke daily,40-44 years,State,Number,30528.0
Population,2022,Male,Smoke daily,45-49 years,State,Number,27368.0
Population,2022,Male,Smoke daily,50-54 years,State,Number,25419.0
Population,2022,Male,Smoke daily,55-59 years,State,Number,21297.0
Population,2022,Male,Smoke daily,60-64 years,State,Number,16889.0
Population,2022,Male,Smoke daily,65-69 years,State,Number,12255.0
Population,2022,Male,Smoke daily,70-74 years,State,Number,8288.0
Population,2022,Male,Smoke daily,75-79 years,State,Number,4733.0
Population,2022,Male,Smoke daily,80-84 years,State,Number,2041.0
Population,2022,Male,Smoke daily,85-89 years,State,Number,1035.0
Population,2022,Male,Smoke daily,95 years and over,State,Number,42.0
Population,2022,Male,Smoke daily,All Ages,Carlow,Number,3489.0
Population,2022,Male,Smoke daily,0 - 14 years,Carlow,Number,
Population,2022,Male,Smoke daily,15-19 years,Carlow,Number,69.0
Population,2022,Male,Smoke daily,20-24 years,Carlow,Number,270.0
Population,2022,Male,Smoke daily,25-29 years,Carlow,Number,348.0
Population,2022,Male,Smoke daily,30-34 years,Carlow,Number,325.0
Population,2022,Male,Smoke daily,35-39 years,Carlow,Number,405.0
Population,2022,Male,Smoke daily,40-44 years,Carlow,Number,426.0
Population,2022,Male,Smoke daily,45-49 years,Carlow,Number,381.0
Population,2022,Male,Smoke daily,50-54 years,Carlow,Number,359.0
Population,2022,Male,Smoke daily,55-59 years,Carlow,Number,289.0
Population,2022,Male,Smoke daily,60-64 years,Carlow,Number,239.0
Population,2022,Male,Smoke daily,65-69 years,Carlow,Number,153.0
Population,2022,Male,Smoke daily,70-74 years,Carlow,Number,110.0
Population,2022,Male,Smoke daily,75-79 years,Carlow,Number,70.0
Population,2022,Male,Smoke daily,80-84 years,Carlow,Number,31.0
Population,2022,Male,Smoke daily,85-89 years,Carlow,Number,
Population,2022,Male,Smoke daily,95 years and over,Carlow,Number,0.0
Population,2022,Male,Smoke daily,All Ages,Dublin City,Number,32399.0
Population,2022,Male,Smoke daily,0 - 14 years,Dublin City,Number,
Population,2022,Male,Smoke daily,15-19 years,Dublin City,Number,530.0
Population,2022,Male,Smoke daily,20-24 years,Dublin City,Number,2451.0
Population,2022,Male,Smoke daily,25-29 years,Dublin City,Number,3826.0
Population,2022,Male,Smoke daily,30-34 years,Dublin City,Number,3899.0
Population,2022,Male,Smoke daily,35-39 years,Dublin City,Number,3751.0
Population,2022,Male,Smoke daily,40-44 years,Dublin City,Number,3518.0
Population,2022,Male,Smoke daily,45-49 years,Dublin City,Number,3043.0
Population,2022,Male,Smoke daily,50-54 years,Dublin City,Number,3105.0
Population,2022,Male,Smoke daily,55-59 years,Dublin City,Number,2688.0
Population,2022,Male,Smoke daily,60-64 years,Dublin City,Number,2169.0
Population,2022,Male,Smoke daily,65-69 years,Dublin City,Number,1492.0
Population,2022,Male,Smoke daily,70-74 years,Dublin City,Number,1001.0
Population,2022,Male,Smoke daily,75-79 years,Dublin City,Number,524.0
Population,2022,Male,Smoke daily,80-84 years,Dublin City,Number,244.0
Population,2022,Male,Smoke daily,85-89 years,Dublin City,Number,127.0
Population,2022,Male,Smoke daily,95 years and over,Dublin City,Number,
Population,2022,Male,Smoke daily,All Ages,Dun Laoghaire-Rathdown,Number,7931.0
Population,2022,Male,Smoke daily,0 - 14 years,Dun Laoghaire-Rathdown,Number,
Population,2022,Male,Smoke daily,15-19 years,Dun Laoghaire-Rathdown,Number,142.0
Population,2022,Male,Smoke daily,20-24 years,Dun Laoghaire-Rathdown,Number,622.0
Population,2022,Male,Smoke daily,25-29 years,Dun Laoghaire-Rathdown,Number,792.0
Population,2022,Male,Smoke daily,30-34 years,Dun Laoghaire-Rathdown,Number,838.0
Population,2022,Male,Smoke daily,35-39 years,Dun Laoghaire-Rathdown,Number,799.0
Population,2022,Male,Smoke daily,40-44 years,Dun Laoghaire-Rathdown,Number,918.0
Population,2022,Male,Smoke daily,45-49 years,Dun Laoghaire-Rathdown,Number,744.0
Population,2022,Male,Smoke daily,50-54 years,Dun Laoghaire-Rathdown,Number,764.0
Population,2022,Male,Smoke daily,55-59 years,Dun Laoghaire-Rathdown,Number,722.0
Population,2022,Male,Smoke daily,60-64 years,Dun Laoghaire-Rathdown,Number,586.0
Population,2022,Male,Smoke daily,65-69 years,Dun Laoghaire-Rathdown,Number,387.0
Population,2022,Male,Smoke daily,70-74 years,Dun Laoghaire-Rathdown,Number,319.0
Population,2022,Male,Smoke daily,75-79 years,Dun Laoghaire-Rathdown,Number,152.0
Population,2022,Male,Smoke daily,80-84 years,Dun Laoghaire-Rathdown,Number,84.0
Population,2022,Male,Smoke daily,85-89 years,Dun Laoghaire-Rathdown,Number,52.0
Population,2022,Male,Smoke daily,95 years and over,Dun Laoghaire-Rathdown,Number,
Population,2022,Male,Smoke daily,All Ages,Fingal,Number,14143.0
Population,2022,Male,Smoke daily,0 - 14 years,Fingal,Number,
Population,2022,Male,Smoke daily,15-19 years,Fingal,Number,272.0
Population,2022,Male,Smoke daily,20-24 years,Fingal,Number,997.0
Population,2022,Male,Smoke daily,25-29 years,Fingal,Number,1356.0
Population,2022,Male,Smoke daily,30-34 years,Fingal,Number,1575.0
Population,2022,Male,Smoke daily,35-39 years,Fingal,Number,1809.0
Population,2022,Male,Smoke daily,40-44 years,Fingal,Number,1953.0
Population,2022,Male,Smoke daily,45-49 years,Fingal,Number,1725.0
Population,2022,Male,Smoke daily,50-54 years,Fingal,Number,1377.0
Population,2022,Male,Smoke daily,55-59 years,Fingal,Number,1064.0
Population,2022,Male,Smoke daily,60-64 years,Fingal,Number,844.0
Population,2022,Male,Smoke daily,65-69 years,Fingal,Number,540.0
Population,2022,Male,Smoke daily,70-74 years,Fingal,Number,332.0
Population,2022,Male,Smoke daily,75-79 years,Fingal,Number,173.0
Population,2022,Male,Smoke daily,80-84 years,Fingal,Number,57.0
Population,2022,Male,Smoke daily,85-89 years,Fingal,Number,47.0
Population,2022,Male,Smoke daily,95 years and over,Fingal,Number,
Population,2022,Male,Smoke daily,All Ages,South Dublin,Number,15071.0
Population,2022,Male,Smoke daily,0 - 14 years,South Dublin,Number,14.0
Population,2022,Male,Smoke daily,15-19 years,South Dublin,Number,292.0
Population,2022,Male,Smoke daily,20-24 years,South Dublin,Number,1110.0
Population,2022,Male,Smoke daily,25-29 years,South Dublin,Number,1395.0
Population,2022,Male,Smoke daily,30-34 years,South Dublin,Number,1549.0
Population,2022,Male,Smoke daily,35-39 years,South Dublin,Number,1900.0
Population,2022,Male,Smoke daily,40-44 years,South Dublin,Number,2065.0
Population,2022,Male,Smoke daily,45-49 years,South Dublin,Number,1676.0
Population,2022,Male,Smoke daily,50-54 years,South Dublin,Number,1430.0
Population,2022,Male,Smoke daily,55-59 years,South Dublin,Number,1165.0
Population,2022,Male,Smoke daily,60-64 years,South Dublin,Number,936.0
Population,2022,Male,Smoke daily,65-69 years,South Dublin,Number,651.0
Population,2022,Male,Smoke daily,70-74 years,South Dublin,Number,498.0
Population,2022,Male,Smoke daily,75-79 years,South Dublin,Number,248.0
Population,2022,Male,Smoke daily,80-84 years,South Dublin,Number,102.0
Population,2022,Male,Smoke daily,85-89 years,South Dublin,Number,40.0
Population,2022,Male,Smoke daily,95 years and over,South Dublin,Number,0.0
Population,2022,Male,Smoke daily,All Ages,Kildare,Number,11674.0
Population,2022,Male,Smoke daily,0 - 14 years,Kildare,Number,
Population,2022,Male,Smoke daily,15-19 years,Kildare,Number,250.0
Population,2022,Male,Smoke daily,20-24 years,Kildare,Number,949.0
Population,2022,Male,Smoke daily,25-29 years,Kildare,Number,1108.0
Population,2022,Male,Smoke daily,30-34 years,Kildare,Number,1234.0
Population,2022,Male,Smoke daily,35-39 years,Kildare,Number,1470.0
Population,2022,Male,Smoke daily,40-44 years,Kildare,Number,1529.0
Population,2022,Male,Smoke daily,45-49 years,Kildare,Number,1294.0
Population,2022,Male,Smoke daily,50-54 years,Kildare,Number,1166.0
Population,2022,Male,Smoke daily,55-59 years,Kildare,Number,930.0
Population,2022,Male,Smoke daily,60-64 years,Kildare,Number,674.0
Population,2022,Male,Smoke daily,65-69 years,Kildare,Number,470.0
Population,2022,Male,Smoke daily,70-74 years,Kildare,Number,314.0
Population,2022,Male,Smoke daily,75-79 years,Kildare,Number,179.0
Population,2022,Male,Smoke daily,80-84 years,Kildare,Number,66.0
Population,2022,Male,Smoke daily,85-89 years,Kildare,Number,23.0
Population,2022,Male,Smoke daily,95 years and over,Kildare,Number,
Population,2022,Male,Smoke daily,All Ages,Kilkenny,Number,5082.0
Population,2022,Male,Smoke daily,0 - 14 years,Kilkenny,Number,
Population,2022,Male,Smoke daily,15-19 years,Kilkenny,Number,119.0
Population,2022,Male,Smoke daily,20-24 years,Kilkenny,Number,338.0
Population,2022,Male,Smoke daily,25-29 years,Kilkenny,Number,420.0
Population,2022,Male,Smoke daily,30-34 years,Kilkenny,Number,523.0
Population,2022,Male,Smoke daily,35-39 years,Kilkenny,Number,555.0
Population,2022,Male,Smoke daily,40-44 years,Kilkenny,Number,635.0
Population,2022,Male,Smoke daily,45-49 years,Kilkenny,Number,598.0
Population,2022,Male,Smoke daily,50-54 years,Kilkenny,Number,514.0
Population,2022,Male,Smoke daily,55-59 years,Kilkenny,Number,442.0
Population,2022,Male,Smoke daily,60-64 years,Kilkenny,Number,349.0
Population,2022,Male,Smoke daily,65-69 years,Kilkenny,Number,251.0
Population,2022,Male,Smoke daily,70-74 years,Kilkenny,Number,177.0
Population,2022,Male,Smoke daily,75-79 years,Kilkenny,Number,101.0
Population,2022,Male,Smoke daily,80-84 years,Kilkenny,Number,36.0
Population,2022,Male,Smoke daily,85-89 years,Kilkenny,Number,
Population,2022,Male,Smoke daily,95 years and over,Kilkenny,Number,
Population,2022,Male,Smoke daily,All Ages,Laois,Number,5185.0
Population,2022,Male,Smoke daily,0 - 14 years,Laois,Number,
Population,2022,Male,Smoke daily,15-19 years,Laois,Number,111.0
Population,2022,Male,Smoke daily,20-24 years,Laois,Number,343.0
Population,2022,Male,Smoke daily,25-29 years,Laois,Number,442.0
Population,2022,Male,Smoke daily,30-34 years,Laois,Number,500.0
Population,2022,Male,Smoke daily,35-39 years,Laois,Number,664.0
Population,2022,Male,Smoke daily,40-44 years,Laois,Number,700.0
Population,2022,Male,Smoke daily,45-49 years,Laois,Number,569.0
Population,2022,Male,Smoke daily,50-54 years,Laois,Number,578.0
Population,2022,Male,Smoke daily,55-59 years,Laois,Number,389.0
Population,2022,Male,Smoke daily,60-64 years,Laois,Number,331.0
Population,2022,Male,Smoke daily,65-69 years,Laois,Number,246.0
Population,2022,Male,Smoke daily,70-74 years,Laois,Number,161.0
Population,2022,Male,Smoke daily,75-79 years,Laois,Number,86.0
Population,2022,Male,Smoke daily,80-84 years,Laois,Number,38.0
Population,2022,Male,Smoke daily,85-89 years,Laois,Number,
Population,2022,Male,Smoke daily,95 years and over,Laois,Number,0.0
Population,2022,Male,Smoke daily,All Ages,Longford,Number,2574.0
Population,2022,Male,Smoke daily,0 - 14 years,Longford,Number,
Population,2022,Male,Smoke daily,15-19 years,Longford,Number,68.0
Population,2022,Male,Smoke daily,20-24 years,Longford,Number,165.0
Population,2022,Male,Smoke daily,25-29 years,Longford,Number,210.0
Population,2022,Male,Smoke daily,30-34 years,Longford,Number,255.0
Population,2022,Male,Smoke daily,35-39 years,Longford,Number,285.0
Population,2022,Male,Smoke daily,40-44 years,Longford,Number,335.0
Population,2022,Male,Smoke daily,45-49 years,Longford,Number,260.0
Population,2022,Male,Smoke daily,50-54 years,Longford,Number,289.0
Population,2022,Male,Smoke daily,55-59 years,Longford,Number,225.0
Population,2022,Male,Smoke daily,60-64 years,Longford,Number,175.0
Population,2022,Male,Smoke daily,65-69 years,Longford,Number,125.0
Population,2022,Male,Smoke daily,70-74 years,Longford,Number,95.0
Population,2022,Male,Smoke daily,75-79 years,Longford,Number,51.0
Population,2022,Male,Smoke daily,80-84 years,Longford,Number,23.0
Population,2022,Male,Smoke daily,85-89 years,Longford,Number,
Population,2022,Male,Smoke daily,95 years and over,Longford,Number,
Population,2022,Male,Smoke daily,All Ages,Louth,Number,7392.0
Population,2022,Male,Smoke daily,0 - 14 years,Louth,Number,
Population,2022,Male,Smoke daily,15-19 years,Louth,Number,151.0
Population,2022,Male,Smoke daily,20-24 years,Louth,Number,495.0
Population,2022,Male,Smoke daily,25-29 years,Louth,Number,677.0
Population,2022,Male,Smoke daily,30-34 years,Louth,Number,757.0
Population,2022,Male,Smoke daily,35-39 years,Louth,Number,799.0
Population,2022,Male,Smoke daily,40-44 years,Louth,Number,943.0
Population,2022,Male,Smoke daily,45-49 years,Louth,Number,832.0
Population,2022,Male,Smoke daily,50-54 years,Louth,Number,786.0
Population,2022,Male,Smoke daily,55-59 years,Louth,Number,627.0
Population,2022,Male,Smoke daily,60-64 years,Louth,Number,508.0
Population,2022,Male,Smoke daily,65-69 years,Louth,Number,343.0
Population,2022,Male,Smoke daily,70-74 years,Louth,Number,247.0
Population,2022,Male,Smoke daily,75-79 years,Louth,Number,145.0
Population,2022,Male,Smoke daily,80-84 years,Louth,Number,50.0
Population,2022,Male,Smoke daily,85-89 years,Louth,Number,21.0
Population,2022,Male,Smoke daily,95 years and over,Louth,Number,
Population,2022,Male,Smoke daily,All Ages,Meath,Number,10608.0
Population,2022,Male,Smoke daily,0 - 14 years,Meath,Number,
Population,2022,Male,Smoke daily,15-19 years,Meath,Number,224.0
Population,2022,Male,Smoke daily,20-24 years,Meath,Number,796.0
Population,2022,Male,Smoke daily,25-29 years,Meath,Number,905.0
Population,2022,Male,Smoke daily,30-34 years,Meath,Number,1044.0
Population,2022,Male,Smoke daily,35-39 years,Meath,Number,1366.0
Population,2022,Male,Smoke daily,40-44 years,Meath,Number,1392.0
Population,2022,Male,Smoke daily,45-49 years,Meath,Number,1306.0
Population,2022,Male,Smoke daily,50-54 years,Meath,Number,1034.0
Population,2022,Male,Smoke daily,55-59 years,Meath,Number,913.0
Population,2022,Male,Smoke daily,60-64 years,Meath,Number,604.0
Population,2022,Male,Smoke daily,65-69 years,Meath,Number,465.0
Population,2022,Male,Smoke daily,70-74 years,Meath,Number,276.0
Population,2022,Male,Smoke daily,75-79 years,Meath,Number,166.0
Population,2022,Male,Smoke daily,80-84 years,Meath,Number,70.0
Population,2022,Male,Smoke daily,85-89 years,Meath,Number,29.0
Population,2022,Male,Smoke daily,95 years and over,Meath,Number,
Population,2022,Male,Smoke daily,All Ages,Offaly,Number,4700.0
Population,2022,Male,Smoke daily,0 - 14 years,Offaly,Number,
Population,2022,Male,Smoke daily,15-19 years,Offaly,Number,96.0
Population,2022,Male,Smoke daily,20-24 years,Offaly,Number,342.0
Population,2022,Male,Smoke daily,25-29 years,Offaly,Number,456.0
Population,2022,Male,Smoke daily,30-34 years,Offaly,Number,481.0
Population,2022,Male,Smoke daily,35-39 years,Offaly,Number,539.0
Population,2022,Male,Smoke daily,40-44 years,Offaly,Number,550.0
Population,2022,Male,Smoke daily,45-49 years,Offaly,Number,547.0
Population,2022,Male,Smoke daily,50-54 years,Offaly,Number,457.0
Population,2022,Male,Smoke daily,55-59 years,Offaly,Number,412.0
Population,2022,Male,Smoke daily,60-64 years,Offaly,Number,309.0
Population,2022,Male,Smoke daily,65-69 years,Offaly,Number,216.0
Population,2022,Male,Smoke daily,70-74 years,Offaly,Number,143.0
Population,2022,Male,Smoke daily,75-79 years,Offaly,Number,90.0
Population,2022,Male,Smoke daily,80-84 years,Offaly,Number,39.0
Population,2022,Male,Smoke daily,85-89 years,Offaly,Number,
Population,2022,Male,Smoke daily,95 years and over,Offaly,Number,0.0
Population,2022,Male,Smoke daily,All Ages,Westmeath,Number,5183.0
Population,2022,Male,Smoke daily,0 - 14 years,Westmeath,Number,
Population,2022,Male,Smoke daily,15-19 years,Westmeath,Number,119.0
Population,2022,Male,Smoke daily,20-24 years,Westmeath,Number,371.0
Population,2022,Male,Smoke daily,25-29 years,Westmeath,Number,495.0
Population,2022,Male,Smoke daily,30-34 years,Westmeath,Number,495.0
Population,2022,Male,Smoke daily,35-39 years,Westmeath,Number,619.0
Population,2022,Male,Smoke daily,40-44 years,Westmeath,Number,617.0
Population,2022,Male,Smoke daily,45-49 years,Westmeath,Number,555.0
Population,2022,Male,Smoke daily,50-54 years,Westmeath,Number,543.0
Population,2022,Male,Smoke daily,55-59 years,Westmeath,Number,452.0
Population,2022,Male,Smoke daily,60-64 years,Westmeath,Number,353.0
Population,2022,Male,Smoke daily,65-69 years,Westmeath,Number,249.0
Population,2022,Male,Smoke daily,70-74 years,Westmeath,Number,166.0
Population,2022,Male,Smoke daily,75-79 years,Westmeath,Number,85.0
Population,2022,Male,Smoke daily,80-84 years,Westmeath,Number,37.0
Population,2022,Male,Smoke daily,85-89 years,Westmeath,Number,23.0
Population,2022,Male,Smoke daily,95 years and over,Westmeath,Number,
Population,2022,Male,Smoke daily,All Ages,Wexford,Number,9374.0
Population,2022,Male,Smoke daily,0 - 14 years,Wexford,Number,
Population,2022,Male,Smoke daily,15-19 years,Wexford,Number,198.0
Population,2022,Male,Smoke daily,20-24 years,Wexford,Number,691.0
Population,2022,Male,Smoke daily,25-29 years,Wexford,Number,804.0
Population,2022,Male,Smoke daily,30-34 years,Wexford,Number,944.0
Population,2022,Male,Smoke daily,35-39 years,Wexford,Number,1003.0
Population,2022,Male,Smoke daily,40-44 years,Wexford,Number,1113.0
Population,2022,Male,Smoke daily,45-49 years,Wexford,Number,996.0
Population,2022,Male,Smoke daily,50-54 years,Wexford,Number,992.0
Population,2022,Male,Smoke daily,55-59 years,Wexford,Number,845.0
Population,2022,Male,Smoke daily,60-64 years,Wexford,Number,666.0
Population,2022,Male,Smoke daily,65-69 years,Wexford,Number,501.0
Population,2022,Male,Smoke daily,70-74 years,Wexford,Number,308.0
Population,2022,Male,Smoke daily,75-79 years,Wexford,Number,177.0
Population,2022,Male,Smoke daily,80-84 years,Wexford,Number,88.0
Population,2022,Male,Smoke daily,85-89 years,Wexford,Number,29.0
Population,2022,Male,Smoke daily,95 years and over,Wexford,Number,
Population,2022,Male,Smoke daily,All Ages,Wicklow,Number,7466.0
Population,2022,Male,Smoke daily,0 - 14 years,Wicklow,Number,9.0
Population,2022,Male,Smoke daily,15-19 years,Wicklow,Number,162.0
Population,2022,Male,Smoke daily,20-24 years,Wicklow,Number,558.0
Population,2022,Male,Smoke daily,25-29 years,Wicklow,Number,582.0
Population,2022,Male,Smoke daily,30-34 years,Wicklow,Number,684.0
Population,2022,Male,Smoke daily,35-39 years,Wicklow,Number,854.0
Population,2022,Male,Smoke daily,40-44 years,Wicklow,Number,926.0
Population,2022,Male,Smoke daily,45-49 years,Wicklow,Number,824.0
Population,2022,Male,Smoke daily,50-54 years,Wicklow,Number,758.0
Population,2022,Male,Smoke daily,55-59 years,Wicklow,Number,664.0
Population,2022,Male,Smoke daily,60-64 years,Wicklow,Number,538.0
Population,2022,Male,Smoke daily,65-69 years,Wicklow,Number,391.0
Population,2022,Male,Smoke daily,70-74 years,Wicklow,Number,259.0
Population,2022,Male,Smoke daily,75-79 years,Wicklow,Number,144.0
Population,2022,Male,Smoke daily,80-84 years,Wicklow,Number,82.0
Population,2022,Male,Smoke daily,85-89 years,Wicklow,Number,31.0
Population,2022,Male,Smoke daily,95 years and over,Wicklow,Number,0.0
Population,2022,Male,Smoke daily,All Ages,Clare,Number,5985.0
Population,2022,Male,Smoke daily,0 - 14 years,Clare,Number,
Population,2022,Male,Smoke daily,15-19 years,Clare,Number,114.0
Population,2022,Male,Smoke daily,20-24 years,Clare,Number,386.0
Population,2022,Male,Smoke daily,25-29 years,Clare,Number,527.0
Population,2022,Male,Smoke daily,30-34 years,Clare,Number,520.0
Population,2022,Male,Smoke daily,35-39 years,Clare,Number,673.0
Population,2022,Male,Smoke daily,40-44 years,Clare,Number,651.0
Population,2022,Male,Smoke daily,45-49 years,Clare,Number,714.0
Population,2022,Male,Smoke daily,50-54 years,Clare,Number,688.0
Population,2022,Male,Smoke daily,55-59 years,Clare,Number,516.0
Population,2022,Male,Smoke daily,60-64 years,Clare,Number,465.0
Population,2022,Male,Smoke daily,65-69 years,Clare,Number,317.0
Population,2022,Male,Smoke daily,70-74 years,Clare,Number,210.0
Population,2022,Male,Smoke daily,75-79 years,Clare,Number,118.0
Population,2022,Male,Smoke daily,80-84 years,Clare,Number,49.0
Population,2022,Male,Smoke daily,85-89 years,Clare,Number,
Population,2022,Male,Smoke daily,95 years and over,Clare,Number,0.0
Population,2022,Male,Smoke daily,All Ages,Cork City,Number,11578.0
Population,2022,Male,Smoke daily,0 - 14 years,Cork City,Number,
Population,2022,Male,Smoke daily,15-19 years,Cork City,Number,256.0
Population,2022,Male,Smoke daily,20-24 years,Cork City,Number,1072.0
Population,2022,Male,Smoke daily,25-29 years,Cork City,Number,1323.0
Population,2022,Male,Smoke daily,30-34 years,Cork City,Number,1293.0
Population,2022,Male,Smoke daily,35-39 years,Cork City,Number,1331.0
Population,2022,Male,Smoke daily,40-44 years,Cork City,Number,1266.0
Population,2022,Male,Smoke daily,45-49 years,Cork City,Number,1109.0
Population,2022,Male,Smoke daily,50-54 years,Cork City,Number,1074.0
Population,2022,Male,Smoke daily,55-59 years,Cork City,Number,918.0
Population,2022,Male,Smoke daily,60-64 years,Cork City,Number,721.0
Population,2022,Male,Smoke daily,65-69 years,Cork City,Number,533.0
Population,2022,Male,Smoke daily,70-74 years,Cork City,Number,352.0
Population,2022,Male,Smoke daily,75-79 years,Cork City,Number,193.0
Population,2022,Male,Smoke daily,80-84 years,Cork City,Number,74.0
Population,2022,Male,Smoke daily,85-89 years,Cork City,Number,
Population,2022,Male,Smoke daily,95 years and over,Cork City,Number,
Population,2022,Male,Smoke daily,All Ages,Cork County,Number,16301.0
Population,2022,Male,Smoke daily,0 - 14 years,Cork County,Number,
Population,2022,Male,Smoke daily,15-19 years,Cork County,Number,377.0
Population,2022,Male,Smoke daily,20-24 years,Cork County,Number,1107.0
Population,2022,Male,Smoke daily,25-29 years,Cork County,Number,1271.0
Population,2022,Male,Smoke daily,30-34 years,Cork County,Number,1590.0
Population,2022,Male,Smoke daily,35-39 years,Cork County,Number,1941.0
Population,2022,Male,Smoke daily,40-44 years,Cork County,Number,2034.0
Population,2022,Male,Smoke daily,45-49 years,Cork County,Number,1906.0
Population,2022,Male,Smoke daily,50-54 years,Cork County,Number,1756.0
Population,2022,Male,Smoke daily,55-59 years,Cork County,Number,1433.0
Population,2022,Male,Smoke daily,60-64 years,Cork County,Number,1030.0
Population,2022,Male,Smoke daily,65-69 years,Cork County,Number,857.0
Population,2022,Male,Smoke daily,70-74 years,Cork County,Number,486.0
Population,2022,Male,Smoke daily,75-79 years,Cork County,Number,292.0
Population,2022,Male,Smoke daily,80-84 years,Cork County,Number,133.0
Population,2022,Male,Smoke daily,85-89 years,Cork County,Number,
Population,2022,Male,Smoke daily,95 years and over,Cork County,Number,
Population,2022,Male,Smoke daily,All Ages,Kerry,Number,7790.0
Population,2022,Male,Smoke daily,0 - 14 years,Kerry,Number,
Population,2022,Male,Smoke daily,15-19 years,Kerry,Number,128.0
Population,2022,Male,Smoke daily,20-24 years,Kerry,Number,506.0
Population,2022,Male,Smoke daily,25-29 years,Kerry,Number,689.0
Population,2022,Male,Smoke daily,30-34 years,Kerry,Number,757.0
Population,2022,Male,Smoke daily,35-39 years,Kerry,Number,818.0
Population,2022,Male,Smoke daily,40-44 years,Kerry,Number,884.0
Population,2022,Male,Smoke daily,45-49 years,Kerry,Number,860.0
Population,2022,Male,Smoke daily,50-54 years,Kerry,Number,783.0
Population,2022,Male,Smoke daily,55-59 years,Kerry,Number,713.0
Population,2022,Male,Smoke daily,60-64 years,Kerry,Number,554.0
Population,2022,Male,Smoke daily,65-69 years,Kerry,Number,452.0
Population,2022,Male,Smoke daily,70-74 years,Kerry,Number,323.0
Population,2022,Male,Smoke daily,75-79 years,Kerry,Number,191.0
Population,2022,Male,Smoke daily,80-84 years,Kerry,Number,86.0
Population,2022,Male,Smoke daily,85-89 years,Kerry,Number,34.0
Population,2022,Male,Smoke daily,95 years and over,Kerry,Number,
Population,2022,Male,Smoke daily,All Ages,Limerick City and County,Number,10357.0
Population,2022,Male,Smoke daily,0 - 14 years,Limerick City and County,Number,
Population,2022,Male,Smoke daily,15-19 years,Limerick City and County,Number,231.0
Population,2022,Male,Smoke daily,20-24 years,Limerick City and County,Number,819.0
Population,2022,Male,Smoke daily,25-29 years,Limerick City and County,Number,972.0
Population,2022,Male,Smoke daily,30-34 years,Limerick City and County,Number,1072.0
Population,2022,Male,Smoke daily,35-39 years,Limerick City and County,Number,1215.0
Population,2022,Male,Smoke daily,40-44 years,Limerick City and County,Number,1177.0
Population,2022,Male,Smoke daily,45-49 years,Limerick City and County,Number,1087.0
Population,2022,Male,Smoke daily,50-54 years,Limerick City and County,Number,1024.0
Population,2022,Male,Smoke daily,55-59 years,Limerick City and County,Number,819.0
Population,2022,Male,Smoke daily,60-64 years,Limerick City and County,Number,706.0
Population,2022,Male,Smoke daily,65-69 years,Limerick City and County,Number,519.0
Population,2022,Male,Smoke daily,70-74 years,Limerick City and County,Number,365.0
Population,2022,Male,Smoke daily,75-79 years,Limerick City and County,Number,203.0
Population,2022,Male,Smoke daily,80-84 years,Limerick City and County,Number,94.0
Population,2022,Male,Smoke daily,85-89 years,Limerick City and County,Number,44.0
Population,2022,Male,Smoke daily,95 years and over,Limerick City and County,Number,
Population,2022,Male,Smoke daily,All Ages,Tipperary,Number,9094.0
Population,2022,Male,Smoke daily,0 - 14 years,Tipperary,Number,
Population,2022,Male,Smoke daily,15-19 years,Tipperary,Number,199.0
Population,2022,Male,Smoke daily,20-24 years,Tipperary,Number,612.0
Population,2022,Male,Smoke daily,25-29 years,Tipperary,Number,756.0
Population,2022,Male,Smoke daily,30-34 years,Tipperary,Number,864.0
Population,2022,Male,Smoke daily,35-39 years,Tipperary,Number,1001.0
Population,2022,Male,Smoke daily,40-44 years,Tipperary,Number,1070.0
Population,2022,Male,Smoke daily,45-49 years,Tipperary,Number,1044.0
Population,2022,Male,Smoke daily,50-54 years,Tipperary,Number,958.0
Population,2022,Male,Smoke daily,55-59 years,Tipperary,Number,817.0
Population,2022,Male,Smoke daily,60-64 years,Tipperary,Number,645.0
Population,2022,Male,Smoke daily,65-69 years,Tipperary,Number,502.0
Population,2022,Male,Smoke daily,70-74 years,Tipperary,Number,302.0
Population,2022,Male,Smoke daily,75-79 years,Tipperary,Number,185.0
Population,2022,Male,Smoke daily,80-84 years,Tipperary,Number,82.0
Population,2022,Male,Smoke daily,85-89 years,Tipperary,Number,46.0
Population,2022,Male,Smoke daily,95 years and over,Tipperary,Number,
Population,2022,Male,Smoke daily,All Ages,Waterford City and County,Number,6529.0
Population,2022,Male,Smoke daily,0 - 14 years,Waterford City and County,Number,
Population,2022,Male,Smoke daily,15-19 years,Waterford City and County,Number,131.0
Population,2022,Male,Smoke daily,20-24 years,Waterford City and County,Number,525.0
Population,2022,Male,Smoke daily,25-29 years,Waterford City and County,Number,593.0
Population,2022,Male,Smoke daily,30-34 years,Waterford City and County,Number,620.0
Population,2022,Male,Smoke daily,35-39 years,Waterford City and County,Number,705.0
Population,2022,Male,Smoke daily,40-44 years,Waterford City and County,Number,814.0
Population,2022,Male,Smoke daily,45-49 years,Waterford City and County,Number,643.0
Population,2022,Male,Smoke daily,50-54 years,Waterford City and County,Number,688.0
Population,2022,Male,Smoke daily,55-59 years,Waterford City and County,Number,580.0
Population,2022,Male,Smoke daily,60-64 years,Waterford City and County,Number,472.0
Population,2022,Male,Smoke daily,65-69 years,Waterford City and County,Number,322.0
Population,2022,Male,Smoke daily,70-74 years,Waterford City and County,Number,217.0
Population,2022,Male,Smoke daily,75-79 years,Waterford City and County,Number,135.0
Population,2022,Male,Smoke daily,80-84 years,Waterford City and County,Number,49.0
Population,2022,Male,Smoke daily,85-89 years,Waterford City and County,Number,31.0
Population,2022,Male,Smoke daily,95 years and over,Waterford City and County,Number,
Population,2022,Male,Smoke daily,All Ages,Galway City,Number,4337.0
Population,2022,Male,Smoke daily,0 - 14 years,Galway City,Number,9.0
Population,2022,Male,Smoke daily,15-19 years,Galway City,Number,99.0
Population,2022,Male,Smoke daily,20-24 years,Galway City,Number,606.0
Population,2022,Male,Smoke daily,25-29 years,Galway City,Number,616.0
Population,2022,Male,Smoke daily,30-34 years,Galway City,Number,509.0
Population,2022,Male,Smoke daily,35-39 years,Galway City,Number,477.0
Population,2022,Male,Smoke daily,40-44 years,Galway City,Number,474.0
Population,2022,Male,Smoke daily,45-49 years,Galway City,Number,419.0
Population,2022,Male,Smoke daily,50-54 years,Galway City,Number,319.0
Population,2022,Male,Smoke daily,55-59 years,Galway City,Number,272.0
Population,2022,Male,Smoke daily,60-64 years,Galway City,Number,208.0
Population,2022,Male,Smoke daily,65-69 years,Galway City,Number,146.0
Population,2022,Male,Smoke daily,70-74 years,Galway City,Number,88.0
Population,2022,Male,Smoke daily,75-79 years,Galway City,Number,62.0
Population,2022,Male,Smoke daily,80-84 years,Galway City,Number,20.0
Population,2022,Male,Smoke daily,85-89 years,Galway City,Number,13.0
Population,2022,Male,Smoke daily,95 years and over,Galway City,Number,0.0
Population,2022,Male,Smoke daily,All Ages,Galway County,Number,8199.0
Population,2022,Male,Smoke daily,0 - 14 years,Galway County,Number,
Population,2022,Male,Smoke daily,15-19 years,Galway County,Number,162.0
Population,2022,Male,Smoke daily,20-24 years,Galway County,Number,532.0
Population,2022,Male,Smoke daily,25-29 years,Galway County,Number,647.0
Population,2022,Male,Smoke daily,30-34 years,Galway County,Number,723.0
Population,2022,Male,Smoke daily,35-39 years,Galway County,Number,927.0
Population,2022,Male,Smoke daily,40-44 years,Galway County,Number,970.0
Population,2022,Male,Smoke daily,45-49 years,Galway County,Number,910.0
Population,2022,Male,Smoke daily,50-54 years,Galway County,Number,898.0
Population,2022,Male,Smoke daily,55-59 years,Galway County,Number,700.0
Population,2022,Male,Smoke daily,60-64 years,Galway County,Number,617.0
Population,2022,Male,Smoke daily,65-69 years,Galway County,Number,434.0
Population,2022,Male,Smoke daily,70-74 years,Galway County,Number,338.0
Population,2022,Male,Smoke daily,75-79 years,Galway County,Number,180.0
Population,2022,Male,Smoke daily,80-84 years,Galway County,Number,109.0
Population,2022,Male,Smoke daily,85-89 years,Galway County,Number,47.0
Population,2022,Male,Smoke daily,95 years and over,Galway County,Number,
Population,2022,Male,Smoke daily,All Ages,Leitrim,Number,1834.0
Population,2022,Male,Smoke daily,0 - 14 years,Leitrim,Number,
Population,2022,Male,Smoke daily,15-19 years,Leitrim,Number,40.0
Population,2022,Male,Smoke daily,20-24 years,Leitrim,Number,116.0
Population,2022,Male,Smoke daily,25-29 years,Leitrim,Number,174.0
Population,2022,Male,Smoke daily,30-34 years,Leitrim,Number,167.0
Population,2022,Male,Smoke daily,35-39 years,Leitrim,Number,180.0
Population,2022,Male,Smoke daily,40-44 years,Leitrim,Number,219.0
Population,2022,Male,Smoke daily,45-49 years,Leitrim,Number,192.0
Population,2022,Male,Smoke daily,50-54 years,Leitrim,Number,204.0
Population,2022,Male,Smoke daily,55-59 years,Leitrim,Number,174.0
Population,2022,Male,Smoke daily,60-64 years,Leitrim,Number,125.0
Population,2022,Male,Smoke daily,65-69 years,Leitrim,Number,110.0
Population,2022,Male,Smoke daily,70-74 years,Leitrim,Number,74.0
Population,2022,Male,Smoke daily,75-79 years,Leitrim,Number,31.0
Population,2022,Male,Smoke daily,80-84 years,Leitrim,Number,20.0
Population,2022,Male,Smoke daily,85-89 years,Leitrim,Number,
Population,2022,Male,Smoke daily,95 years and over,Leitrim,Number,0.0
Population,2022,Male,Smoke daily,All Ages,Mayo,Number,6622.0
Population,2022,Male,Smoke daily,0 - 14 years,Mayo,Number,
Population,2022,Male,Smoke daily,15-19 years,Mayo,Number,147.0
Population,2022,Male,Smoke daily,20-24 years,Mayo,Number,434.0
Population,2022,Male,Smoke daily,25-29 years,Mayo,Number,526.0
Population,2022,Male,Smoke daily,30-34 years,Mayo,Number,640.0
Population,2022,Male,Smoke daily,35-39 years,Mayo,Number,793.0
Population,2022,Male,Smoke daily,40-44 years,Mayo,Number,744.0
Population,2022,Male,Smoke daily,45-49 years,Mayo,Number,718.0
Population,2022,Male,Smoke daily,50-54 years,Mayo,Number,615.0
Population,2022,Male,Smoke daily,55-59 years,Mayo,Number,558.0
Population,2022,Male,Smoke daily,60-64 years,Mayo,Number,511.0
Population,2022,Male,Smoke daily,65-69 years,Mayo,Number,371.0
Population,2022,Male,Smoke daily,70-74 years,Mayo,Number,267.0
Population,2022,Male,Smoke daily,75-79 years,Mayo,Number,186.0
Population,2022,Male,Smoke daily,80-84 years,Mayo,Number,58.0
Population,2022,Male,Smoke daily,85-89 years,Mayo,Number,44.0
Population,2022,Male,Smoke daily,95 years and over,Mayo,Number,
Population,2022,Male,Smoke daily,All Ages,Roscommon,Number,3556.0
Population,2022,Male,Smoke daily,0 - 14 years,Roscommon,Number,
Population,2022,Male,Smoke daily,15-19 years,Roscommon,Number,47.0
Population,2022,Male,Smoke daily,20-24 years,Roscommon,Number,224.0
Population,2022,Male,Smoke daily,25-29 years,Roscommon,Number,307.0
Population,2022,Male,Smoke daily,30-34 years,Roscommon,Number,329.0
Population,2022,Male,Smoke daily,35-39 years,Roscommon,Number,405.0
Population,2022,Male,Smoke daily,40-44 years,Roscommon,Number,421.0
Population,2022,Male,Smoke daily,45-49 years,Roscommon,Number,387.0
Population,2022,Male,Smoke daily,50-54 years,Roscommon,Number,359.0
Population,2022,Male,Smoke daily,55-59 years,Roscommon,Number,315.0
Population,2022,Male,Smoke daily,60-64 years,Roscommon,Number,259.0
Population,2022,Male,Smoke daily,65-69 years,Roscommon,Number,199.0
Population,2022,Male,Smoke daily,70-74 years,Roscommon,Number,144.0
Population,2022,Male,Smoke daily,75-79 years,Roscommon,Number,97.0
Population,2022,Male,Smoke daily,80-84 years,Roscommon,Number,30.0
Population,2022,Male,Smoke daily,85-89 years,Roscommon,Number,25.0
Population,2022,Male,Smoke daily,95 years and over,Roscommon,Number,
Population,2022,Male,Smoke daily,All Ages,Sligo,Number,3375.0
Population,2022,Male,Smoke daily,0 - 14 years,Sligo,Number,
Population,2022,Male,Smoke daily,15-19 years,Sligo,Number,76.0
Population,2022,Male,Smoke daily,20-24 years,Sligo,Number,275.0
Population,2022,Male,Smoke daily,25-29 years,Sligo,Number,306.0
Population,2022,Male,Smoke daily,30-34 years,Sligo,Number,305.0
Population,2022,Male,Smoke daily,35-39 years,Sligo,Number,357.0
Population,2022,Male,Smoke daily,40-44 years,Sligo,Number,370.0
Population,2022,Male,Smoke daily,45-49 years,Sligo,Number,334.0
Population,2022,Male,Smoke daily,50-54 years,Sligo,Number,310.0
Population,2022,Male,Smoke daily,55-59 years,Sligo,Number,328.0
Population,2022,Male,Smoke daily,60-64 years,Sligo,Number,252.0
Population,2022,Male,Smoke daily,65-69 years,Sligo,Number,189.0
Population,2022,Male,Smoke daily,70-74 years,Sligo,Number,126.0
Population,2022,Male,Smoke daily,75-79 years,Sligo,Number,81.0
Population,2022,Male,Smoke daily,80-84 years,Sligo,Number,37.0
Population,2022,Male,Smoke daily,85-89 years,Sligo,Number,25.0
Population,2022,Male,Smoke daily,95 years and over,Sligo,Number,
Population,2022,Male,Smoke daily,All Ages,Cavan,Number,4650.0
Population,2022,Male,Smoke daily,0 - 14 years,Cavan,Number,
Population,2022,Male,Smoke daily,15-19 years,Cavan,Number,128.0
Population,2022,Male,Smoke daily,20-24 years,Cavan,Number,338.0
Population,2022,Male,Smoke daily,25-29 years,Cavan,Number,447.0
Population,2022,Male,Smoke daily,30-34 years,Cavan,Number,482.0
Population,2022,Male,Smoke daily,35-39 years,Cavan,Number,558.0
Population,2022,Male,Smoke daily,40-44 years,Cavan,Number,553.0
Population,2022,Male,Smoke daily,45-49 years,Cavan,Number,515.0
Population,2022,Male,Smoke daily,50-54 years,Cavan,Number,469.0
Population,2022,Male,Smoke daily,55-59 years,Cavan,Number,395.0
Population,2022,Male,Smoke daily,60-64 years,Cavan,Number,265.0
Population,2022,Male,Smoke daily,65-69 years,Cavan,Number,219.0
Population,2022,Male,Smoke daily,70-74 years,Cavan,Number,134.0
Population,2022,Male,Smoke daily,75-79 years,Cavan,Number,84.0
Population,2022,Male,Smoke daily,80-84 years,Cavan,Number,35.0
Population,2022,Male,Smoke daily,85-89 years,Cavan,Number,19.0
Population,2022,Male,Smoke daily,95 years and over,Cavan,Number,
Population,2022,Male,Smoke daily,All Ages,Donegal,Number,7593.0
Population,2022,Male,Smoke daily,0 - 14 years,Donegal,Number,
Population,2022,Male,Smoke daily,15-19 years,Donegal,Number,174.0
Population,2022,Male,Smoke daily,20-24 years,Donegal,Number,448.0
Population,2022,Male,Smoke daily,25-29 years,Donegal,Number,642.0
Population,2022,Male,Smoke daily,30-34 years,Donegal,Number,731.0
Population,2022,Male,Smoke daily,35-39 years,Donegal,Number,831.0
Population,2022,Male,Smoke daily,40-44 years,Donegal,Number,836.0
Population,2022,Male,Smoke daily,45-49 years,Donegal,Number,811.0
Population,2022,Male,Smoke daily,50-54 years,Donegal,Number,789.0
Population,2022,Male,Smoke daily,55-59 years,Donegal,Number,648.0
Population,2022,Male,Smoke daily,60-64 years,Donegal,Number,542.0
Population,2022,Male,Smoke daily,65-69 years,Donegal,Number,434.0
Population,2022,Male,Smoke daily,70-74 years,Donegal,Number,329.0
Population,2022,Male,Smoke daily,75-79 years,Donegal,Number,218.0
Population,2022,Male,Smoke daily,80-84 years,Donegal,Number,90.0
Population,2022,Male,Smoke daily,85-89 years,Donegal,Number,60.0
Population,2022,Male,Smoke daily,95 years and over,Donegal,Number,
Population,2022,Male,Smoke daily,All Ages,Monaghan,Number,3423.0
Population,2022,Male,Smoke daily,0 - 14 years,Monaghan,Number,6.0
Population,2022,Male,Smoke daily,15-19 years,Monaghan,Number,67.0
Population,2022,Male,Smoke daily,20-24 years,Monaghan,Number,204.0
Population,2022,Male,Smoke daily,25-29 years,Monaghan,Number,311.0
Population,2022,Male,Smoke daily,30-34 years,Monaghan,Number,336.0
Population,2022,Male,Smoke daily,35-39 years,Monaghan,Number,421.0
Population,2022,Male,Smoke daily,40-44 years,Monaghan,Number,425.0
Population,2022,Male,Smoke daily,45-49 years,Monaghan,Number,369.0
Population,2022,Male,Smoke daily,50-54 years,Monaghan,Number,333.0
Population,2022,Male,Smoke daily,55-59 years,Monaghan,Number,284.0
Population,2022,Male,Smoke daily,60-64 years,Monaghan,Number,236.0
Population,2022,Male,Smoke daily,65-69 years,Monaghan,Number,171.0
Population,2022,Male,Smoke daily,70-74 years,Monaghan,Number,127.0
Population,2022,Male,Smoke daily,75-79 years,Monaghan,Number,86.0
Population,2022,Male,Smoke daily,80-84 years,Monaghan,Number,28.0
Population,2022,Male,Smoke daily,85-89 years,Monaghan,Number,19.0
Population,2022,Male,Smoke daily,95 years and over,Monaghan,Number,0.0
Population,2022,Male,Smoke occasionally,All Ages,State,Number,126114.0
Population,2022,Male,Smoke occasionally,0 - 14 years,State,Number,144.0
Population,2022,Male,Smoke occasionally,15-19 years,State,Number,6895.0
Population,2022,Male,Smoke occasionally,20-24 years,State,Number,18885.0
Population,2022,Male,Smoke occasionally,25-29 years,State,Number,18903.0
Population,2022,Male,Smoke occasionally,30-34 years,State,Number,16145.0
Population,2022,Male,Smoke occasionally,35-39 years,State,Number,14862.0
Population,2022,Male,Smoke occasionally,40-44 years,State,Number,13322.0
Population,2022,Male,Smoke occasionally,45-49 years,State,Number,10105.0
Population,2022,Male,Smoke occasionally,50-54 years,State,Number,7841.0
Population,2022,Male,Smoke occasionally,55-59 years,State,Number,5978.0
Population,2022,Male,Smoke occasionally,60-64 years,State,Number,4732.0
Population,2022,Male,Smoke occasionally,65-69 years,State,Number,3458.0
Population,2022,Male,Smoke occasionally,70-74 years,State,Number,2376.0
Population,2022,Male,Smoke occasionally,75-79 years,State,Number,1402.0
Population,2022,Male,Smoke occasionally,80-84 years,State,Number,679.0
Population,2022,Male,Smoke occasionally,85-89 years,State,Number,375.0
Population,2022,Male,Smoke occasionally,95 years and over,State,Number,12.0
Population,2022,Male,Smoke occasionally,All Ages,Carlow,Number,1427.0
Population,2022,Male,Smoke occasionally,0 - 14 years,Carlow,Number,
Population,2022,Male,Smoke occasionally,15-19 years,Carlow,Number,108.0
Population,2022,Male,Smoke occasionally,20-24 years,Carlow,Number,213.0
Population,2022,Male,Smoke occasionally,25-29 years,Carlow,Number,194.0
Population,2022,Male,Smoke occasionally,30-34 years,Carlow,Number,146.0
Population,2022,Male,Smoke occasionally,35-39 years,Carlow,Number,175.0
Population,2022,Male,Smoke occasionally,40-44 years,Carlow,Number,164.0
Population,2022,Male,Smoke occasionally,45-49 years,Carlow,Number,118.0
Population,2022,Male,Smoke occasionally,50-54 years,Carlow,Number,83.0
Population,2022,Male,Smoke occasionally,55-59 years,Carlow,Number,66.0
Population,2022,Male,Smoke occasionally,60-64 years,Carlow,Number,57.0
Population,2022,Male,Smoke occasionally,65-69 years,Carlow,Number,38.0
Population,2022,Male,Smoke occasionally,70-74 years,Carlow,Number,37.0
Population,2022,Male,Smoke occasionally,75-79 years,Carlow,Number,13.0
Population,2022,Male,Smoke occasionally,80-84 years,Carlow,Number,7.0
Population,2022,Male,Smoke occasionally,85-89 years,Carlow,Number,
Population,2022,Male,Smoke occasionally,95 years and over,Carlow,Number,0.0
Population,2022,Male,Smoke occasionally,All Ages,Dublin City,Number,19591.0
Population,2022,Male,Smoke occasionally,0 - 14 years,Dublin City,Number,
Population,2022,Male,Smoke occasionally,15-19 years,Dublin City,Number,679.0
Population,2022,Male,Smoke occasionally,20-24 years,Dublin City,Number,2956.0
Population,2022,Male,Smoke occasionally,25-29 years,Dublin City,Number,4373.0
Population,2022,Male,Smoke occasionally,30-34 years,Dublin City,Number,3368.0
Population,2022,Male,Smoke occasionally,35-39 years,Dublin City,Number,2275.0
Population,2022,Male,Smoke occasionally,40-44 years,Dublin City,Number,1643.0
Population,2022,Male,Smoke occasionally,45-49 years,Dublin City,Number,1139.0
Population,2022,Male,Smoke occasionally,50-54 years,Dublin City,Number,921.0
Population,2022,Male,Smoke occasionally,55-59 years,Dublin City,Number,736.0
Population,2022,Male,Smoke occasionally,60-64 years,Dublin City,Number,522.0
Population,2022,Male,Smoke occasionally,65-69 years,Dublin City,Number,416.0
Population,2022,Male,Smoke occasionally,70-74 years,Dublin City,Number,249.0
Population,2022,Male,Smoke occasionally,75-79 years,Dublin City,Number,164.0
Population,2022,Male,Smoke occasionally,80-84 years,Dublin City,Number,85.0
Population,2022,Male,Smoke occasionally,85-89 years,Dublin City,Number,48.0
Population,2022,Male,Smoke occasionally,95 years and over,Dublin City,Number,
Population,2022,Male,Smoke occasionally,All Ages,Dun Laoghaire-Rathdown,Number,6215.0
Population,2022,Male,Smoke occasionally,0 - 14 years,Dun Laoghaire-Rathdown,Number,
Population,2022,Male,Smoke occasionally,15-19 years,Dun Laoghaire-Rathdown,Number,341.0
Population,2022,Male,Smoke occasionally,20-24 years,Dun Laoghaire-Rathdown,Number,1090.0
Population,2022,Male,Smoke occasionally,25-29 years,Dun Laoghaire-Rathdown,Number,1146.0
Population,2022,Male,Smoke occasionally,30-34 years,Dun Laoghaire-Rathdown,Number,809.0
Population,2022,Male,Smoke occasionally,35-39 years,Dun Laoghaire-Rathdown,Number,656.0
Population,2022,Male,Smoke occasionally,40-44 years,Dun Laoghaire-Rathdown,Number,588.0
Population,2022,Male,Smoke occasionally,45-49 years,Dun Laoghaire-Rathdown,Number,412.0
Population,2022,Male,Smoke occasionally,50-54 years,Dun Laoghaire-Rathdown,Number,314.0
Population,2022,Male,Smoke occasionally,55-59 years,Dun Laoghaire-Rathdown,Number,275.0
Population,2022,Male,Smoke occasionally,60-64 years,Dun Laoghaire-Rathdown,Number,198.0
Population,2022,Male,Smoke occasionally,65-69 years,Dun Laoghaire-Rathdown,Number,158.0
Population,2022,Male,Smoke occasionally,70-74 years,Dun Laoghaire-Rathdown,Number,91.0
Population,2022,Male,Smoke occasionally,75-79 years,Dun Laoghaire-Rathdown,Number,73.0
Population,2022,Male,Smoke occasionally,80-84 years,Dun Laoghaire-Rathdown,Number,30.0
Population,2022,Male,Smoke occasionally,85-89 years,Dun Laoghaire-Rathdown,Number,27.0
Population,2022,Male,Smoke occasionally,95 years and over,Dun Laoghaire-Rathdown,Number,
Population,2022,Male,Smoke occasionally,All Ages,Fingal,Number,7795.0
Population,2022,Male,Smoke occasionally,0 - 14 years,Fingal,Number,
Population,2022,Male,Smoke occasionally,15-19 years,Fingal,Number,398.0
Population,2022,Male,Smoke occasionally,20-24 years,Fingal,Number,1012.0
Population,2022,Male,Smoke occasionally,25-29 years,Fingal,Number,1119.0
Population,2022,Male,Smoke occasionally,30-34 years,Fingal,Number,982.0
Population,2022,Male,Smoke occasionally,35-39 years,Fingal,Number,1013.0
Population,2022,Male,Smoke occasionally,40-44 years,Fingal,Number,1039.0
Population,2022,Male,Smoke occasionally,45-49 years,Fingal,Number,764.0
Population,2022,Male,Smoke occasionally,50-54 years,Fingal,Number,500.0
Population,2022,Male,Smoke occasionally,55-59 years,Fingal,Number,328.0
Population,2022,Male,Smoke occasionally,60-64 years,Fingal,Number,271.0
Population,2022,Male,Smoke occasionally,65-69 years,Fingal,Number,158.0
Population,2022,Male,Smoke occasionally,70-74 years,Fingal,Number,101.0
Population,2022,Male,Smoke occasionally,75-79 years,Fingal,Number,58.0
Population,2022,Male,Smoke occasionally,80-84 years,Fingal,Number,21.0
Population,2022,Male,Smoke occasionally,85-89 years,Fingal,Number,21.0
Population,2022,Male,Smoke occasionally,95 years and over,Fingal,Number,
Population,2022,Male,Smoke occasionally,All Ages,South Dublin,Number,6999.0
Population,2022,Male,Smoke occasionally,0 - 14 years,South Dublin,Number,6.0
Population,2022,Male,Smoke occasionally,15-19 years,South Dublin,Number,376.0
Population,2022,Male,Smoke occasionally,20-24 years,South Dublin,Number,996.0
Population,2022,Male,Smoke occasionally,25-29 years,South Dublin,Number,974.0
Population,2022,Male,Smoke occasionally,30-34 years,South Dublin,Number,915.0
Population,2022,Male,Smoke occasionally,35-39 years,South Dublin,Number,983.0
Population,2022,Male,Smoke occasionally,40-44 years,South Dublin,Number,824.0
Population,2022,Male,Smoke occasionally,45-49 years,South Dublin,Number,585.0
Population,2022,Male,Smoke occasionally,50-54 years,South Dublin,Number,397.0
Population,2022,Male,Smoke occasionally,55-59 years,South Dublin,Number,290.0
Population,2022,Male,Smoke occasionally,60-64 years,South Dublin,Number,249.0
Population,2022,Male,Smoke occasionally,65-69 years,South Dublin,Number,168.0
Population,2022,Male,Smoke occasionally,70-74 years,South Dublin,Number,125.0
Population,2022,Male,Smoke occasionally,75-79 years,South Dublin,Number,59.0
Population,2022,Male,Smoke occasionally,80-84 years,South Dublin,Number,33.0
Population,2022,Male,Smoke occasionally,85-89 years,South Dublin,Number,19.0
Population,2022,Male,Smoke occasionally,95 years and over,South Dublin,Number,0.0
Population,2022,Male,Smoke occasionally,All Ages,Kildare,Number,5654.0
Population,2022,Male,Smoke occasionally,0 - 14 years,Kildare,Number,
Population,2022,Male,Smoke occasionally,15-19 years,Kildare,Number,343.0
Population,2022,Male,Smoke occasionally,20-24 years,Kildare,Number,913.0
Population,2022,Male,Smoke occasionally,25-29 years,Kildare,Number,747.0
Population,2022,Male,Smoke occasionally,30-34 years,Kildare,Number,665.0
Population,2022,Male,Smoke occasionally,35-39 years,Kildare,Number,704.0
Population,2022,Male,Smoke occasionally,40-44 years,Kildare,Number,695.0
Population,2022,Male,Smoke occasionally,45-49 years,Kildare,Number,462.0
Population,2022,Male,Smoke occasionally,50-54 years,Kildare,Number,379.0
Population,2022,Male,Smoke occasionally,55-59 years,Kildare,Number,230.0
Population,2022,Male,Smoke occasionally,60-64 years,Kildare,Number,204.0
Population,2022,Male,Smoke occasionally,65-69 years,Kildare,Number,133.0
Population,2022,Male,Smoke occasionally,70-74 years,Kildare,Number,83.0
Population,2022,Male,Smoke occasionally,75-79 years,Kildare,Number,53.0
Population,2022,Male,Smoke occasionally,80-84 years,Kildare,Number,23.0
Population,2022,Male,Smoke occasionally,85-89 years,Kildare,Number,
Population,2022,Male,Smoke occasionally,95 years and over,Kildare,Number,0.0
Population,2022,Male,Smoke occasionally,All Ages,Kilkenny,Number,2423.0
Population,2022,Male,Smoke occasionally,0 - 14 years,Kilkenny,Number,
Population,2022,Male,Smoke occasionally,15-19 years,Kilkenny,Number,104.0
Population,2022,Male,Smoke occasionally,20-24 years,Kilkenny,Number,321.0
Population,2022,Male,Smoke occasionally,25-29 years,Kilkenny,Number,356.0
Population,2022,Male,Smoke occasionally,30-34 years,Kilkenny,Number,273.0
Population,2022,Male,Smoke occasionally,35-39 years,Kilkenny,Number,290.0
Population,2022,Male,Smoke occasionally,40-44 years,Kilkenny,Number,265.0
Population,2022,Male,Smoke occasionally,45-49 years,Kilkenny,Number,222.0
Population,2022,Male,Smoke occasionally,50-54 years,Kilkenny,Number,176.0
Population,2022,Male,Smoke occasionally,55-59 years,Kilkenny,Number,137.0
Population,2022,Male,Smoke occasionally,60-64 years,Kilkenny,Number,102.0
Population,2022,Male,Smoke occasionally,65-69 years,Kilkenny,Number,74.0
Population,2022,Male,Smoke occasionally,70-74 years,Kilkenny,Number,57.0
Population,2022,Male,Smoke occasionally,75-79 years,Kilkenny,Number,29.0
Population,2022,Male,Smoke occasionally,80-84 years,Kilkenny,Number,9.0
Population,2022,Male,Smoke occasionally,85-89 years,Kilkenny,Number,
Population,2022,Male,Smoke occasionally,95 years and over,Kilkenny,Number,
Population,2022,Male,Smoke occasionally,All Ages,Laois,Number,1991.0
Population,2022,Male,Smoke occasionally,0 - 14 years,Laois,Number,
Population,2022,Male,Smoke occasionally,15-19 years,Laois,Number,134.0
Population,2022,Male,Smoke occasionally,20-24 years,Laois,Number,317.0
Population,2022,Male,Smoke occasionally,25-29 years,Laois,Number,217.0
Population,2022,Male,Smoke occasionally,30-34 years,Laois,Number,235.0
Population,2022,Male,Smoke occasionally,35-39 years,Laois,Number,250.0
Population,2022,Male,Smoke occasionally,40-44 years,Laois,Number,210.0
Population,2022,Male,Smoke occasionally,45-49 years,Laois,Number,189.0
Population,2022,Male,Smoke occasionally,50-54 years,Laois,Number,140.0
Population,2022,Male,Smoke occasionally,55-59 years,Laois,Number,99.0
Population,2022,Male,Smoke occasionally,60-64 years,Laois,Number,80.0
Population,2022,Male,Smoke occasionally,65-69 years,Laois,Number,66.0
Population,2022,Male,Smoke occasionally,70-74 years,Laois,Number,30.0
Population,2022,Male,Smoke occasionally,75-79 years,Laois,Number,17.0
Population,2022,Male,Smoke occasionally,80-84 years,Laois,Number,
Population,2022,Male,Smoke occasionally,85-89 years,Laois,Number,
Population,2022,Male,Smoke occasionally,95 years and over,Laois,Number,0.0
Population,2022,Male,Smoke occasionally,All Ages,Longford,Number,1004.0
Population,2022,Male,Smoke occasionally,0 - 14 years,Longford,Number,
Population,2022,Male,Smoke occasionally,15-19 years,Longford,Number,72.0
Population,2022,Male,Smoke occasionally,20-24 years,Longford,Number,148.0
Population,2022,Male,Smoke occasionally,25-29 years,Longford,Number,114.0
Population,2022,Male,Smoke occasionally,30-34 years,Longford,Number,99.0
Population,2022,Male,Smoke occasionally,35-39 years,Longford,Number,108.0
Population,2022,Male,Smoke occasionally,40-44 years,Longford,Number,116.0
Population,2022,Male,Smoke occasionally,45-49 years,Longford,Number,88.0
Population,2022,Male,Smoke occasionally,50-54 years,Longford,Number,76.0
Population,2022,Male,Smoke occasionally,55-59 years,Longford,Number,62.0
Population,2022,Male,Smoke occasionally,60-64 years,Longford,Number,39.0
Population,2022,Male,Smoke occasionally,65-69 years,Longford,Number,27.0
Population,2022,Male,Smoke occasionally,70-74 years,Longford,Number,27.0
Population,2022,Male,Smoke occasionally,75-79 years,Longford,Number,11.0
Population,2022,Male,Smoke occasionally,80-84 years,Longford,Number,11.0
Population,2022,Male,Smoke occasionally,85-89 years,Longford,Number,
Population,2022,Male,Smoke occasionally,95 years and over,Longford,Number,
Population,2022,Male,Smoke occasionally,All Ages,Louth,Number,3329.0
Population,2022,Male,Smoke occasionally,0 - 14 years,Louth,Number,
Population,2022,Male,Smoke occasionally,15-19 years,Louth,Number,145.0
Population,2022,Male,Smoke occasionally,20-24 years,Louth,Number,472.0
Population,2022,Male,Smoke occasionally,25-29 years,Louth,Number,426.0
Population,2022,Male,Smoke occasionally,30-34 years,Louth,Number,392.0
Population,2022,Male,Smoke occasionally,35-39 years,Louth,Number,413.0
Population,2022,Male,Smoke occasionally,40-44 years,Louth,Number,385.0
Population,2022,Male,Smoke occasionally,45-49 years,Louth,Number,307.0
Population,2022,Male,Smoke occasionally,50-54 years,Louth,Number,243.0
Population,2022,Male,Smoke occasionally,55-59 years,Louth,Number,164.0
Population,2022,Male,Smoke occasionally,60-64 years,Louth,Number,138.0
Population,2022,Male,Smoke occasionally,65-69 years,Louth,Number,95.0
Population,2022,Male,Smoke occasionally,70-74 years,Louth,Number,62.0
Population,2022,Male,Smoke occasionally,75-79 years,Louth,Number,39.0
Population,2022,Male,Smoke occasionally,80-84 years,Louth,Number,31.0
Population,2022,Male,Smoke occasionally,85-89 years,Louth,Number,
Population,2022,Male,Smoke occasionally,95 years and over,Louth,Number,0.0
Population,2022,Male,Smoke occasionally,All Ages,Meath,Number,4873.0
Population,2022,Male,Smoke occasionally,0 - 14 years,Meath,Number,
Population,2022,Male,Smoke occasionally,15-19 years,Meath,Number,280.0
Population,2022,Male,Smoke occasionally,20-24 years,Meath,Number,662.0
Population,2022,Male,Smoke occasionally,25-29 years,Meath,Number,602.0
Population,2022,Male,Smoke occasionally,30-34 years,Meath,Number,594.0
Population,2022,Male,Smoke occasionally,35-39 years,Meath,Number,635.0
Population,2022,Male,Smoke occasionally,40-44 years,Meath,Number,617.0
Population,2022,Male,Smoke occasionally,45-49 years,Meath,Number,407.0
Population,2022,Male,Smoke occasionally,50-54 years,Meath,Number,368.0
Population,2022,Male,Smoke occasionally,55-59 years,Meath,Number,240.0
Population,2022,Male,Smoke occasionally,60-64 years,Meath,Number,171.0
Population,2022,Male,Smoke occasionally,65-69 years,Meath,Number,115.0
Population,2022,Male,Smoke occasionally,70-74 years,Meath,Number,95.0
Population,2022,Male,Smoke occasionally,75-79 years,Meath,Number,44.0
Population,2022,Male,Smoke occasionally,80-84 years,Meath,Number,25.0
Population,2022,Male,Smoke occasionally,85-89 years,Meath,Number,9.0
Population,2022,Male,Smoke occasionally,95 years and over,Meath,Number,
Population,2022,Male,Smoke occasionally,All Ages,Offaly,Number,1878.0
Population,2022,Male,Smoke occasionally,0 - 14 years,Offaly,Number,
Population,2022,Male,Smoke occasionally,15-19 years,Offaly,Number,132.0
Population,2022,Male,Smoke occasionally,20-24 years,Offaly,Number,244.0
Population,2022,Male,Smoke occasionally,25-29 years,Offaly,Number,253.0
Population,2022,Male,Smoke occasionally,30-34 years,Offaly,Number,229.0
Population,2022,Male,Smoke occasionally,35-39 years,Offaly,Number,219.0
Population,2022,Male,Smoke occasionally,40-44 years,Offaly,Number,194.0
Population,2022,Male,Smoke occasionally,45-49 years,Offaly,Number,154.0
Population,2022,Male,Smoke occasionally,50-54 years,Offaly,Number,118.0
Population,2022,Male,Smoke occasionally,55-59 years,Offaly,Number,104.0
Population,2022,Male,Smoke occasionally,60-64 years,Offaly,Number,81.0
Population,2022,Male,Smoke occasionally,65-69 years,Offaly,Number,68.0
Population,2022,Male,Smoke occasionally,70-74 years,Offaly,Number,34.0
Population,2022,Male,Smoke occasionally,75-79 years,Offaly,Number,27.0
Population,2022,Male,Smoke occasionally,80-84 years,Offaly,Number,8.0
Population,2022,Male,Smoke occasionally,85-89 years,Offaly,Number,
Population,2022,Male,Smoke occasionally,95 years and over,Offaly,Number,0.0
Population,2022,Male,Smoke occasionally,All Ages,Westmeath,Number,2207.0
Population,2022,Male,Smoke occasionally,0 - 14 years,Westmeath,Number,
Population,2022,Male,Smoke occasionally,15-19 years,Westmeath,Number,135.0
Population,2022,Male,Smoke occasionally,20-24 years,Westmeath,Number,328.0
Population,2022,Male,Smoke occasionally,25-29 years,Westmeath,Number,307.0
Population,2022,Male,Smoke occasionally,30-34 years,Westmeath,Number,275.0
Population,2022,Male,Smoke occasionally,35-39 years,Westmeath,Number,276.0
Population,2022,Male,Smoke occasionally,40-44 years,Westmeath,Number,227.0
Population,2022,Male,Smoke occasionally,45-49 years,Westmeath,Number,182.0
Population,2022,Male,Smoke occasionally,50-54 years,Westmeath,Number,140.0
Population,2022,Male,Smoke occasionally,55-59 years,Westmeath,Number,89.0
Population,2022,Male,Smoke occasionally,60-64 years,Westmeath,Number,89.0
Population,2022,Male,Smoke occasionally,65-69 years,Westmeath,Number,64.0
Population,2022,Male,Smoke occasionally,70-74 years,Westmeath,Number,49.0
Population,2022,Male,Smoke occasionally,75-79 years,Westmeath,Number,19.0
Population,2022,Male,Smoke occasionally,80-84 years,Westmeath,Number,11.0
Population,2022,Male,Smoke occasionally,85-89 years,Westmeath,Number,
Population,2022,Male,Smoke occasionally,95 years and over,Westmeath,Number,0.0
Population,2022,Male,Smoke occasionally,All Ages,Wexford,Number,3535.0
Population,2022,Male,Smoke occasionally,0 - 14 years,Wexford,Number,8.0
Population,2022,Male,Smoke occasionally,15-19 years,Wexford,Number,251.0
Population,2022,Male,Smoke occasionally,20-24 years,Wexford,Number,505.0
Population,2022,Male,Smoke occasionally,25-29 years,Wexford,Number,430.0
Population,2022,Male,Smoke occasionally,30-34 years,Wexford,Number,396.0
Population,2022,Male,Smoke occasionally,35-39 years,Wexford,Number,370.0
Population,2022,Male,Smoke occasionally,40-44 years,Wexford,Number,386.0
Population,2022,Male,Smoke occasionally,45-49 years,Wexford,Number,311.0
Population,2022,Male,Smoke occasionally,50-54 years,Wexford,Number,245.0
Population,2022,Male,Smoke occasionally,55-59 years,Wexford,Number,187.0
Population,2022,Male,Smoke occasionally,60-64 years,Wexford,Number,166.0
Population,2022,Male,Smoke occasionally,65-69 years,Wexford,Number,103.0
Population,2022,Male,Smoke occasionally,70-74 years,Wexford,Number,92.0
Population,2022,Male,Smoke occasionally,75-79 years,Wexford,Number,54.0
Population,2022,Male,Smoke occasionally,80-84 years,Wexford,Number,19.0
Population,2022,Male,Smoke occasionally,85-89 years,Wexford,Number,12.0
Population,2022,Male,Smoke occasionally,95 years and over,Wexford,Number,0.0
Population,2022,Male,Smoke occasionally,All Ages,Wicklow,Number,3612.0
Population,2022,Male,Smoke occasionally,0 - 14 years,Wicklow,Number,6.0
Population,2022,Male,Smoke occasionally,15-19 years,Wicklow,Number,280.0
Population,2022,Male,Smoke occasionally,20-24 years,Wicklow,Number,529.0
Population,2022,Male,Smoke occasionally,25-29 years,Wicklow,Number,381.0
Population,2022,Male,Smoke occasionally,30-34 years,Wicklow,Number,400.0
Population,2022,Male,Smoke occasionally,35-39 years,Wicklow,Number,423.0
Population,2022,Male,Smoke occasionally,40-44 years,Wicklow,Number,405.0
Population,2022,Male,Smoke occasionally,45-49 years,Wicklow,Number,310.0
Population,2022,Male,Smoke occasionally,50-54 years,Wicklow,Number,273.0
Population,2022,Male,Smoke occasionally,55-59 years,Wicklow,Number,200.0
Population,2022,Male,Smoke occasionally,60-64 years,Wicklow,Number,144.0
Population,2022,Male,Smoke occasionally,65-69 years,Wicklow,Number,98.0
Population,2022,Male,Smoke occasionally,70-74 years,Wicklow,Number,87.0
Population,2022,Male,Smoke occasionally,75-79 years,Wicklow,Number,49.0
Population,2022,Male,Smoke occasionally,80-84 years,Wicklow,Number,18.0
Population,2022,Male,Smoke occasionally,85-89 years,Wicklow,Number,9.0
Population,2022,Male,Smoke occasionally,95 years and over,Wicklow,Number,0.0
Population,2022,Male,Smoke occasionally,All Ages,Clare,Number,2964.0
Population,2022,Male,Smoke occasionally,0 - 14 years,Clare,Number,
Population,2022,Male,Smoke occasionally,15-19 years,Clare,Number,172.0
Population,2022,Male,Smoke occasionally,20-24 years,Clare,Number,395.0
Population,2022,Male,Smoke occasionally,25-29 years,Clare,Number,348.0
Population,2022,Male,Smoke occasionally,30-34 years,Clare,Number,338.0
Population,2022,Male,Smoke occasionally,35-39 years,Clare,Number,354.0
Population,2022,Male,Smoke occasionally,40-44 years,Clare,Number,351.0
Population,2022,Male,Smoke occasionally,45-49 years,Clare,Number,263.0
Population,2022,Male,Smoke occasionally,50-54 years,Clare,Number,224.0
Population,2022,Male,Smoke occasionally,55-59 years,Clare,Number,162.0
Population,2022,Male,Smoke occasionally,60-64 years,Clare,Number,127.0
Population,2022,Male,Smoke occasionally,65-69 years,Clare,Number,98.0
Population,2022,Male,Smoke occasionally,70-74 years,Clare,Number,62.0
Population,2022,Male,Smoke occasionally,75-79 years,Clare,Number,34.0
Population,2022,Male,Smoke occasionally,80-84 years,Clare,Number,16.0
Population,2022,Male,Smoke occasionally,85-89 years,Clare,Number,
Population,2022,Male,Smoke occasionally,95 years and over,Clare,Number,0.0
Population,2022,Male,Smoke occasionally,All Ages,Cork City,Number,6464.0
Population,2022,Male,Smoke occasionally,0 - 14 years,Cork City,Number,
Population,2022,Male,Smoke occasionally,15-19 years,Cork City,Number,326.0
Population,2022,Male,Smoke occasionally,20-24 years,Cork City,Number,1185.0
Population,2022,Male,Smoke occasionally,25-29 years,Cork City,Number,1200.0
Population,2022,Male,Smoke occasionally,30-34 years,Cork City,Number,929.0
Population,2022,Male,Smoke occasionally,35-39 years,Cork City,Number,732.0
Population,2022,Male,Smoke occasionally,40-44 years,Cork City,Number,577.0
Population,2022,Male,Smoke occasionally,45-49 years,Cork City,Number,423.0
Population,2022,Male,Smoke occasionally,50-54 years,Cork City,Number,315.0
Population,2022,Male,Smoke occasionally,55-59 years,Cork City,Number,255.0
Population,2022,Male,Smoke occasionally,60-64 years,Cork City,Number,181.0
Population,2022,Male,Smoke occasionally,65-69 years,Cork City,Number,151.0
Population,2022,Male,Smoke occasionally,70-74 years,Cork City,Number,85.0
Population,2022,Male,Smoke occasionally,75-79 years,Cork City,Number,51.0
Population,2022,Male,Smoke occasionally,80-84 years,Cork City,Number,33.0
Population,2022,Male,Smoke occasionally,85-89 years,Cork City,Number,
Population,2022,Male,Smoke occasionally,95 years and over,Cork City,Number,0.0
Population,2022,Male,Smoke occasionally,All Ages,Cork County,Number,7623.0
Population,2022,Male,Smoke occasionally,0 - 14 years,Cork County,Number,
Population,2022,Male,Smoke occasionally,15-19 years,Cork County,Number,474.0
Population,2022,Male,Smoke occasionally,20-24 years,Cork County,Number,1073.0
Population,2022,Male,Smoke occasionally,25-29 years,Cork County,Number,938.0
Population,2022,Male,Smoke occasionally,30-34 years,Cork County,Number,824.0
Population,2022,Male,Smoke occasionally,35-39 years,Cork County,Number,917.0
Population,2022,Male,Smoke occasionally,40-44 years,Cork County,Number,868.0
Population,2022,Male,Smoke occasionally,45-49 years,Cork County,Number,729.0
Population,2022,Male,Smoke occasionally,50-54 years,Cork County,Number,516.0
Population,2022,Male,Smoke occasionally,55-59 years,Cork County,Number,392.0
Population,2022,Male,Smoke occasionally,60-64 years,Cork County,Number,328.0
Population,2022,Male,Smoke occasionally,65-69 years,Cork County,Number,237.0
Population,2022,Male,Smoke occasionally,70-74 years,Cork County,Number,161.0
Population,2022,Male,Smoke occasionally,75-79 years,Cork County,Number,99.0
Population,2022,Male,Smoke occasionally,80-84 years,Cork County,Number,37.0
Population,2022,Male,Smoke occasionally,85-89 years,Cork County,Number,
Population,2022,Male,Smoke occasionally,95 years and over,Cork County,Number,0.0
Population,2022,Male,Smoke occasionally,All Ages,Kerry,Number,3635.0
Population,2022,Male,Smoke occasionally,0 - 14 years,Kerry,Number,
Population,2022,Male,Smoke occasionally,15-19 years,Kerry,Number,200.0
Population,2022,Male,Smoke occasionally,20-24 years,Kerry,Number,497.0
Population,2022,Male,Smoke occasionally,25-29 years,Kerry,Number,466.0
Population,2022,Male,Smoke occasionally,30-34 years,Kerry,Number,437.0
Population,2022,Male,Smoke occasionally,35-39 years,Kerry,Number,417.0
Population,2022,Male,Smoke occasionally,40-44 years,Kerry,Number,405.0
Population,2022,Male,Smoke occasionally,45-49 years,Kerry,Number,298.0
Population,2022,Male,Smoke occasionally,50-54 years,Kerry,Number,249.0
Population,2022,Male,Smoke occasionally,55-59 years,Kerry,Number,213.0
Population,2022,Male,Smoke occasionally,60-64 years,Kerry,Number,164.0
Population,2022,Male,Smoke occasionally,65-69 years,Kerry,Number,117.0
Population,2022,Male,Smoke occasionally,70-74 years,Kerry,Number,88.0
Population,2022,Male,Smoke occasionally,75-79 years,Kerry,Number,51.0
Population,2022,Male,Smoke occasionally,80-84 years,Kerry,Number,21.0
Population,2022,Male,Smoke occasionally,85-89 years,Kerry,Number,
Population,2022,Male,Smoke occasionally,95 years and over,Kerry,Number,0.0
Population,2022,Male,Smoke occasionally,All Ages,Limerick City and County,Number,5016.0
Population,2022,Male,Smoke occasionally,0 - 14 years,Limerick City and County,Number,
Population,2022,Male,Smoke occasionally,15-19 years,Limerick City and County,Number,240.0
Population,2022,Male,Smoke occasionally,20-24 years,Limerick City and County,Number,850.0
Population,2022,Male,Smoke occasionally,25-29 years,Limerick City and County,Number,717.0
Population,2022,Male,Smoke occasionally,30-34 years,Limerick City and County,Number,621.0
Population,2022,Male,Smoke occasionally,35-39 years,Limerick City and County,Number,556.0
Population,2022,Male,Smoke occasionally,40-44 years,Limerick City and County,Number,506.0
Population,2022,Male,Smoke occasionally,45-49 years,Limerick City and County,Number,391.0
Population,2022,Male,Smoke occasionally,50-54 years,Limerick City and County,Number,295.0
Population,2022,Male,Smoke occasionally,55-59 years,Limerick City and County,Number,236.0
Population,2022,Male,Smoke occasionally,60-64 years,Limerick City and County,Number,209.0
Population,2022,Male,Smoke occasionally,65-69 years,Limerick City and County,Number,144.0
Population,2022,Male,Smoke occasionally,70-74 years,Limerick City and County,Number,125.0
Population,2022,Male,Smoke occasionally,75-79 years,Limerick City and County,Number,73.0
Population,2022,Male,Smoke occasionally,80-84 years,Limerick City and County,Number,37.0
Population,2022,Male,Smoke occasionally,85-89 years,Limerick City and County,Number,
Population,2022,Male,Smoke occasionally,95 years and over,Limerick City and County,Number,0.0
Population,2022,Male,Smoke occasionally,All Ages,Tipperary,Number,3716.0
Population,2022,Male,Smoke occasionally,0 - 14 years,Tipperary,Number,
Population,2022,Male,Smoke occasionally,15-19 years,Tipperary,Number,234.0
Population,2022,Male,Smoke occasionally,20-24 years,Tipperary,Number,474.0
Population,2022,Male,Smoke occasionally,25-29 years,Tipperary,Number,473.0
Population,2022,Male,Smoke occasionally,30-34 years,Tipperary,Number,418.0
Population,2022,Male,Smoke occasionally,35-39 years,Tipperary,Number,434.0
Population,2022,Male,Smoke occasionally,40-44 years,Tipperary,Number,401.0
Population,2022,Male,Smoke occasionally,45-49 years,Tipperary,Number,324.0
Population,2022,Male,Smoke occasionally,50-54 years,Tipperary,Number,271.0
Population,2022,Male,Smoke occasionally,55-59 years,Tipperary,Number,209.0
Population,2022,Male,Smoke occasionally,60-64 years,Tipperary,Number,162.0
Population,2022,Male,Smoke occasionally,65-69 years,Tipperary,Number,121.0
Population,2022,Male,Smoke occasionally,70-74 years,Tipperary,Number,93.0
Population,2022,Male,Smoke occasionally,75-79 years,Tipperary,Number,56.0
Population,2022,Male,Smoke occasionally,80-84 years,Tipperary,Number,32.0
Population,2022,Male,Smoke occasionally,85-89 years,Tipperary,Number,
Population,2022,Male,Smoke occasionally,95 years and over,Tipperary,Number,0.0
Population,2022,Male,Smoke occasionally,All Ages,Waterford City and County,Number,3040.0
Population,2022,Male,Smoke occasionally,0 - 14 years,Waterford City and County,Number,
Population,2022,Male,Smoke occasionally,15-19 years,Waterford City and County,Number,189.0
Population,2022,Male,Smoke occasionally,20-24 years,Waterford City and County,Number,475.0
Population,2022,Male,Smoke occasionally,25-29 years,Waterford City and County,Number,354.0
Population,2022,Male,Smoke occasionally,30-34 years,Waterford City and County,Number,330.0
Population,2022,Male,Smoke occasionally,35-39 years,Waterford City and County,Number,377.0
Population,2022,Male,Smoke occasionally,40-44 years,Waterford City and County,Number,333.0
Population,2022,Male,Smoke occasionally,45-49 years,Waterford City and County,Number,272.0
Population,2022,Male,Smoke occasionally,50-54 years,Waterford City and County,Number,187.0
Population,2022,Male,Smoke occasionally,55-59 years,Waterford City and County,Number,179.0
Population,2022,Male,Smoke occasionally,60-64 years,Waterford City and County,Number,123.0
Population,2022,Male,Smoke occasionally,65-69 years,Waterford City and County,Number,93.0
Population,2022,Male,Smoke occasionally,70-74 years,Waterford City and County,Number,56.0
Population,2022,Male,Smoke occasionally,75-79 years,Waterford City and County,Number,36.0
Population,2022,Male,Smoke occasionally,80-84 years,Waterford City and County,Number,21.0
Population,2022,Male,Smoke occasionally,85-89 years,Waterford City and County,Number,
Population,2022,Male,Smoke occasionally,95 years and over,Waterford City and County,Number,0.0
Population,2022,Male,Smoke occasionally,All Ages,Galway City,Number,2913.0
Population,2022,Male,Smoke occasionally,0 - 14 years,Galway City,Number,
Population,2022,Male,Smoke occasionally,15-19 years,Galway City,Number,158.0
Population,2022,Male,Smoke occasionally,20-24 years,Galway City,Number,771.0
Population,2022,Male,Smoke occasionally,25-29 years,Galway City,Number,585.0
Population,2022,Male,Smoke occasionally,30-34 years,Galway City,Number,348.0
Population,2022,Male,Smoke occasionally,35-39 years,Galway City,Number,291.0
Population,2022,Male,Smoke occasionally,40-44 years,Galway City,Number,223.0
Population,2022,Male,Smoke occasionally,45-49 years,Galway City,Number,182.0
Population,2022,Male,Smoke occasionally,50-54 years,Galway City,Number,124.0
Population,2022,Male,Smoke occasionally,55-59 years,Galway City,Number,74.0
Population,2022,Male,Smoke occasionally,60-64 years,Galway City,Number,56.0
Population,2022,Male,Smoke occasionally,65-69 years,Galway City,Number,51.0
Population,2022,Male,Smoke occasionally,70-74 years,Galway City,Number,27.0
Population,2022,Male,Smoke occasionally,75-79 years,Galway City,Number,11.0
Population,2022,Male,Smoke occasionally,80-84 years,Galway City,Number,
Population,2022,Male,Smoke occasionally,85-89 years,Galway City,Number,
Population,2022,Male,Smoke occasionally,95 years and over,Galway City,Number,0.0
Population,2022,Male,Smoke occasionally,All Ages,Galway County,Number,4200.0
Population,2022,Male,Smoke occasionally,0 - 14 years,Galway County,Number,
Population,2022,Male,Smoke occasionally,15-19 years,Galway County,Number,278.0
Population,2022,Male,Smoke occasionally,20-24 years,Galway County,Number,579.0
Population,2022,Male,Smoke occasionally,25-29 years,Galway County,Number,508.0
Population,2022,Male,Smoke occasionally,30-34 years,Galway County,Number,477.0
Population,2022,Male,Smoke occasionally,35-39 years,Galway County,Number,455.0
Population,2022,Male,Smoke occasionally,40-44 years,Galway County,Number,464.0
Population,2022,Male,Smoke occasionally,45-49 years,Galway County,Number,391.0
Population,2022,Male,Smoke occasionally,50-54 years,Galway County,Number,306.0
Population,2022,Male,Smoke occasionally,55-59 years,Galway County,Number,234.0
Population,2022,Male,Smoke occasionally,60-64 years,Galway County,Number,181.0
Population,2022,Male,Smoke occasionally,65-69 years,Galway County,Number,127.0
Population,2022,Male,Smoke occasionally,70-74 years,Galway County,Number,99.0
Population,2022,Male,Smoke occasionally,75-79 years,Galway County,Number,54.0
Population,2022,Male,Smoke occasionally,80-84 years,Galway County,Number,32.0
Population,2022,Male,Smoke occasionally,85-89 years,Galway County,Number,
Population,2022,Male,Smoke occasionally,95 years and over,Galway County,Number,0.0
Population,2022,Male,Smoke occasionally,All Ages,Leitrim,Number,832.0
Population,2022,Male,Smoke occasionally,0 - 14 years,Leitrim,Number,0.0
Population,2022,Male,Smoke occasionally,15-19 years,Leitrim,Number,45.0
Population,2022,Male,Smoke occasionally,20-24 years,Leitrim,Number,105.0
Population,2022,Male,Smoke occasionally,25-29 years,Leitrim,Number,84.0
Population,2022,Male,Smoke occasionally,30-34 years,Leitrim,Number,94.0
Population,2022,Male,Smoke occasionally,35-39 years,Leitrim,Number,109.0
Population,2022,Male,Smoke occasionally,40-44 years,Leitrim,Number,78.0
Population,2022,Male,Smoke occasionally,45-49 years,Leitrim,Number,65.0
Population,2022,Male,Smoke occasionally,50-54 years,Leitrim,Number,67.0
Population,2022,Male,Smoke occasionally,55-59 years,Leitrim,Number,55.0
Population,2022,Male,Smoke occasionally,60-64 years,Leitrim,Number,45.0
Population,2022,Male,Smoke occasionally,65-69 years,Leitrim,Number,39.0
Population,2022,Male,Smoke occasionally,70-74 years,Leitrim,Number,20.0
Population,2022,Male,Smoke occasionally,75-79 years,Leitrim,Number,12.0
Population,2022,Male,Smoke occasionally,80-84 years,Leitrim,Number,
Population,2022,Male,Smoke occasionally,85-89 years,Leitrim,Number,
Population,2022,Male,Smoke occasionally,95 years and over,Leitrim,Number,0.0
Population,2022,Male,Smoke occasionally,All Ages,Mayo,Number,3125.0
Population,2022,Male,Smoke occasionally,0 - 14 years,Mayo,Number,
Population,2022,Male,Smoke occasionally,15-19 years,Mayo,Number,184.0
Population,2022,Male,Smoke occasionally,20-24 years,Mayo,Number,375.0
Population,2022,Male,Smoke occasionally,25-29 years,Mayo,Number,353.0
Population,2022,Male,Smoke occasionally,30-34 years,Mayo,Number,391.0
Population,2022,Male,Smoke occasionally,35-39 years,Mayo,Number,347.0
Population,2022,Male,Smoke occasionally,40-44 years,Mayo,Number,314.0
Population,2022,Male,Smoke occasionally,45-49 years,Mayo,Number,285.0
Population,2022,Male,Smoke occasionally,50-54 years,Mayo,Number,228.0
Population,2022,Male,Smoke occasionally,55-59 years,Mayo,Number,197.0
Population,2022,Male,Smoke occasionally,60-64 years,Mayo,Number,166.0
Population,2022,Male,Smoke occasionally,65-69 years,Mayo,Number,120.0
Population,2022,Male,Smoke occasionally,70-74 years,Mayo,Number,78.0
Population,2022,Male,Smoke occasionally,75-79 years,Mayo,Number,50.0
Population,2022,Male,Smoke occasionally,80-84 years,Mayo,Number,25.0
Population,2022,Male,Smoke occasionally,85-89 years,Mayo,Number,8.0
Population,2022,Male,Smoke occasionally,95 years and over,Mayo,Number,
Population,2022,Male,Smoke occasionally,All Ages,Roscommon,Number,1578.0
Population,2022,Male,Smoke occasionally,0 - 14 years,Roscommon,Number,
Population,2022,Male,Smoke occasionally,15-19 years,Roscommon,Number,89.0
Population,2022,Male,Smoke occasionally,20-24 years,Roscommon,Number,198.0
Population,2022,Male,Smoke occasionally,25-29 years,Roscommon,Number,175.0
Population,2022,Male,Smoke occasionally,30-34 years,Roscommon,Number,190.0
Population,2022,Male,Smoke occasionally,35-39 years,Roscommon,Number,171.0
Population,2022,Male,Smoke occasionally,40-44 years,Roscommon,Number,152.0
Population,2022,Male,Smoke occasionally,45-49 years,Roscommon,Number,138.0
Population,2022,Male,Smoke occasionally,50-54 years,Roscommon,Number,132.0
Population,2022,Male,Smoke occasionally,55-59 years,Roscommon,Number,98.0
Population,2022,Male,Smoke occasionally,60-64 years,Roscommon,Number,94.0
Population,2022,Male,Smoke occasionally,65-69 years,Roscommon,Number,56.0
Population,2022,Male,Smoke occasionally,70-74 years,Roscommon,Number,43.0
Population,2022,Male,Smoke occasionally,75-79 years,Roscommon,Number,23.0
Population,2022,Male,Smoke occasionally,80-84 years,Roscommon,Number,11.0
Population,2022,Male,Smoke occasionally,85-89 years,Roscommon,Number,
Population,2022,Male,Smoke occasionally,95 years and over,Roscommon,Number,
Population,2022,Male,Smoke occasionally,All Ages,Sligo,Number,1700.0
Population,2022,Male,Smoke occasionally,0 - 14 years,Sligo,Number,
Population,2022,Male,Smoke occasionally,15-19 years,Sligo,Number,124.0
Population,2022,Male,Smoke occasionally,20-24 years,Sligo,Number,260.0
Population,2022,Male,Smoke occasionally,25-29 years,Sligo,Number,239.0
Population,2022,Male,Smoke occasionally,30-34 years,Sligo,Number,185.0
Population,2022,Male,Smoke occasionally,35-39 years,Sligo,Number,186.0
Population,2022,Male,Smoke occasionally,40-44 years,Sligo,Number,155.0
Population,2022,Male,Smoke occasionally,45-49 years,Sligo,Number,126.0
Population,2022,Male,Smoke occasionally,50-54 years,Sligo,Number,93.0
Population,2022,Male,Smoke occasionally,55-59 years,Sligo,Number,88.0
Population,2022,Male,Smoke occasionally,60-64 years,Sligo,Number,76.0
Population,2022,Male,Smoke occasionally,65-69 years,Sligo,Number,58.0
Population,2022,Male,Smoke occasionally,70-74 years,Sligo,Number,50.0
Population,2022,Male,Smoke occasionally,75-79 years,Sligo,Number,32.0
Population,2022,Male,Smoke occasionally,80-84 years,Sligo,Number,18.0
Population,2022,Male,Smoke occasionally,85-89 years,Sligo,Number,
Population,2022,Male,Smoke occasionally,95 years and over,Sligo,Number,0.0
Population,2022,Male,Smoke occasionally,All Ages,Cavan,Number,1862.0
Population,2022,Male,Smoke occasionally,0 - 14 years,Cavan,Number,
Population,2022,Male,Smoke occasionally,15-19 years,Cavan,Number,125.0
Population,2022,Male,Smoke occasionally,20-24 years,Cavan,Number,269.0
Population,2022,Male,Smoke occasionally,25-29 years,Cavan,Number,255.0
Population,2022,Male,Smoke occasionally,30-34 years,Cavan,Number,216.0
Population,2022,Male,Smoke occasionally,35-39 years,Cavan,Number,208.0
Population,2022,Male,Smoke occasionally,40-44 years,Cavan,Number,216.0
Population,2022,Male,Smoke occasionally,45-49 years,Cavan,Number,154.0
Population,2022,Male,Smoke occasionally,50-54 years,Cavan,Number,110.0
Population,2022,Male,Smoke occasionally,55-59 years,Cavan,Number,98.0
Population,2022,Male,Smoke occasionally,60-64 years,Cavan,Number,76.0
Population,2022,Male,Smoke occasionally,65-69 years,Cavan,Number,53.0
Population,2022,Male,Smoke occasionally,70-74 years,Cavan,Number,39.0
Population,2022,Male,Smoke occasionally,75-79 years,Cavan,Number,27.0
Population,2022,Male,Smoke occasionally,80-84 years,Cavan,Number,7.0
Population,2022,Male,Smoke occasionally,85-89 years,Cavan,Number,
Population,2022,Male,Smoke occasionally,95 years and over,Cavan,Number,0.0
Population,2022,Male,Smoke occasionally,All Ages,Donegal,Number,3434.0
Population,2022,Male,Smoke occasionally,0 - 14 years,Donegal,Number,
Population,2022,Male,Smoke occasionally,15-19 years,Donegal,Number,201.0
Population,2022,Male,Smoke occasionally,20-24 years,Donegal,Number,468.0
Population,2022,Male,Smoke occasionally,25-29 years,Donegal,Number,389.0
Population,2022,Male,Smoke occasionally,30-34 years,Donegal,Number,373.0
Population,2022,Male,Smoke occasionally,35-39 years,Donegal,Number,357.0
Population,2022,Male,Smoke occasionally,40-44 years,Donegal,Number,363.0
Population,2022,Male,Smoke occasionally,45-49 years,Donegal,Number,294.0
Population,2022,Male,Smoke occasionally,50-54 years,Donegal,Number,259.0
Population,2022,Male,Smoke occasionally,55-59 years,Donegal,Number,205.0
Population,2022,Male,Smoke occasionally,60-64 years,Donegal,Number,163.0
Population,2022,Male,Smoke occasionally,65-69 years,Donegal,Number,149.0
Population,2022,Male,Smoke occasionally,70-74 years,Donegal,Number,93.0
Population,2022,Male,Smoke occasionally,75-79 years,Donegal,Number,66.0
Population,2022,Male,Smoke occasionally,80-84 years,Donegal,Number,27.0
Population,2022,Male,Smoke occasionally,85-89 years,Donegal,Number,20.0
Population,2022,Male,Smoke occasionally,95 years and over,Donegal,Number,
Population,2022,Male,Smoke occasionally,All Ages,Monaghan,Number,1479.0
Population,2022,Male,Smoke occasionally,0 - 14 years,Monaghan,Number,6.0
Population,2022,Male,Smoke occasionally,15-19 years,Monaghan,Number,78.0
Population,2022,Male,Smoke occasionally,20-24 years,Monaghan,Number,205.0
Population,2022,Male,Smoke occasionally,25-29 years,Monaghan,Number,180.0
Population,2022,Male,Smoke occasionally,30-34 years,Monaghan,Number,196.0
Population,2022,Male,Smoke occasionally,35-39 years,Monaghan,Number,161.0
Population,2022,Male,Smoke occasionally,40-44 years,Monaghan,Number,158.0
Population,2022,Male,Smoke occasionally,45-49 years,Monaghan,Number,120.0
Population,2022,Male,Smoke occasionally,50-54 years,Monaghan,Number,92.0
Population,2022,Male,Smoke occasionally,55-59 years,Monaghan,Number,76.0
Population,2022,Male,Smoke occasionally,60-64 years,Monaghan,Number,70.0
Population,2022,Male,Smoke occasionally,65-69 years,Monaghan,Number,63.0
Population,2022,Male,Smoke occasionally,70-74 years,Monaghan,Number,38.0
Population,2022,Male,Smoke occasionally,75-79 years,Monaghan,Number,18.0
Population,2022,Male,Smoke occasionally,80-84 years,Monaghan,Number,11.0
Population,2022,Male,Smoke occasionally,85-89 years,Monaghan,Number,
Population,2022,Male,Smoke occasionally,95 years and over,Monaghan,Number,
Population,2022,Male,Dont smoke - gave up,All Ages,State,Number,509234.0
Population,2022,Male,Dont smoke - gave up,0 - 14 years,State,Number,3853.0
Population,2022,Male,Dont smoke - gave up,15-19 years,State,Number,5117.0
Population,2022,Male,Dont smoke - gave up,20-24 years,State,Number,11254.0
Population,2022,Male,Dont smoke - gave up,25-29 years,State,Number,17416.0
Population,2022,Male,Dont smoke - gave up,30-34 years,State,Number,26106.0
Population,2022,Male,Dont smoke - gave up,35-39 years,State,Number,38775.0
Population,2022,Male,Dont smoke - gave up,40-44 years,State,Number,50108.0
Population,2022,Male,Dont smoke - gave up,45-49 years,State,Number,51682.0
Population,2022,Male,Dont smoke - gave up,50-54 years,State,Number,51994.0
Population,2022,Male,Dont smoke - gave up,55-59 years,State,Number,48775.0
Population,2022,Male,Dont smoke - gave up,60-64 years,State,Number,47623.0
Population,2022,Male,Dont smoke - gave up,65-69 years,State,Number,46900.0
Population,2022,Male,Dont smoke - gave up,70-74 years,State,Number,42554.0
Population,2022,Male,Dont smoke - gave up,75-79 years,State,Number,34021.0
Population,2022,Male,Dont smoke - gave up,80-84 years,State,Number,19720.0
Population,2022,Male,Dont smoke - gave up,85-89 years,State,Number,12821.0
Population,2022,Male,Dont smoke - gave up,95 years and over,State,Number,515.0
Population,2022,Male,Dont smoke - gave up,All Ages,Carlow,Number,6297.0
Population,2022,Male,Dont smoke - gave up,0 - 14 years,Carlow,Number,
Population,2022,Male,Dont smoke - gave up,15-19 years,Carlow,Number,78.0
Population,2022,Male,Dont smoke - gave up,20-24 years,Carlow,Number,178.0
Population,2022,Male,Dont smoke - gave up,25-29 years,Carlow,Number,208.0
Population,2022,Male,Dont smoke - gave up,30-34 years,Carlow,Number,320.0
Population,2022,Male,Dont smoke - gave up,35-39 years,Carlow,Number,447.0
Population,2022,Male,Dont smoke - gave up,40-44 years,Carlow,Number,616.0
Population,2022,Male,Dont smoke - gave up,45-49 years,Carlow,Number,664.0
Population,2022,Male,Dont smoke - gave up,50-54 years,Carlow,Number,658.0
Population,2022,Male,Dont smoke - gave up,55-59 years,Carlow,Number,640.0
Population,2022,Male,Dont smoke - gave up,60-64 years,Carlow,Number,585.0
Population,2022,Male,Dont smoke - gave up,65-69 years,Carlow,Number,583.0
Population,2022,Male,Dont smoke - gave up,70-74 years,Carlow,Number,492.0
Population,2022,Male,Dont smoke - gave up,75-79 years,Carlow,Number,418.0
Population,2022,Male,Dont smoke - gave up,80-84 years,Carlow,Number,232.0
Population,2022,Male,Dont smoke - gave up,85-89 years,Carlow,Number,140.0
Population,2022,Male,Dont smoke - gave up,95 years and over,Carlow,Number,
Population,2022,Male,Dont smoke - gave up,All Ages,Dublin City,Number,51361.0
Population,2022,Male,Dont smoke - gave up,0 - 14 years,Dublin City,Number,320.0
Population,2022,Male,Dont smoke - gave up,15-19 years,Dublin City,Number,466.0
Population,2022,Male,Dont smoke - gave up,20-24 years,Dublin City,Number,1495.0
Population,2022,Male,Dont smoke - gave up,25-29 years,Dublin City,Number,3179.0
Population,2022,Male,Dont smoke - gave up,30-34 years,Dublin City,Number,4237.0
Population,2022,Male,Dont smoke - gave up,35-39 years,Dublin City,Number,4685.0
Population,2022,Male,Dont smoke - gave up,40-44 years,Dublin City,Number,4920.0
Population,2022,Male,Dont smoke - gave up,45-49 years,Dublin City,Number,4543.0
Population,2022,Male,Dont smoke - gave up,50-54 years,Dublin City,Number,4441.0
Population,2022,Male,Dont smoke - gave up,55-59 years,Dublin City,Number,4399.0
Population,2022,Male,Dont smoke - gave up,60-64 years,Dublin City,Number,4298.0
Population,2022,Male,Dont smoke - gave up,65-69 years,Dublin City,Number,4072.0
Population,2022,Male,Dont smoke - gave up,70-74 years,Dublin City,Number,3683.0
Population,2022,Male,Dont smoke - gave up,75-79 years,Dublin City,Number,3031.0
Population,2022,Male,Dont smoke - gave up,80-84 years,Dublin City,Number,2018.0
Population,2022,Male,Dont smoke - gave up,85-89 years,Dublin City,Number,1492.0
Population,2022,Male,Dont smoke - gave up,95 years and over,Dublin City,Number,82.0
Population,2022,Male,Dont smoke - gave up,All Ages,Dun Laoghaire-Rathdown,Number,23219.0
Population,2022,Male,Dont smoke - gave up,0 - 14 years,Dun Laoghaire-Rathdown,Number,137.0
Population,2022,Male,Dont smoke - gave up,15-19 years,Dun Laoghaire-Rathdown,Number,176.0
Population,2022,Male,Dont smoke - gave up,20-24 years,Dun Laoghaire-Rathdown,Number,498.0
Population,2022,Male,Dont smoke - gave up,25-29 years,Dun Laoghaire-Rathdown,Number,832.0
Population,2022,Male,Dont smoke - gave up,30-34 years,Dun Laoghaire-Rathdown,Number,1211.0
Population,2022,Male,Dont smoke - gave up,35-39 years,Dun Laoghaire-Rathdown,Number,1703.0
Population,2022,Male,Dont smoke - gave up,40-44 years,Dun Laoghaire-Rathdown,Number,2273.0
Population,2022,Male,Dont smoke - gave up,45-49 years,Dun Laoghaire-Rathdown,Number,2263.0
Population,2022,Male,Dont smoke - gave up,50-54 years,Dun Laoghaire-Rathdown,Number,2262.0
Population,2022,Male,Dont smoke - gave up,55-59 years,Dun Laoghaire-Rathdown,Number,2121.0
Population,2022,Male,Dont smoke - gave up,60-64 years,Dun Laoghaire-Rathdown,Number,2089.0
Population,2022,Male,Dont smoke - gave up,65-69 years,Dun Laoghaire-Rathdown,Number,1985.0
Population,2022,Male,Dont smoke - gave up,70-74 years,Dun Laoghaire-Rathdown,Number,1761.0
Population,2022,Male,Dont smoke - gave up,75-79 years,Dun Laoghaire-Rathdown,Number,1776.0
Population,2022,Male,Dont smoke - gave up,80-84 years,Dun Laoghaire-Rathdown,Number,1200.0
Population,2022,Male,Dont smoke - gave up,85-89 years,Dun Laoghaire-Rathdown,Number,881.0
Population,2022,Male,Dont smoke - gave up,95 years and over,Dun Laoghaire-Rathdown,Number,51.0
Population,2022,Male,Dont smoke - gave up,All Ages,Fingal,Number,29094.0
Population,2022,Male,Dont smoke - gave up,0 - 14 years,Fingal,Number,235.0
Population,2022,Male,Dont smoke - gave up,15-19 years,Fingal,Number,280.0
Population,2022,Male,Dont smoke - gave up,20-24 years,Fingal,Number,644.0
Population,2022,Male,Dont smoke - gave up,25-29 years,Fingal,Number,1062.0
Population,2022,Male,Dont smoke - gave up,30-34 years,Fingal,Number,1658.0
Population,2022,Male,Dont smoke - gave up,35-39 years,Fingal,Number,2787.0
Population,2022,Male,Dont smoke - gave up,40-44 years,Fingal,Number,3564.0
Population,2022,Male,Dont smoke - gave up,45-49 years,Fingal,Number,3572.0
Population,2022,Male,Dont smoke - gave up,50-54 years,Fingal,Number,3156.0
Population,2022,Male,Dont smoke - gave up,55-59 years,Fingal,Number,2578.0
Population,2022,Male,Dont smoke - gave up,60-64 years,Fingal,Number,2381.0
Population,2022,Male,Dont smoke - gave up,65-69 years,Fingal,Number,2226.0
Population,2022,Male,Dont smoke - gave up,70-74 years,Fingal,Number,1993.0
Population,2022,Male,Dont smoke - gave up,75-79 years,Fingal,Number,1614.0
Population,2022,Male,Dont smoke - gave up,80-84 years,Fingal,Number,874.0
Population,2022,Male,Dont smoke - gave up,85-89 years,Fingal,Number,453.0
Population,2022,Male,Dont smoke - gave up,95 years and over,Fingal,Number,17.0
Population,2022,Male,Dont smoke - gave up,All Ages,South Dublin,Number,26978.0
Population,2022,Male,Dont smoke - gave up,0 - 14 years,South Dublin,Number,185.0
Population,2022,Male,Dont smoke - gave up,15-19 years,South Dublin,Number,264.0
Population,2022,Male,Dont smoke - gave up,20-24 years,South Dublin,Number,643.0
Population,2022,Male,Dont smoke - gave up,25-29 years,South Dublin,Number,952.0
Population,2022,Male,Dont smoke - gave up,30-34 years,South Dublin,Number,1518.0
Population,2022,Male,Dont smoke - gave up,35-39 years,South Dublin,Number,2347.0
Population,2022,Male,Dont smoke - gave up,40-44 years,South Dublin,Number,3041.0
Population,2022,Male,Dont smoke - gave up,45-49 years,South Dublin,Number,2818.0
Population,2022,Male,Dont smoke - gave up,50-54 years,South Dublin,Number,2496.0
Population,2022,Male,Dont smoke - gave up,55-59 years,South Dublin,Number,2351.0
Population,2022,Male,Dont smoke - gave up,60-64 years,South Dublin,Number,2403.0
Population,2022,Male,Dont smoke - gave up,65-69 years,South Dublin,Number,2482.0
Population,2022,Male,Dont smoke - gave up,70-74 years,South Dublin,Number,2376.0
Population,2022,Male,Dont smoke - gave up,75-79 years,South Dublin,Number,1655.0
Population,2022,Male,Dont smoke - gave up,80-84 years,South Dublin,Number,891.0
Population,2022,Male,Dont smoke - gave up,85-89 years,South Dublin,Number,534.0
Population,2022,Male,Dont smoke - gave up,95 years and over,South Dublin,Number,22.0
Population,2022,Male,Dont smoke - gave up,All Ages,Kildare,Number,24182.0
Population,2022,Male,Dont smoke - gave up,0 - 14 years,Kildare,Number,198.0
Population,2022,Male,Dont smoke - gave up,15-19 years,Kildare,Number,229.0
Population,2022,Male,Dont smoke - gave up,20-24 years,Kildare,Number,580.0
Population,2022,Male,Dont smoke - gave up,25-29 years,Kildare,Number,848.0
Population,2022,Male,Dont smoke - gave up,30-34 years,Kildare,Number,1317.0
Population,2022,Male,Dont smoke - gave up,35-39 years,Kildare,Number,2042.0
Population,2022,Male,Dont smoke - gave up,40-44 years,Kildare,Number,2838.0
Population,2022,Male,Dont smoke - gave up,45-49 years,Kildare,Number,2765.0
Population,2022,Male,Dont smoke - gave up,50-54 years,Kildare,Number,2701.0
Population,2022,Male,Dont smoke - gave up,55-59 years,Kildare,Number,2375.0
Population,2022,Male,Dont smoke - gave up,60-64 years,Kildare,Number,2118.0
Population,2022,Male,Dont smoke - gave up,65-69 years,Kildare,Number,1985.0
Population,2022,Male,Dont smoke - gave up,70-74 years,Kildare,Number,1722.0
Population,2022,Male,Dont smoke - gave up,75-79 years,Kildare,Number,1405.0
Population,2022,Male,Dont smoke - gave up,80-84 years,Kildare,Number,666.0
Population,2022,Male,Dont smoke - gave up,85-89 years,Kildare,Number,383.0
Population,2022,Male,Dont smoke - gave up,95 years and over,Kildare,Number,10.0
Population,2022,Male,Dont smoke - gave up,All Ages,Kilkenny,Number,10991.0
Population,2022,Male,Dont smoke - gave up,0 - 14 years,Kilkenny,Number,102.0
Population,2022,Male,Dont smoke - gave up,15-19 years,Kilkenny,Number,105.0
Population,2022,Male,Dont smoke - gave up,20-24 years,Kilkenny,Number,205.0
Population,2022,Male,Dont smoke - gave up,25-29 years,Kilkenny,Number,308.0
Population,2022,Male,Dont smoke - gave up,30-34 years,Kilkenny,Number,495.0
Population,2022,Male,Dont smoke - gave up,35-39 years,Kilkenny,Number,788.0
Population,2022,Male,Dont smoke - gave up,40-44 years,Kilkenny,Number,1001.0
Population,2022,Male,Dont smoke - gave up,45-49 years,Kilkenny,Number,1194.0
Population,2022,Male,Dont smoke - gave up,50-54 years,Kilkenny,Number,1109.0
Population,2022,Male,Dont smoke - gave up,55-59 years,Kilkenny,Number,1104.0
Population,2022,Male,Dont smoke - gave up,60-64 years,Kilkenny,Number,1077.0
Population,2022,Male,Dont smoke - gave up,65-69 years,Kilkenny,Number,1086.0
Population,2022,Male,Dont smoke - gave up,70-74 years,Kilkenny,Number,978.0
Population,2022,Male,Dont smoke - gave up,75-79 years,Kilkenny,Number,735.0
Population,2022,Male,Dont smoke - gave up,80-84 years,Kilkenny,Number,439.0
Population,2022,Male,Dont smoke - gave up,85-89 years,Kilkenny,Number,257.0
Population,2022,Male,Dont smoke - gave up,95 years and over,Kilkenny,Number,8.0
Population,2022,Male,Dont smoke - gave up,All Ages,Laois,Number,9035.0
Population,2022,Male,Dont smoke - gave up,0 - 14 years,Laois,Number,84.0
Population,2022,Male,Dont smoke - gave up,15-19 years,Laois,Number,98.0
Population,2022,Male,Dont smoke - gave up,20-24 years,Laois,Number,197.0
Population,2022,Male,Dont smoke - gave up,25-29 years,Laois,Number,305.0
Population,2022,Male,Dont smoke - gave up,30-34 years,Laois,Number,476.0
Population,2022,Male,Dont smoke - gave up,35-39 years,Laois,Number,788.0
Population,2022,Male,Dont smoke - gave up,40-44 years,Laois,Number,928.0
Population,2022,Male,Dont smoke - gave up,45-49 years,Laois,Number,928.0
Population,2022,Male,Dont smoke - gave up,50-54 years,Laois,Number,1014.0
Population,2022,Male,Dont smoke - gave up,55-59 years,Laois,Number,897.0
Population,2022,Male,Dont smoke - gave up,60-64 years,Laois,Number,882.0
Population,2022,Male,Dont smoke - gave up,65-69 years,Laois,Number,767.0
Population,2022,Male,Dont smoke - gave up,70-74 years,Laois,Number,670.0
Population,2022,Male,Dont smoke - gave up,75-79 years,Laois,Number,521.0
Population,2022,Male,Dont smoke - gave up,80-84 years,Laois,Number,289.0
Population,2022,Male,Dont smoke - gave up,85-89 years,Laois,Number,185.0
Population,2022,Male,Dont smoke - gave up,95 years and over,Laois,Number,6.0
Population,2022,Male,Dont smoke - gave up,All Ages,Longford,Number,4511.0
Population,2022,Male,Dont smoke - gave up,0 - 14 years,Longford,Number,
Population,2022,Male,Dont smoke - gave up,15-19 years,Longford,Number,65.0
Population,2022,Male,Dont smoke - gave up,20-24 years,Longford,Number,99.0
Population,2022,Male,Dont smoke - gave up,25-29 years,Longford,Number,121.0
Population,2022,Male,Dont smoke - gave up,30-34 years,Longford,Number,192.0
Population,2022,Male,Dont smoke - gave up,35-39 years,Longford,Number,304.0
Population,2022,Male,Dont smoke - gave up,40-44 years,Longford,Number,435.0
Population,2022,Male,Dont smoke - gave up,45-49 years,Longford,Number,471.0
Population,2022,Male,Dont smoke - gave up,50-54 years,Longford,Number,419.0
Population,2022,Male,Dont smoke - gave up,55-59 years,Longford,Number,402.0
Population,2022,Male,Dont smoke - gave up,60-64 years,Longford,Number,421.0
Population,2022,Male,Dont smoke - gave up,65-69 years,Longford,Number,453.0
Population,2022,Male,Dont smoke - gave up,70-74 years,Longford,Number,451.0
Population,2022,Male,Dont smoke - gave up,75-79 years,Longford,Number,326.0
Population,2022,Male,Dont smoke - gave up,80-84 years,Longford,Number,180.0
Population,2022,Male,Dont smoke - gave up,85-89 years,Longford,Number,118.0
Population,2022,Male,Dont smoke - gave up,95 years and over,Longford,Number,
Population,2022,Male,Dont smoke - gave up,All Ages,Louth,Number,13484.0
Population,2022,Male,Dont smoke - gave up,0 - 14 years,Louth,Number,131.0
Population,2022,Male,Dont smoke - gave up,15-19 years,Louth,Number,148.0
Population,2022,Male,Dont smoke - gave up,20-24 years,Louth,Number,289.0
Population,2022,Male,Dont smoke - gave up,25-29 years,Louth,Number,429.0
Population,2022,Male,Dont smoke - gave up,30-34 years,Louth,Number,693.0
Population,2022,Male,Dont smoke - gave up,35-39 years,Louth,Number,983.0
Population,2022,Male,Dont smoke - gave up,40-44 years,Louth,Number,1379.0
Population,2022,Male,Dont smoke - gave up,45-49 years,Louth,Number,1342.0
Population,2022,Male,Dont smoke - gave up,50-54 years,Louth,Number,1521.0
Population,2022,Male,Dont smoke - gave up,55-59 years,Louth,Number,1313.0
Population,2022,Male,Dont smoke - gave up,60-64 years,Louth,Number,1242.0
Population,2022,Male,Dont smoke - gave up,65-69 years,Louth,Number,1216.0
Population,2022,Male,Dont smoke - gave up,70-74 years,Louth,Number,1079.0
Population,2022,Male,Dont smoke - gave up,75-79 years,Louth,Number,882.0
Population,2022,Male,Dont smoke - gave up,80-84 years,Louth,Number,539.0
Population,2022,Male,Dont smoke - gave up,85-89 years,Louth,Number,288.0
Population,2022,Male,Dont smoke - gave up,95 years and over,Louth,Number,10.0
Population,2022,Male,Dont smoke - gave up,All Ages,Meath,Number,21579.0
Population,2022,Male,Dont smoke - gave up,0 - 14 years,Meath,Number,200.0
Population,2022,Male,Dont smoke - gave up,15-19 years,Meath,Number,219.0
Population,2022,Male,Dont smoke - gave up,20-24 years,Meath,Number,433.0
Population,2022,Male,Dont smoke - gave up,25-29 years,Meath,Number,657.0
Population,2022,Male,Dont smoke - gave up,30-34 years,Meath,Number,1089.0
Population,2022,Male,Dont smoke - gave up,35-39 years,Meath,Number,1857.0
Population,2022,Male,Dont smoke - gave up,40-44 years,Meath,Number,2425.0
Population,2022,Male,Dont smoke - gave up,45-49 years,Meath,Number,2567.0
Population,2022,Male,Dont smoke - gave up,50-54 years,Meath,Number,2467.0
Population,2022,Male,Dont smoke - gave up,55-59 years,Meath,Number,2065.0
Population,2022,Male,Dont smoke - gave up,60-64 years,Meath,Number,1912.0
Population,2022,Male,Dont smoke - gave up,65-69 years,Meath,Number,1802.0
Population,2022,Male,Dont smoke - gave up,70-74 years,Meath,Number,1557.0
Population,2022,Male,Dont smoke - gave up,75-79 years,Meath,Number,1240.0
Population,2022,Male,Dont smoke - gave up,80-84 years,Meath,Number,691.0
Population,2022,Male,Dont smoke - gave up,85-89 years,Meath,Number,378.0
Population,2022,Male,Dont smoke - gave up,95 years and over,Meath,Number,20.0
Population,2022,Male,Dont smoke - gave up,All Ages,Offaly,Number,8247.0
Population,2022,Male,Dont smoke - gave up,0 - 14 years,Offaly,Number,
Population,2022,Male,Dont smoke - gave up,15-19 years,Offaly,Number,105.0
Population,2022,Male,Dont smoke - gave up,20-24 years,Offaly,Number,190.0
Population,2022,Male,Dont smoke - gave up,25-29 years,Offaly,Number,235.0
Population,2022,Male,Dont smoke - gave up,30-34 years,Offaly,Number,379.0
Population,2022,Male,Dont smoke - gave up,35-39 years,Offaly,Number,597.0
Population,2022,Male,Dont smoke - gave up,40-44 years,Offaly,Number,796.0
Population,2022,Male,Dont smoke - gave up,45-49 years,Offaly,Number,825.0
Population,2022,Male,Dont smoke - gave up,50-54 years,Offaly,Number,821.0
Population,2022,Male,Dont smoke - gave up,55-59 years,Offaly,Number,795.0
Population,2022,Male,Dont smoke - gave up,60-64 years,Offaly,Number,856.0
Population,2022,Male,Dont smoke - gave up,65-69 years,Offaly,Number,805.0
Population,2022,Male,Dont smoke - gave up,70-74 years,Offaly,Number,721.0
Population,2022,Male,Dont smoke - gave up,75-79 years,Offaly,Number,538.0
Population,2022,Male,Dont smoke - gave up,80-84 years,Offaly,Number,290.0
Population,2022,Male,Dont smoke - gave up,85-89 years,Offaly,Number,215.0
Population,2022,Male,Dont smoke - gave up,95 years and over,Offaly,Number,
Population,2022,Male,Dont smoke - gave up,All Ages,Westmeath,Number,9540.0
Population,2022,Male,Dont smoke - gave up,0 - 14 years,Westmeath,Number,108.0
Population,2022,Male,Dont smoke - gave up,15-19 years,Westmeath,Number,110.0
Population,2022,Male,Dont smoke - gave up,20-24 years,Westmeath,Number,216.0
Population,2022,Male,Dont smoke - gave up,25-29 years,Westmeath,Number,306.0
Population,2022,Male,Dont smoke - gave up,30-34 years,Westmeath,Number,464.0
Population,2022,Male,Dont smoke - gave up,35-39 years,Westmeath,Number,718.0
Population,2022,Male,Dont smoke - gave up,40-44 years,Westmeath,Number,835.0
Population,2022,Male,Dont smoke - gave up,45-49 years,Westmeath,Number,950.0
Population,2022,Male,Dont smoke - gave up,50-54 years,Westmeath,Number,1012.0
Population,2022,Male,Dont smoke - gave up,55-59 years,Westmeath,Number,987.0
Population,2022,Male,Dont smoke - gave up,60-64 years,Westmeath,Number,914.0
Population,2022,Male,Dont smoke - gave up,65-69 years,Westmeath,Number,921.0
Population,2022,Male,Dont smoke - gave up,70-74 years,Westmeath,Number,768.0
Population,2022,Male,Dont smoke - gave up,75-79 years,Westmeath,Number,622.0
Population,2022,Male,Dont smoke - gave up,80-84 years,Westmeath,Number,354.0
Population,2022,Male,Dont smoke - gave up,85-89 years,Westmeath,Number,244.0
Population,2022,Male,Dont smoke - gave up,95 years and over,Westmeath,Number,11.0
Population,2022,Male,Dont smoke - gave up,All Ages,Wexford,Number,18103.0
Population,2022,Male,Dont smoke - gave up,0 - 14 years,Wexford,Number,
Population,2022,Male,Dont smoke - gave up,15-19 years,Wexford,Number,186.0
Population,2022,Male,Dont smoke - gave up,20-24 years,Wexford,Number,391.0
Population,2022,Male,Dont smoke - gave up,25-29 years,Wexford,Number,547.0
Population,2022,Male,Dont smoke - gave up,30-34 years,Wexford,Number,878.0
Population,2022,Male,Dont smoke - gave up,35-39 years,Wexford,Number,1169.0
Population,2022,Male,Dont smoke - gave up,40-44 years,Wexford,Number,1612.0
Population,2022,Male,Dont smoke - gave up,45-49 years,Wexford,Number,1720.0
Population,2022,Male,Dont smoke - gave up,50-54 years,Wexford,Number,1834.0
Population,2022,Male,Dont smoke - gave up,55-59 years,Wexford,Number,1826.0
Population,2022,Male,Dont smoke - gave up,60-64 years,Wexford,Number,1799.0
Population,2022,Male,Dont smoke - gave up,65-69 years,Wexford,Number,1862.0
Population,2022,Male,Dont smoke - gave up,70-74 years,Wexford,Number,1686.0
Population,2022,Male,Dont smoke - gave up,75-79 years,Wexford,Number,1223.0
Population,2022,Male,Dont smoke - gave up,80-84 years,Wexford,Number,781.0
Population,2022,Male,Dont smoke - gave up,85-89 years,Wexford,Number,464.0
Population,2022,Male,Dont smoke - gave up,95 years and over,Wexford,Number,
Population,2022,Male,Dont smoke - gave up,All Ages,Wicklow,Number,16222.0
Population,2022,Male,Dont smoke - gave up,0 - 14 years,Wicklow,Number,131.0
Population,2022,Male,Dont smoke - gave up,15-19 years,Wicklow,Number,148.0
Population,2022,Male,Dont smoke - gave up,20-24 years,Wicklow,Number,300.0
Population,2022,Male,Dont smoke - gave up,25-29 years,Wicklow,Number,442.0
Population,2022,Male,Dont smoke - gave up,30-34 years,Wicklow,Number,712.0
Population,2022,Male,Dont smoke - gave up,35-39 years,Wicklow,Number,1174.0
Population,2022,Male,Dont smoke - gave up,40-44 years,Wicklow,Number,1732.0
Population,2022,Male,Dont smoke - gave up,45-49 years,Wicklow,Number,1785.0
Population,2022,Male,Dont smoke - gave up,50-54 years,Wicklow,Number,1729.0
Population,2022,Male,Dont smoke - gave up,55-59 years,Wicklow,Number,1676.0
Population,2022,Male,Dont smoke - gave up,60-64 years,Wicklow,Number,1588.0
Population,2022,Male,Dont smoke - gave up,65-69 years,Wicklow,Number,1414.0
Population,2022,Male,Dont smoke - gave up,70-74 years,Wicklow,Number,1304.0
Population,2022,Male,Dont smoke - gave up,75-79 years,Wicklow,Number,1115.0
Population,2022,Male,Dont smoke - gave up,80-84 years,Wicklow,Number,597.0
Population,2022,Male,Dont smoke - gave up,85-89 years,Wicklow,Number,363.0
Population,2022,Male,Dont smoke - gave up,95 years and over,Wicklow,Number,12.0
Population,2022,Male,Dont smoke - gave up,All Ages,Clare,Number,13686.0
Population,2022,Male,Dont smoke - gave up,0 - 14 years,Clare,Number,104.0
Population,2022,Male,Dont smoke - gave up,15-19 years,Clare,Number,131.0
Population,2022,Male,Dont smoke - gave up,20-24 years,Clare,Number,262.0
Population,2022,Male,Dont smoke - gave up,25-29 years,Clare,Number,368.0
Population,2022,Male,Dont smoke - gave up,30-34 years,Clare,Number,566.0
Population,2022,Male,Dont smoke - gave up,35-39 years,Clare,Number,920.0
Population,2022,Male,Dont smoke - gave up,40-44 years,Clare,Number,1195.0
Population,2022,Male,Dont smoke - gave up,45-49 years,Clare,Number,1375.0
Population,2022,Male,Dont smoke - gave up,50-54 years,Clare,Number,1469.0
Population,2022,Male,Dont smoke - gave up,55-59 years,Clare,Number,1438.0
Population,2022,Male,Dont smoke - gave up,60-64 years,Clare,Number,1355.0
Population,2022,Male,Dont smoke - gave up,65-69 years,Clare,Number,1332.0
Population,2022,Male,Dont smoke - gave up,70-74 years,Clare,Number,1264.0
Population,2022,Male,Dont smoke - gave up,75-79 years,Clare,Number,1004.0
Population,2022,Male,Dont smoke - gave up,80-84 years,Clare,Number,543.0
Population,2022,Male,Dont smoke - gave up,85-89 years,Clare,Number,340.0
Population,2022,Male,Dont smoke - gave up,95 years and over,Clare,Number,20.0
Population,2022,Male,Dont smoke - gave up,All Ages,Cork City,Number,21409.0
Population,2022,Male,Dont smoke - gave up,0 - 14 years,Cork City,Number,139.0
Population,2022,Male,Dont smoke - gave up,15-19 years,Cork City,Number,214.0
Population,2022,Male,Dont smoke - gave up,20-24 years,Cork City,Number,646.0
Population,2022,Male,Dont smoke - gave up,25-29 years,Cork City,Number,986.0
Population,2022,Male,Dont smoke - gave up,30-34 years,Cork City,Number,1323.0
Population,2022,Male,Dont smoke - gave up,35-39 years,Cork City,Number,1773.0
Population,2022,Male,Dont smoke - gave up,40-44 years,Cork City,Number,1960.0
Population,2022,Male,Dont smoke - gave up,45-49 years,Cork City,Number,1964.0
Population,2022,Male,Dont smoke - gave up,50-54 years,Cork City,Number,1956.0
Population,2022,Male,Dont smoke - gave up,55-59 years,Cork City,Number,2103.0
Population,2022,Male,Dont smoke - gave up,60-64 years,Cork City,Number,2046.0
Population,2022,Male,Dont smoke - gave up,65-69 years,Cork City,Number,1799.0
Population,2022,Male,Dont smoke - gave up,70-74 years,Cork City,Number,1679.0
Population,2022,Male,Dont smoke - gave up,75-79 years,Cork City,Number,1391.0
Population,2022,Male,Dont smoke - gave up,80-84 years,Cork City,Number,892.0
Population,2022,Male,Dont smoke - gave up,85-89 years,Cork City,Number,521.0
Population,2022,Male,Dont smoke - gave up,95 years and over,Cork City,Number,17.0
Population,2022,Male,Dont smoke - gave up,All Ages,Cork County,Number,38234.0
Population,2022,Male,Dont smoke - gave up,0 - 14 years,Cork County,Number,290.0
Population,2022,Male,Dont smoke - gave up,15-19 years,Cork County,Number,375.0
Population,2022,Male,Dont smoke - gave up,20-24 years,Cork County,Number,653.0
Population,2022,Male,Dont smoke - gave up,25-29 years,Cork County,Number,978.0
Population,2022,Male,Dont smoke - gave up,30-34 years,Cork County,Number,1612.0
Population,2022,Male,Dont smoke - gave up,35-39 years,Cork County,Number,2793.0
Population,2022,Male,Dont smoke - gave up,40-44 years,Cork County,Number,3877.0
Population,2022,Male,Dont smoke - gave up,45-49 years,Cork County,Number,4251.0
Population,2022,Male,Dont smoke - gave up,50-54 years,Cork County,Number,4348.0
Population,2022,Male,Dont smoke - gave up,55-59 years,Cork County,Number,3951.0
Population,2022,Male,Dont smoke - gave up,60-64 years,Cork County,Number,3654.0
Population,2022,Male,Dont smoke - gave up,65-69 years,Cork County,Number,3454.0
Population,2022,Male,Dont smoke - gave up,70-74 years,Cork County,Number,3227.0
Population,2022,Male,Dont smoke - gave up,75-79 years,Cork County,Number,2463.0
Population,2022,Male,Dont smoke - gave up,80-84 years,Cork County,Number,1334.0
Population,2022,Male,Dont smoke - gave up,85-89 years,Cork County,Number,936.0
Population,2022,Male,Dont smoke - gave up,95 years and over,Cork County,Number,38.0
Population,2022,Male,Dont smoke - gave up,All Ages,Kerry,Number,17031.0
Population,2022,Male,Dont smoke - gave up,0 - 14 years,Kerry,Number,123.0
Population,2022,Male,Dont smoke - gave up,15-19 years,Kerry,Number,160.0
Population,2022,Male,Dont smoke - gave up,20-24 years,Kerry,Number,324.0
Population,2022,Male,Dont smoke - gave up,25-29 years,Kerry,Number,422.0
Population,2022,Male,Dont smoke - gave up,30-34 years,Kerry,Number,656.0
Population,2022,Male,Dont smoke - gave up,35-39 years,Kerry,Number,1108.0
Population,2022,Male,Dont smoke - gave up,40-44 years,Kerry,Number,1483.0
Population,2022,Male,Dont smoke - gave up,45-49 years,Kerry,Number,1676.0
Population,2022,Male,Dont smoke - gave up,50-54 years,Kerry,Number,1792.0
Population,2022,Male,Dont smoke - gave up,55-59 years,Kerry,Number,1668.0
Population,2022,Male,Dont smoke - gave up,60-64 years,Kerry,Number,1739.0
Population,2022,Male,Dont smoke - gave up,65-69 years,Kerry,Number,1713.0
Population,2022,Male,Dont smoke - gave up,70-74 years,Kerry,Number,1683.0
Population,2022,Male,Dont smoke - gave up,75-79 years,Kerry,Number,1327.0
Population,2022,Male,Dont smoke - gave up,80-84 years,Kerry,Number,697.0
Population,2022,Male,Dont smoke - gave up,85-89 years,Kerry,Number,447.0
Population,2022,Male,Dont smoke - gave up,95 years and over,Kerry,Number,13.0
Population,2022,Male,Dont smoke - gave up,All Ages,Limerick City and County,Number,20313.0
Population,2022,Male,Dont smoke - gave up,0 - 14 years,Limerick City and County,Number,147.0
Population,2022,Male,Dont smoke - gave up,15-19 years,Limerick City and County,Number,220.0
Population,2022,Male,Dont smoke - gave up,20-24 years,Limerick City and County,Number,509.0
Population,2022,Male,Dont smoke - gave up,25-29 years,Limerick City and County,Number,737.0
Population,2022,Male,Dont smoke - gave up,30-34 years,Limerick City and County,Number,998.0
Population,2022,Male,Dont smoke - gave up,35-39 years,Limerick City and County,Number,1437.0
Population,2022,Male,Dont smoke - gave up,40-44 years,Limerick City and County,Number,1865.0
Population,2022,Male,Dont smoke - gave up,45-49 years,Limerick City and County,Number,2009.0
Population,2022,Male,Dont smoke - gave up,50-54 years,Limerick City and County,Number,2020.0
Population,2022,Male,Dont smoke - gave up,55-59 years,Limerick City and County,Number,1865.0
Population,2022,Male,Dont smoke - gave up,60-64 years,Limerick City and County,Number,1919.0
Population,2022,Male,Dont smoke - gave up,65-69 years,Limerick City and County,Number,1988.0
Population,2022,Male,Dont smoke - gave up,70-74 years,Limerick City and County,Number,1844.0
Population,2022,Male,Dont smoke - gave up,75-79 years,Limerick City and County,Number,1397.0
Population,2022,Male,Dont smoke - gave up,80-84 years,Limerick City and County,Number,825.0
Population,2022,Male,Dont smoke - gave up,85-89 years,Limerick City and County,Number,508.0
Population,2022,Male,Dont smoke - gave up,95 years and over,Limerick City and County,Number,25.0
Population,2022,Male,Dont smoke - gave up,All Ages,Tipperary,Number,17763.0
Population,2022,Male,Dont smoke - gave up,0 - 14 years,Tipperary,Number,152.0
Population,2022,Male,Dont smoke - gave up,15-19 years,Tipperary,Number,174.0
Population,2022,Male,Dont smoke - gave up,20-24 years,Tipperary,Number,342.0
Population,2022,Male,Dont smoke - gave up,25-29 years,Tipperary,Number,536.0
Population,2022,Male,Dont smoke - gave up,30-34 years,Tipperary,Number,735.0
Population,2022,Male,Dont smoke - gave up,35-39 years,Tipperary,Number,1158.0
Population,2022,Male,Dont smoke - gave up,40-44 years,Tipperary,Number,1545.0
Population,2022,Male,Dont smoke - gave up,45-49 years,Tipperary,Number,1716.0
Population,2022,Male,Dont smoke - gave up,50-54 years,Tipperary,Number,1789.0
Population,2022,Male,Dont smoke - gave up,55-59 years,Tipperary,Number,1798.0
Population,2022,Male,Dont smoke - gave up,60-64 years,Tipperary,Number,1796.0
Population,2022,Male,Dont smoke - gave up,65-69 years,Tipperary,Number,1817.0
Population,2022,Male,Dont smoke - gave up,70-74 years,Tipperary,Number,1640.0
Population,2022,Male,Dont smoke - gave up,75-79 years,Tipperary,Number,1318.0
Population,2022,Male,Dont smoke - gave up,80-84 years,Tipperary,Number,733.0
Population,2022,Male,Dont smoke - gave up,85-89 years,Tipperary,Number,501.0
Population,2022,Male,Dont smoke - gave up,95 years and over,Tipperary,Number,13.0
Population,2022,Male,Dont smoke - gave up,All Ages,Waterford City and County,Number,12891.0
Population,2022,Male,Dont smoke - gave up,0 - 14 years,Waterford City and County,Number,85.0
Population,2022,Male,Dont smoke - gave up,15-19 years,Waterford City and County,Number,157.0
Population,2022,Male,Dont smoke - gave up,20-24 years,Waterford City and County,Number,279.0
Population,2022,Male,Dont smoke - gave up,25-29 years,Waterford City and County,Number,372.0
Population,2022,Male,Dont smoke - gave up,30-34 years,Waterford City and County,Number,579.0
Population,2022,Male,Dont smoke - gave up,35-39 years,Waterford City and County,Number,881.0
Population,2022,Male,Dont smoke - gave up,40-44 years,Waterford City and County,Number,1236.0
Population,2022,Male,Dont smoke - gave up,45-49 years,Waterford City and County,Number,1232.0
Population,2022,Male,Dont smoke - gave up,50-54 years,Waterford City and County,Number,1275.0
Population,2022,Male,Dont smoke - gave up,55-59 years,Waterford City and County,Number,1299.0
Population,2022,Male,Dont smoke - gave up,60-64 years,Waterford City and County,Number,1297.0
Population,2022,Male,Dont smoke - gave up,65-69 years,Waterford City and County,Number,1283.0
Population,2022,Male,Dont smoke - gave up,70-74 years,Waterford City and County,Number,1084.0
Population,2022,Male,Dont smoke - gave up,75-79 years,Waterford City and County,Number,947.0
Population,2022,Male,Dont smoke - gave up,80-84 years,Waterford City and County,Number,533.0
Population,2022,Male,Dont smoke - gave up,85-89 years,Waterford City and County,Number,344.0
Population,2022,Male,Dont smoke - gave up,95 years and over,Waterford City and County,Number,8.0
Population,2022,Male,Dont smoke - gave up,All Ages,Galway City,Number,7394.0
Population,2022,Male,Dont smoke - gave up,0 - 14 years,Galway City,Number,
Population,2022,Male,Dont smoke - gave up,15-19 years,Galway City,Number,99.0
Population,2022,Male,Dont smoke - gave up,20-24 years,Galway City,Number,362.0
Population,2022,Male,Dont smoke - gave up,25-29 years,Galway City,Number,437.0
Population,2022,Male,Dont smoke - gave up,30-34 years,Galway City,Number,501.0
Population,2022,Male,Dont smoke - gave up,35-39 years,Galway City,Number,601.0
Population,2022,Male,Dont smoke - gave up,40-44 years,Galway City,Number,810.0
Population,2022,Male,Dont smoke - gave up,45-49 years,Galway City,Number,695.0
Population,2022,Male,Dont smoke - gave up,50-54 years,Galway City,Number,653.0
Population,2022,Male,Dont smoke - gave up,55-59 years,Galway City,Number,598.0
Population,2022,Male,Dont smoke - gave up,60-64 years,Galway City,Number,578.0
Population,2022,Male,Dont smoke - gave up,65-69 years,Galway City,Number,603.0
Population,2022,Male,Dont smoke - gave up,70-74 years,Galway City,Number,538.0
Population,2022,Male,Dont smoke - gave up,75-79 years,Galway City,Number,433.0
Population,2022,Male,Dont smoke - gave up,80-84 years,Galway City,Number,265.0
Population,2022,Male,Dont smoke - gave up,85-89 years,Galway City,Number,181.0
Population,2022,Male,Dont smoke - gave up,95 years and over,Galway City,Number,
Population,2022,Male,Dont smoke - gave up,All Ages,Galway County,Number,20652.0
Population,2022,Male,Dont smoke - gave up,0 - 14 years,Galway County,Number,166.0
Population,2022,Male,Dont smoke - gave up,15-19 years,Galway County,Number,195.0
Population,2022,Male,Dont smoke - gave up,20-24 years,Galway County,Number,368.0
Population,2022,Male,Dont smoke - gave up,25-29 years,Galway County,Number,452.0
Population,2022,Male,Dont smoke - gave up,30-34 years,Galway County,Number,843.0
Population,2022,Male,Dont smoke - gave up,35-39 years,Galway County,Number,1367.0
Population,2022,Male,Dont smoke - gave up,40-44 years,Galway County,Number,2014.0
Population,2022,Male,Dont smoke - gave up,45-49 years,Galway County,Number,2124.0
Population,2022,Male,Dont smoke - gave up,50-54 years,Galway County,Number,2200.0
Population,2022,Male,Dont smoke - gave up,55-59 years,Galway County,Number,2023.0
Population,2022,Male,Dont smoke - gave up,60-64 years,Galway County,Number,1989.0
Population,2022,Male,Dont smoke - gave up,65-69 years,Galway County,Number,2060.0
Population,2022,Male,Dont smoke - gave up,70-74 years,Galway County,Number,1831.0
Population,2022,Male,Dont smoke - gave up,75-79 years,Galway County,Number,1463.0
Population,2022,Male,Dont smoke - gave up,80-84 years,Galway County,Number,926.0
Population,2022,Male,Dont smoke - gave up,85-89 years,Galway County,Number,600.0
Population,2022,Male,Dont smoke - gave up,95 years and over,Galway County,Number,31.0
Population,2022,Male,Dont smoke - gave up,All Ages,Leitrim,Number,3918.0
Population,2022,Male,Dont smoke - gave up,0 - 14 years,Leitrim,Number,
Population,2022,Male,Dont smoke - gave up,15-19 years,Leitrim,Number,37.0
Population,2022,Male,Dont smoke - gave up,20-24 years,Leitrim,Number,58.0
Population,2022,Male,Dont smoke - gave up,25-29 years,Leitrim,Number,98.0
Population,2022,Male,Dont smoke - gave up,30-34 years,Leitrim,Number,141.0
Population,2022,Male,Dont smoke - gave up,35-39 years,Leitrim,Number,252.0
Population,2022,Male,Dont smoke - gave up,40-44 years,Leitrim,Number,355.0
Population,2022,Male,Dont smoke - gave up,45-49 years,Leitrim,Number,345.0
Population,2022,Male,Dont smoke - gave up,50-54 years,Leitrim,Number,391.0
Population,2022,Male,Dont smoke - gave up,55-59 years,Leitrim,Number,411.0
Population,2022,Male,Dont smoke - gave up,60-64 years,Leitrim,Number,391.0
Population,2022,Male,Dont smoke - gave up,65-69 years,Leitrim,Number,431.0
Population,2022,Male,Dont smoke - gave up,70-74 years,Leitrim,Number,378.0
Population,2022,Male,Dont smoke - gave up,75-79 years,Leitrim,Number,316.0
Population,2022,Male,Dont smoke - gave up,80-84 years,Leitrim,Number,155.0
Population,2022,Male,Dont smoke - gave up,85-89 years,Leitrim,Number,123.0
Population,2022,Male,Dont smoke - gave up,95 years and over,Leitrim,Number,
Population,2022,Male,Dont smoke - gave up,All Ages,Mayo,Number,15871.0
Population,2022,Male,Dont smoke - gave up,0 - 14 years,Mayo,Number,100.0
Population,2022,Male,Dont smoke - gave up,15-19 years,Mayo,Number,140.0
Population,2022,Male,Dont smoke - gave up,20-24 years,Mayo,Number,229.0
Population,2022,Male,Dont smoke - gave up,25-29 years,Mayo,Number,372.0
Population,2022,Male,Dont smoke - gave up,30-34 years,Mayo,Number,619.0
Population,2022,Male,Dont smoke - gave up,35-39 years,Mayo,Number,1050.0
Population,2022,Male,Dont smoke - gave up,40-44 years,Mayo,Number,1325.0
Population,2022,Male,Dont smoke - gave up,45-49 years,Mayo,Number,1447.0
Population,2022,Male,Dont smoke - gave up,50-54 years,Mayo,Number,1576.0
Population,2022,Male,Dont smoke - gave up,55-59 years,Mayo,Number,1558.0
Population,2022,Male,Dont smoke - gave up,60-64 years,Mayo,Number,1663.0
Population,2022,Male,Dont smoke - gave up,65-69 years,Mayo,Number,1712.0
Population,2022,Male,Dont smoke - gave up,70-74 years,Mayo,Number,1606.0
Population,2022,Male,Dont smoke - gave up,75-79 years,Mayo,Number,1230.0
Population,2022,Male,Dont smoke - gave up,80-84 years,Mayo,Number,730.0
Population,2022,Male,Dont smoke - gave up,85-89 years,Mayo,Number,493.0
Population,2022,Male,Dont smoke - gave up,95 years and over,Mayo,Number,21.0
Population,2022,Male,Dont smoke - gave up,All Ages,Roscommon,Number,7647.0
Population,2022,Male,Dont smoke - gave up,0 - 14 years,Roscommon,Number,66.0
Population,2022,Male,Dont smoke - gave up,15-19 years,Roscommon,Number,81.0
Population,2022,Male,Dont smoke - gave up,20-24 years,Roscommon,Number,115.0
Population,2022,Male,Dont smoke - gave up,25-29 years,Roscommon,Number,190.0
Population,2022,Male,Dont smoke - gave up,30-34 years,Roscommon,Number,304.0
Population,2022,Male,Dont smoke - gave up,35-39 years,Roscommon,Number,451.0
Population,2022,Male,Dont smoke - gave up,40-44 years,Roscommon,Number,629.0
Population,2022,Male,Dont smoke - gave up,45-49 years,Roscommon,Number,712.0
Population,2022,Male,Dont smoke - gave up,50-54 years,Roscommon,Number,792.0
Population,2022,Male,Dont smoke - gave up,55-59 years,Roscommon,Number,776.0
Population,2022,Male,Dont smoke - gave up,60-64 years,Roscommon,Number,776.0
Population,2022,Male,Dont smoke - gave up,65-69 years,Roscommon,Number,882.0
Population,2022,Male,Dont smoke - gave up,70-74 years,Roscommon,Number,724.0
Population,2022,Male,Dont smoke - gave up,75-79 years,Roscommon,Number,582.0
Population,2022,Male,Dont smoke - gave up,80-84 years,Roscommon,Number,312.0
Population,2022,Male,Dont smoke - gave up,85-89 years,Roscommon,Number,244.0
Population,2022,Male,Dont smoke - gave up,95 years and over,Roscommon,Number,11.0
Population,2022,Male,Dont smoke - gave up,All Ages,Sligo,Number,7516.0
Population,2022,Male,Dont smoke - gave up,0 - 14 years,Sligo,Number,
Population,2022,Male,Dont smoke - gave up,15-19 years,Sligo,Number,76.0
Population,2022,Male,Dont smoke - gave up,20-24 years,Sligo,Number,172.0
Population,2022,Male,Dont smoke - gave up,25-29 years,Sligo,Number,194.0
Population,2022,Male,Dont smoke - gave up,30-34 years,Sligo,Number,278.0
Population,2022,Male,Dont smoke - gave up,35-39 years,Sligo,Number,498.0
Population,2022,Male,Dont smoke - gave up,40-44 years,Sligo,Number,657.0
Population,2022,Male,Dont smoke - gave up,45-49 years,Sligo,Number,676.0
Population,2022,Male,Dont smoke - gave up,50-54 years,Sligo,Number,775.0
Population,2022,Male,Dont smoke - gave up,55-59 years,Sligo,Number,728.0
Population,2022,Male,Dont smoke - gave up,60-64 years,Sligo,Number,758.0
Population,2022,Male,Dont smoke - gave up,65-69 years,Sligo,Number,745.0
Population,2022,Male,Dont smoke - gave up,70-74 years,Sligo,Number,779.0
Population,2022,Male,Dont smoke - gave up,75-79 years,Sligo,Number,558.0
Population,2022,Male,Dont smoke - gave up,80-84 years,Sligo,Number,334.0
Population,2022,Male,Dont smoke - gave up,85-89 years,Sligo,Number,238.0
Population,2022,Male,Dont smoke - gave up,95 years and over,Sligo,Number,
Population,2022,Male,Dont smoke - gave up,All Ages,Cavan,Number,8257.0
Population,2022,Male,Dont smoke - gave up,0 - 14 years,Cavan,Number,77.0
Population,2022,Male,Dont smoke - gave up,15-19 years,Cavan,Number,111.0
Population,2022,Male,Dont smoke - gave up,20-24 years,Cavan,Number,167.0
Population,2022,Male,Dont smoke - gave up,25-29 years,Cavan,Number,252.0
Population,2022,Male,Dont smoke - gave up,30-34 years,Cavan,Number,381.0
Population,2022,Male,Dont smoke - gave up,35-39 years,Cavan,Number,626.0
Population,2022,Male,Dont smoke - gave up,40-44 years,Cavan,Number,765.0
Population,2022,Male,Dont smoke - gave up,45-49 years,Cavan,Number,776.0
Population,2022,Male,Dont smoke - gave up,50-54 years,Cavan,Number,896.0
Population,2022,Male,Dont smoke - gave up,55-59 years,Cavan,Number,805.0
Population,2022,Male,Dont smoke - gave up,60-64 years,Cavan,Number,775.0
Population,2022,Male,Dont smoke - gave up,65-69 years,Cavan,Number,821.0
Population,2022,Male,Dont smoke - gave up,70-74 years,Cavan,Number,739.0
Population,2022,Male,Dont smoke - gave up,75-79 years,Cavan,Number,519.0
Population,2022,Male,Dont smoke - gave up,80-84 years,Cavan,Number,308.0
Population,2022,Male,Dont smoke - gave up,85-89 years,Cavan,Number,232.0
Population,2022,Male,Dont smoke - gave up,95 years and over,Cavan,Number,7.0
Population,2022,Male,Dont smoke - gave up,All Ages,Donegal,Number,17526.0
Population,2022,Male,Dont smoke - gave up,0 - 14 years,Donegal,Number,121.0
Population,2022,Male,Dont smoke - gave up,15-19 years,Donegal,Number,201.0
Population,2022,Male,Dont smoke - gave up,20-24 years,Donegal,Number,277.0
Population,2022,Male,Dont smoke - gave up,25-29 years,Donegal,Number,408.0
Population,2022,Male,Dont smoke - gave up,30-34 years,Donegal,Number,648.0
Population,2022,Male,Dont smoke - gave up,35-39 years,Donegal,Number,1022.0
Population,2022,Male,Dont smoke - gave up,40-44 years,Donegal,Number,1414.0
Population,2022,Male,Dont smoke - gave up,45-49 years,Donegal,Number,1636.0
Population,2022,Male,Dont smoke - gave up,50-54 years,Donegal,Number,1803.0
Population,2022,Male,Dont smoke - gave up,55-59 years,Donegal,Number,1634.0
Population,2022,Male,Dont smoke - gave up,60-64 years,Donegal,Number,1714.0
Population,2022,Male,Dont smoke - gave up,65-69 years,Donegal,Number,1932.0
Population,2022,Male,Dont smoke - gave up,70-74 years,Donegal,Number,1759.0
Population,2022,Male,Dont smoke - gave up,75-79 years,Donegal,Number,1514.0
Population,2022,Male,Dont smoke - gave up,80-84 years,Donegal,Number,868.0
Population,2022,Male,Dont smoke - gave up,85-89 years,Donegal,Number,549.0
Population,2022,Male,Dont smoke - gave up,95 years and over,Donegal,Number,26.0
Population,2022,Male,Dont smoke - gave up,All Ages,Monaghan,Number,6283.0
Population,2022,Male,Dont smoke - gave up,0 - 14 years,Monaghan,Number,
Population,2022,Male,Dont smoke - gave up,15-19 years,Monaghan,Number,69.0
Population,2022,Male,Dont smoke - gave up,20-24 years,Monaghan,Number,133.0
Population,2022,Male,Dont smoke - gave up,25-29 years,Monaghan,Number,183.0
Population,2022,Male,Dont smoke - gave up,30-34 years,Monaghan,Number,283.0
Population,2022,Male,Dont smoke - gave up,35-39 years,Monaghan,Number,449.0
Population,2022,Male,Dont smoke - gave up,40-44 years,Monaghan,Number,583.0
Population,2022,Male,Dont smoke - gave up,45-49 years,Monaghan,Number,641.0
Population,2022,Male,Dont smoke - gave up,50-54 years,Monaghan,Number,619.0
Population,2022,Male,Dont smoke - gave up,55-59 years,Monaghan,Number,591.0
Population,2022,Male,Dont smoke - gave up,60-64 years,Monaghan,Number,608.0
Population,2022,Male,Dont smoke - gave up,65-69 years,Monaghan,Number,669.0
Population,2022,Male,Dont smoke - gave up,70-74 years,Monaghan,Number,538.0
Population,2022,Male,Dont smoke - gave up,75-79 years,Monaghan,Number,458.0
Population,2022,Male,Dont smoke - gave up,80-84 years,Monaghan,Number,224.0
Population,2022,Male,Dont smoke - gave up,85-89 years,Monaghan,Number,169.0
Population,2022,Male,Dont smoke - gave up,95 years and over,Monaghan,Number,
Population,2022,Male,Never smoked,All Ages,State,Number,1457248.0
Population,2022,Male,Never smoked,0 - 14 years,State,Number,462430.0
Population,2022,Male,Never smoked,15-19 years,State,Number,143292.0
Population,2022,Male,Never smoked,20-24 years,State,Number,93724.0
Population,2022,Male,Never smoked,25-29 years,State,Number,75036.0
Population,2022,Male,Never smoked,30-34 years,State,Number,77612.0
Population,2022,Male,Never smoked,35-39 years,State,Number,84253.0
Population,2022,Male,Never smoked,40-44 years,State,Number,89871.0
Population,2022,Male,Never smoked,45-49 years,State,Number,82655.0
Population,2022,Male,Never smoked,50-54 years,State,Number,73469.0
Population,2022,Male,Never smoked,55-59 years,State,Number,66894.0
Population,2022,Male,Never smoked,60-64 years,State,Number,57306.0
Population,2022,Male,Never smoked,65-69 years,State,Number,48308.0
Population,2022,Male,Never smoked,70-74 years,State,Number,40372.0
Population,2022,Male,Never smoked,75-79 years,State,Number,29431.0
Population,2022,Male,Never smoked,80-84 years,State,Number,18437.0
Population,2022,Male,Never smoked,85-89 years,State,Number,13557.0
Population,2022,Male,Never smoked,95 years and over,State,Number,601.0
Population,2022,Male,Never smoked,All Ages,Carlow,Number,17298.0
Population,2022,Male,Never smoked,0 - 14 years,Carlow,Number,5625.0
Population,2022,Male,Never smoked,15-19 years,Carlow,Number,1810.0
Population,2022,Male,Never smoked,20-24 years,Carlow,Number,1149.0
Population,2022,Male,Never smoked,25-29 years,Carlow,Number,765.0
Population,2022,Male,Never smoked,30-34 years,Carlow,Number,840.0
Population,2022,Male,Never smoked,35-39 years,Carlow,Number,938.0
Population,2022,Male,Never smoked,40-44 years,Carlow,Number,1069.0
Population,2022,Male,Never smoked,45-49 years,Carlow,Number,918.0
Population,2022,Male,Never smoked,50-54 years,Carlow,Number,859.0
Population,2022,Male,Never smoked,55-59 years,Carlow,Number,781.0
Population,2022,Male,Never smoked,60-64 years,Carlow,Number,658.0
Population,2022,Male,Never smoked,65-69 years,Carlow,Number,608.0
Population,2022,Male,Never smoked,70-74 years,Carlow,Number,534.0
Population,2022,Male,Never smoked,75-79 years,Carlow,Number,369.0
Population,2022,Male,Never smoked,80-84 years,Carlow,Number,224.0
Population,2022,Male,Never smoked,85-89 years,Carlow,Number,
Population,2022,Male,Never smoked,95 years and over,Carlow,Number,
Population,2022,Male,Never smoked,All Ages,Dublin City,Number,144511.0
Population,2022,Male,Never smoked,0 - 14 years,Dublin City,Number,35745.0
Population,2022,Male,Never smoked,15-19 years,Dublin City,Number,10831.0
Population,2022,Male,Never smoked,20-24 years,Dublin City,Number,11944.0
Population,2022,Male,Never smoked,25-29 years,Dublin City,Number,14652.0
Population,2022,Male,Never smoked,30-34 years,Dublin City,Number,14140.0
Population,2022,Male,Never smoked,35-39 years,Dublin City,Number,11165.0
Population,2022,Male,Never smoked,40-44 years,Dublin City,Number,9035.0
Population,2022,Male,Never smoked,45-49 years,Dublin City,Number,7184.0
Population,2022,Male,Never smoked,50-54 years,Dublin City,Number,6437.0
Population,2022,Male,Never smoked,55-59 years,Dublin City,Number,5785.0
Population,2022,Male,Never smoked,60-64 years,Dublin City,Number,5026.0
Population,2022,Male,Never smoked,65-69 years,Dublin City,Number,3836.0
Population,2022,Male,Never smoked,70-74 years,Dublin City,Number,3107.0
Population,2022,Male,Never smoked,75-79 years,Dublin City,Number,2463.0
Population,2022,Male,Never smoked,80-84 years,Dublin City,Number,1662.0
Population,2022,Male,Never smoked,85-89 years,Dublin City,Number,1427.0
Population,2022,Male,Never smoked,95 years and over,Dublin City,Number,72.0
Population,2022,Male,Never smoked,All Ages,Dun Laoghaire-Rathdown,Number,70355.0
Population,2022,Male,Never smoked,0 - 14 years,Dun Laoghaire-Rathdown,Number,20284.0
Population,2022,Male,Never smoked,15-19 years,Dun Laoghaire-Rathdown,Number,6221.0
Population,2022,Male,Never smoked,20-24 years,Dun Laoghaire-Rathdown,Number,5204.0
Population,2022,Male,Never smoked,25-29 years,Dun Laoghaire-Rathdown,Number,4349.0
Population,2022,Male,Never smoked,30-34 years,Dun Laoghaire-Rathdown,Number,4322.0
Population,2022,Male,Never smoked,35-39 years,Dun Laoghaire-Rathdown,Number,4397.0
Population,2022,Male,Never smoked,40-44 years,Dun Laoghaire-Rathdown,Number,4460.0
Population,2022,Male,Never smoked,45-49 years,Dun Laoghaire-Rathdown,Number,3917.0
Population,2022,Male,Never smoked,50-54 years,Dun Laoghaire-Rathdown,Number,3387.0
Population,2022,Male,Never smoked,55-59 years,Dun Laoghaire-Rathdown,Number,3153.0
Population,2022,Male,Never smoked,60-64 years,Dun Laoghaire-Rathdown,Number,2785.0
Population,2022,Male,Never smoked,65-69 years,Dun Laoghaire-Rathdown,Number,2331.0
Population,2022,Male,Never smoked,70-74 years,Dun Laoghaire-Rathdown,Number,1932.0
Population,2022,Male,Never smoked,75-79 years,Dun Laoghaire-Rathdown,Number,1506.0
Population,2022,Male,Never smoked,80-84 years,Dun Laoghaire-Rathdown,Number,1141.0
Population,2022,Male,Never smoked,85-89 years,Dun Laoghaire-Rathdown,Number,913.0
Population,2022,Male,Never smoked,95 years and over,Dun Laoghaire-Rathdown,Number,53.0
Population,2022,Male,Never smoked,All Ages,Fingal,Number,97826.0
Population,2022,Male,Never smoked,0 - 14 years,Fingal,Number,33611.0
Population,2022,Male,Never smoked,15-19 years,Fingal,Number,9781.0
Population,2022,Male,Never smoked,20-24 years,Fingal,Number,6278.0
Population,2022,Male,Never smoked,25-29 years,Fingal,Number,4817.0
Population,2022,Male,Never smoked,30-34 years,Fingal,Number,5197.0
Population,2022,Male,Never smoked,35-39 years,Fingal,Number,6053.0
Population,2022,Male,Never smoked,40-44 years,Fingal,Number,6923.0
Population,2022,Male,Never smoked,45-49 years,Fingal,Number,6351.0
Population,2022,Male,Never smoked,50-54 years,Fingal,Number,4992.0
Population,2022,Male,Never smoked,55-59 years,Fingal,Number,3869.0
Population,2022,Male,Never smoked,60-64 years,Fingal,Number,2966.0
Population,2022,Male,Never smoked,65-69 years,Fingal,Number,2354.0
Population,2022,Male,Never smoked,70-74 years,Fingal,Number,1969.0
Population,2022,Male,Never smoked,75-79 years,Fingal,Number,1391.0
Population,2022,Male,Never smoked,80-84 years,Fingal,Number,775.0
Population,2022,Male,Never smoked,85-89 years,Fingal,Number,479.0
Population,2022,Male,Never smoked,95 years and over,Fingal,Number,20.0
Population,2022,Male,Never smoked,All Ages,South Dublin,Number,86195.0
Population,2022,Male,Never smoked,0 - 14 years,South Dublin,Number,28813.0
Population,2022,Male,Never smoked,15-19 years,South Dublin,Number,8705.0
Population,2022,Male,Never smoked,20-24 years,South Dublin,Number,5819.0
Population,2022,Male,Never smoked,25-29 years,South Dublin,Number,4737.0
Population,2022,Male,Never smoked,30-34 years,South Dublin,Number,4789.0
Population,2022,Male,Never smoked,35-39 years,South Dublin,Number,5439.0
Population,2022,Male,Never smoked,40-44 years,South Dublin,Number,5780.0
Population,2022,Male,Never smoked,45-49 years,South Dublin,Number,4788.0
Population,2022,Male,Never smoked,50-54 years,South Dublin,Number,4140.0
Population,2022,Male,Never smoked,55-59 years,South Dublin,Number,3283.0
Population,2022,Male,Never smoked,60-64 years,South Dublin,Number,2807.0
Population,2022,Male,Never smoked,65-69 years,South Dublin,Number,2278.0
Population,2022,Male,Never smoked,70-74 years,South Dublin,Number,2059.0
Population,2022,Male,Never smoked,75-79 years,South Dublin,Number,1349.0
Population,2022,Male,Never smoked,80-84 years,South Dublin,Number,809.0
Population,2022,Male,Never smoked,85-89 years,South Dublin,Number,577.0
Population,2022,Male,Never smoked,95 years and over,South Dublin,Number,23.0
Population,2022,Male,Never smoked,All Ages,Kildare,Number,74662.0
Population,2022,Male,Never smoked,0 - 14 years,Kildare,Number,25215.0
Population,2022,Male,Never smoked,15-19 years,Kildare,Number,8006.0
Population,2022,Male,Never smoked,20-24 years,Kildare,Number,4737.0
Population,2022,Male,Never smoked,25-29 years,Kildare,Number,3354.0
Population,2022,Male,Never smoked,30-34 years,Kildare,Number,3651.0
Population,2022,Male,Never smoked,35-39 years,Kildare,Number,4526.0
Population,2022,Male,Never smoked,40-44 years,Kildare,Number,4873.0
Population,2022,Male,Never smoked,45-49 years,Kildare,Number,4691.0
Population,2022,Male,Never smoked,50-54 years,Kildare,Number,4005.0
Population,2022,Male,Never smoked,55-59 years,Kildare,Number,3208.0
Population,2022,Male,Never smoked,60-64 years,Kildare,Number,2511.0
Population,2022,Male,Never smoked,65-69 years,Kildare,Number,2078.0
Population,2022,Male,Never smoked,70-74 years,Kildare,Number,1644.0
Population,2022,Male,Never smoked,75-79 years,Kildare,Number,1164.0
Population,2022,Male,Never smoked,80-84 years,Kildare,Number,553.0
Population,2022,Male,Never smoked,85-89 years,Kildare,Number,421.0
Population,2022,Male,Never smoked,95 years and over,Kildare,Number,25.0
Population,2022,Male,Never smoked,All Ages,Kilkenny,Number,30592.0
Population,2022,Male,Never smoked,0 - 14 years,Kilkenny,Number,9965.0
Population,2022,Male,Never smoked,15-19 years,Kilkenny,Number,3110.0
Population,2022,Male,Never smoked,20-24 years,Kilkenny,Number,1717.0
Population,2022,Male,Never smoked,25-29 years,Kilkenny,Number,1279.0
Population,2022,Male,Never smoked,30-34 years,Kilkenny,Number,1374.0
Population,2022,Male,Never smoked,35-39 years,Kilkenny,Number,1563.0
Population,2022,Male,Never smoked,40-44 years,Kilkenny,Number,1898.0
Population,2022,Male,Never smoked,45-49 years,Kilkenny,Number,1747.0
Population,2022,Male,Never smoked,50-54 years,Kilkenny,Number,1564.0
Population,2022,Male,Never smoked,55-59 years,Kilkenny,Number,1505.0
Population,2022,Male,Never smoked,60-64 years,Kilkenny,Number,1345.0
Population,2022,Male,Never smoked,65-69 years,Kilkenny,Number,1147.0
Population,2022,Male,Never smoked,70-74 years,Kilkenny,Number,934.0
Population,2022,Male,Never smoked,75-79 years,Kilkenny,Number,693.0
Population,2022,Male,Never smoked,80-84 years,Kilkenny,Number,436.0
Population,2022,Male,Never smoked,85-89 years,Kilkenny,Number,300.0
Population,2022,Male,Never smoked,95 years and over,Kilkenny,Number,15.0
Population,2022,Male,Never smoked,All Ages,Laois,Number,26819.0
Population,2022,Male,Never smoked,0 - 14 years,Laois,Number,9522.0
Population,2022,Male,Never smoked,15-19 years,Laois,Number,2857.0
Population,2022,Male,Never smoked,20-24 years,Laois,Number,1486.0
Population,2022,Male,Never smoked,25-29 years,Laois,Number,1091.0
Population,2022,Male,Never smoked,30-34 years,Laois,Number,1147.0
Population,2022,Male,Never smoked,35-39 years,Laois,Number,1519.0
Population,2022,Male,Never smoked,40-44 years,Laois,Number,1667.0
Population,2022,Male,Never smoked,45-49 years,Laois,Number,1512.0
Population,2022,Male,Never smoked,50-54 years,Laois,Number,1332.0
Population,2022,Male,Never smoked,55-59 years,Laois,Number,1191.0
Population,2022,Male,Never smoked,60-64 years,Laois,Number,1018.0
Population,2022,Male,Never smoked,65-69 years,Laois,Number,834.0
Population,2022,Male,Never smoked,70-74 years,Laois,Number,667.0
Population,2022,Male,Never smoked,75-79 years,Laois,Number,489.0
Population,2022,Male,Never smoked,80-84 years,Laois,Number,285.0
Population,2022,Male,Never smoked,85-89 years,Laois,Number,
Population,2022,Male,Never smoked,95 years and over,Laois,Number,
Population,2022,Male,Never smoked,All Ages,Longford,Number,12220.0
Population,2022,Male,Never smoked,0 - 14 years,Longford,Number,4310.0
Population,2022,Male,Never smoked,15-19 years,Longford,Number,1284.0
Population,2022,Male,Never smoked,20-24 years,Longford,Number,654.0
Population,2022,Male,Never smoked,25-29 years,Longford,Number,439.0
Population,2022,Male,Never smoked,30-34 years,Longford,Number,501.0
Population,2022,Male,Never smoked,35-39 years,Longford,Number,613.0
Population,2022,Male,Never smoked,40-44 years,Longford,Number,741.0
Population,2022,Male,Never smoked,45-49 years,Longford,Number,708.0
Population,2022,Male,Never smoked,50-54 years,Longford,Number,592.0
Population,2022,Male,Never smoked,55-59 years,Longford,Number,559.0
Population,2022,Male,Never smoked,60-64 years,Longford,Number,473.0
Population,2022,Male,Never smoked,65-69 years,Longford,Number,419.0
Population,2022,Male,Never smoked,70-74 years,Longford,Number,382.0
Population,2022,Male,Never smoked,75-79 years,Longford,Number,270.0
Population,2022,Male,Never smoked,80-84 years,Longford,Number,152.0
Population,2022,Male,Never smoked,85-89 years,Longford,Number,123.0
Population,2022,Male,Never smoked,95 years and over,Longford,Number,0.0
Population,2022,Male,Never smoked,All Ages,Louth,Number,39100.0
Population,2022,Male,Never smoked,0 - 14 years,Louth,Number,13153.0
Population,2022,Male,Never smoked,15-19 years,Louth,Number,4287.0
Population,2022,Male,Never smoked,20-24 years,Louth,Number,2730.0
Population,2022,Male,Never smoked,25-29 years,Louth,Number,1744.0
Population,2022,Male,Never smoked,30-34 years,Louth,Number,1852.0
Population,2022,Male,Never smoked,35-39 years,Louth,Number,2086.0
Population,2022,Male,Never smoked,40-44 years,Louth,Number,2170.0
Population,2022,Male,Never smoked,45-49 years,Louth,Number,2192.0
Population,2022,Male,Never smoked,50-54 years,Louth,Number,2034.0
Population,2022,Male,Never smoked,55-59 years,Louth,Number,1803.0
Population,2022,Male,Never smoked,60-64 years,Louth,Number,1428.0
Population,2022,Male,Never smoked,65-69 years,Louth,Number,1207.0
Population,2022,Male,Never smoked,70-74 years,Louth,Number,950.0
Population,2022,Male,Never smoked,75-79 years,Louth,Number,689.0
Population,2022,Male,Never smoked,80-84 years,Louth,Number,474.0
Population,2022,Male,Never smoked,85-89 years,Louth,Number,
Population,2022,Male,Never smoked,95 years and over,Louth,Number,
Population,2022,Male,Never smoked,All Ages,Meath,Number,67107.0
Population,2022,Male,Never smoked,0 - 14 years,Meath,Number,23563.0
Population,2022,Male,Never smoked,15-19 years,Meath,Number,7146.0
Population,2022,Male,Never smoked,20-24 years,Meath,Number,4280.0
Population,2022,Male,Never smoked,25-29 years,Meath,Number,2711.0
Population,2022,Male,Never smoked,30-34 years,Meath,Number,3115.0
Population,2022,Male,Never smoked,35-39 years,Meath,Number,3723.0
Population,2022,Male,Never smoked,40-44 years,Meath,Number,4217.0
Population,2022,Male,Never smoked,45-49 years,Meath,Number,4078.0
Population,2022,Male,Never smoked,50-54 years,Meath,Number,3606.0
Population,2022,Male,Never smoked,55-59 years,Meath,Number,3067.0
Population,2022,Male,Never smoked,60-64 years,Meath,Number,2281.0
Population,2022,Male,Never smoked,65-69 years,Meath,Number,1790.0
Population,2022,Male,Never smoked,70-74 years,Meath,Number,1501.0
Population,2022,Male,Never smoked,75-79 years,Meath,Number,986.0
Population,2022,Male,Never smoked,80-84 years,Meath,Number,596.0
Population,2022,Male,Never smoked,85-89 years,Meath,Number,431.0
Population,2022,Male,Never smoked,95 years and over,Meath,Number,16.0
Population,2022,Male,Never smoked,All Ages,Offaly,Number,23990.0
Population,2022,Male,Never smoked,0 - 14 years,Offaly,Number,7951.0
Population,2022,Male,Never smoked,15-19 years,Offaly,Number,2549.0
Population,2022,Male,Never smoked,20-24 years,Offaly,Number,1429.0
Population,2022,Male,Never smoked,25-29 years,Offaly,Number,980.0
Population,2022,Male,Never smoked,30-34 years,Offaly,Number,1022.0
Population,2022,Male,Never smoked,35-39 years,Offaly,Number,1236.0
Population,2022,Male,Never smoked,40-44 years,Offaly,Number,1396.0
Population,2022,Male,Never smoked,45-49 years,Offaly,Number,1404.0
Population,2022,Male,Never smoked,50-54 years,Offaly,Number,1259.0
Population,2022,Male,Never smoked,55-59 years,Offaly,Number,1175.0
Population,2022,Male,Never smoked,60-64 years,Offaly,Number,958.0
Population,2022,Male,Never smoked,65-69 years,Offaly,Number,838.0
Population,2022,Male,Never smoked,70-74 years,Offaly,Number,691.0
Population,2022,Male,Never smoked,75-79 years,Offaly,Number,516.0
Population,2022,Male,Never smoked,80-84 years,Offaly,Number,312.0
Population,2022,Male,Never smoked,85-89 years,Offaly,Number,262.0
Population,2022,Male,Never smoked,95 years and over,Offaly,Number,12.0
Population,2022,Male,Never smoked,All Ages,Westmeath,Number,26898.0
Population,2022,Male,Never smoked,0 - 14 years,Westmeath,Number,8907.0
Population,2022,Male,Never smoked,15-19 years,Westmeath,Number,2739.0
Population,2022,Male,Never smoked,20-24 years,Westmeath,Number,1688.0
Population,2022,Male,Never smoked,25-29 years,Westmeath,Number,1251.0
Population,2022,Male,Never smoked,30-34 years,Westmeath,Number,1304.0
Population,2022,Male,Never smoked,35-39 years,Westmeath,Number,1585.0
Population,2022,Male,Never smoked,40-44 years,Westmeath,Number,1620.0
Population,2022,Male,Never smoked,45-49 years,Westmeath,Number,1453.0
Population,2022,Male,Never smoked,50-54 years,Westmeath,Number,1318.0
Population,2022,Male,Never smoked,55-59 years,Westmeath,Number,1177.0
Population,2022,Male,Never smoked,60-64 years,Westmeath,Number,1102.0
Population,2022,Male,Never smoked,65-69 years,Westmeath,Number,902.0
Population,2022,Male,Never smoked,70-74 years,Westmeath,Number,742.0
Population,2022,Male,Never smoked,75-79 years,Westmeath,Number,512.0
Population,2022,Male,Never smoked,80-84 years,Westmeath,Number,330.0
Population,2022,Male,Never smoked,85-89 years,Westmeath,Number,254.0
Population,2022,Male,Never smoked,95 years and over,Westmeath,Number,14.0
Population,2022,Male,Never smoked,All Ages,Wexford,Number,44813.0
Population,2022,Male,Never smoked,0 - 14 years,Wexford,Number,15013.0
Population,2022,Male,Never smoked,15-19 years,Wexford,Number,4763.0
Population,2022,Male,Never smoked,20-24 years,Wexford,Number,2418.0
Population,2022,Male,Never smoked,25-29 years,Wexford,Number,1806.0
Population,2022,Male,Never smoked,30-34 years,Wexford,Number,1974.0
Population,2022,Male,Never smoked,35-39 years,Wexford,Number,2275.0
Population,2022,Male,Never smoked,40-44 years,Wexford,Number,2518.0
Population,2022,Male,Never smoked,45-49 years,Wexford,Number,2448.0
Population,2022,Male,Never smoked,50-54 years,Wexford,Number,2359.0
Population,2022,Male,Never smoked,55-59 years,Wexford,Number,2109.0
Population,2022,Male,Never smoked,60-64 years,Wexford,Number,1910.0
Population,2022,Male,Never smoked,65-69 years,Wexford,Number,1595.0
Population,2022,Male,Never smoked,70-74 years,Wexford,Number,1346.0
Population,2022,Male,Never smoked,75-79 years,Wexford,Number,1096.0
Population,2022,Male,Never smoked,80-84 years,Wexford,Number,699.0
Population,2022,Male,Never smoked,85-89 years,Wexford,Number,457.0
Population,2022,Male,Never smoked,95 years and over,Wexford,Number,27.0
Population,2022,Male,Never smoked,All Ages,Wicklow,Number,44961.0
Population,2022,Male,Never smoked,0 - 14 years,Wicklow,Number,15204.0
Population,2022,Male,Never smoked,15-19 years,Wicklow,Number,4558.0
Population,2022,Male,Never smoked,20-24 years,Wicklow,Number,2555.0
Population,2022,Male,Never smoked,25-29 years,Wicklow,Number,1781.0
Population,2022,Male,Never smoked,30-34 years,Wicklow,Number,1982.0
Population,2022,Male,Never smoked,35-39 years,Wicklow,Number,2432.0
Population,2022,Male,Never smoked,40-44 years,Wicklow,Number,2779.0
Population,2022,Male,Never smoked,45-49 years,Wicklow,Number,2736.0
Population,2022,Male,Never smoked,50-54 years,Wicklow,Number,2379.0
Population,2022,Male,Never smoked,55-59 years,Wicklow,Number,2089.0
Population,2022,Male,Never smoked,60-64 years,Wicklow,Number,1803.0
Population,2022,Male,Never smoked,65-69 years,Wicklow,Number,1464.0
Population,2022,Male,Never smoked,70-74 years,Wicklow,Number,1266.0
Population,2022,Male,Never smoked,75-79 years,Wicklow,Number,948.0
Population,2022,Male,Never smoked,80-84 years,Wicklow,Number,569.0
Population,2022,Male,Never smoked,85-89 years,Wicklow,Number,397.0
Population,2022,Male,Never smoked,95 years and over,Wicklow,Number,19.0
Population,2022,Male,Never smoked,All Ages,Clare,Number,35808.0
Population,2022,Male,Never smoked,0 - 14 years,Clare,Number,11265.0
Population,2022,Male,Never smoked,15-19 years,Clare,Number,3817.0
Population,2022,Male,Never smoked,20-24 years,Clare,Number,2212.0
Population,2022,Male,Never smoked,25-29 years,Clare,Number,1510.0
Population,2022,Male,Never smoked,30-34 years,Clare,Number,1539.0
Population,2022,Male,Never smoked,35-39 years,Clare,Number,1706.0
Population,2022,Male,Never smoked,40-44 years,Clare,Number,2043.0
Population,2022,Male,Never smoked,45-49 years,Clare,Number,1976.0
Population,2022,Male,Never smoked,50-54 years,Clare,Number,1863.0
Population,2022,Male,Never smoked,55-59 years,Clare,Number,1818.0
Population,2022,Male,Never smoked,60-64 years,Clare,Number,1639.0
Population,2022,Male,Never smoked,65-69 years,Clare,Number,1412.0
Population,2022,Male,Never smoked,70-74 years,Clare,Number,1199.0
Population,2022,Male,Never smoked,75-79 years,Clare,Number,883.0
Population,2022,Male,Never smoked,80-84 years,Clare,Number,540.0
Population,2022,Male,Never smoked,85-89 years,Clare,Number,
Population,2022,Male,Never smoked,95 years and over,Clare,Number,
Population,2022,Male,Never smoked,All Ages,Cork City,Number,60187.0
Population,2022,Male,Never smoked,0 - 14 years,Cork City,Number,16573.0
Population,2022,Male,Never smoked,15-19 years,Cork City,Number,5477.0
Population,2022,Male,Never smoked,20-24 years,Cork City,Number,4988.0
Population,2022,Male,Never smoked,25-29 years,Cork City,Number,4433.0
Population,2022,Male,Never smoked,30-34 years,Cork City,Number,4060.0
Population,2022,Male,Never smoked,35-39 years,Cork City,Number,3799.0
Population,2022,Male,Never smoked,40-44 years,Cork City,Number,3630.0
Population,2022,Male,Never smoked,45-49 years,Cork City,Number,3169.0
Population,2022,Male,Never smoked,50-54 years,Cork City,Number,2816.0
Population,2022,Male,Never smoked,55-59 years,Cork City,Number,2685.0
Population,2022,Male,Never smoked,60-64 years,Cork City,Number,2362.0
Population,2022,Male,Never smoked,65-69 years,Cork City,Number,1913.0
Population,2022,Male,Never smoked,70-74 years,Cork City,Number,1584.0
Population,2022,Male,Never smoked,75-79 years,Cork City,Number,1239.0
Population,2022,Male,Never smoked,80-84 years,Cork City,Number,833.0
Population,2022,Male,Never smoked,85-89 years,Cork City,Number,604.0
Population,2022,Male,Never smoked,95 years and over,Cork City,Number,22.0
Population,2022,Male,Never smoked,All Ages,Cork County,Number,107947.0
Population,2022,Male,Never smoked,0 - 14 years,Cork County,Number,36218.0
Population,2022,Male,Never smoked,15-19 years,Cork County,Number,10994.0
Population,2022,Male,Never smoked,20-24 years,Cork County,Number,5828.0
Population,2022,Male,Never smoked,25-29 years,Cork County,Number,4110.0
Population,2022,Male,Never smoked,30-34 years,Cork County,Number,4618.0
Population,2022,Male,Never smoked,35-39 years,Cork County,Number,5568.0
Population,2022,Male,Never smoked,40-44 years,Cork County,Number,6711.0
Population,2022,Male,Never smoked,45-49 years,Cork County,Number,6483.0
Population,2022,Male,Never smoked,50-54 years,Cork County,Number,5573.0
Population,2022,Male,Never smoked,55-59 years,Cork County,Number,5334.0
Population,2022,Male,Never smoked,60-64 years,Cork County,Number,4561.0
Population,2022,Male,Never smoked,65-69 years,Cork County,Number,3892.0
Population,2022,Male,Never smoked,70-74 years,Cork County,Number,3265.0
Population,2022,Male,Never smoked,75-79 years,Cork County,Number,2298.0
Population,2022,Male,Never smoked,80-84 years,Cork County,Number,1388.0
Population,2022,Male,Never smoked,85-89 years,Cork County,Number,1058.0
Population,2022,Male,Never smoked,95 years and over,Cork County,Number,48.0
Population,2022,Male,Never smoked,All Ages,Kerry,Number,43862.0
Population,2022,Male,Never smoked,0 - 14 years,Kerry,Number,13073.0
Population,2022,Male,Never smoked,15-19 years,Kerry,Number,4192.0
Population,2022,Male,Never smoked,20-24 years,Kerry,Number,2332.0
Population,2022,Male,Never smoked,25-29 years,Kerry,Number,1735.0
Population,2022,Male,Never smoked,30-34 years,Kerry,Number,1842.0
Population,2022,Male,Never smoked,35-39 years,Kerry,Number,2190.0
Population,2022,Male,Never smoked,40-44 years,Kerry,Number,2674.0
Population,2022,Male,Never smoked,45-49 years,Kerry,Number,2464.0
Population,2022,Male,Never smoked,50-54 years,Kerry,Number,2474.0
Population,2022,Male,Never smoked,55-59 years,Kerry,Number,2308.0
Population,2022,Male,Never smoked,60-64 years,Kerry,Number,2235.0
Population,2022,Male,Never smoked,65-69 years,Kerry,Number,2073.0
Population,2022,Male,Never smoked,70-74 years,Kerry,Number,1740.0
Population,2022,Male,Never smoked,75-79 years,Kerry,Number,1258.0
Population,2022,Male,Never smoked,80-84 years,Kerry,Number,756.0
Population,2022,Male,Never smoked,85-89 years,Kerry,Number,497.0
Population,2022,Male,Never smoked,95 years and over,Kerry,Number,19.0
Population,2022,Male,Never smoked,All Ages,Limerick City and County,Number,57746.0
Population,2022,Male,Never smoked,0 - 14 years,Limerick City and County,Number,17594.0
Population,2022,Male,Never smoked,15-19 years,Limerick City and County,Number,5796.0
Population,2022,Male,Never smoked,20-24 years,Limerick City and County,Number,4138.0
Population,2022,Male,Never smoked,25-29 years,Limerick City and County,Number,3099.0
Population,2022,Male,Never smoked,30-34 years,Limerick City and County,Number,2859.0
Population,2022,Male,Never smoked,35-39 years,Limerick City and County,Number,3119.0
Population,2022,Male,Never smoked,40-44 years,Limerick City and County,Number,3382.0
Population,2022,Male,Never smoked,45-49 years,Limerick City and County,Number,3210.0
Population,2022,Male,Never smoked,50-54 years,Limerick City and County,Number,2899.0
Population,2022,Male,Never smoked,55-59 years,Limerick City and County,Number,2697.0
Population,2022,Male,Never smoked,60-64 years,Limerick City and County,Number,2427.0
Population,2022,Male,Never smoked,65-69 years,Limerick City and County,Number,2125.0
Population,2022,Male,Never smoked,70-74 years,Limerick City and County,Number,1773.0
Population,2022,Male,Never smoked,75-79 years,Limerick City and County,Number,1264.0
Population,2022,Male,Never smoked,80-84 years,Limerick City and County,Number,791.0
Population,2022,Male,Never smoked,85-89 years,Limerick City and County,Number,549.0
Population,2022,Male,Never smoked,95 years and over,Limerick City and County,Number,24.0
Population,2022,Male,Never smoked,All Ages,Tipperary,Number,47772.0
Population,2022,Male,Never smoked,0 - 14 years,Tipperary,Number,15383.0
Population,2022,Male,Never smoked,15-19 years,Tipperary,Number,4770.0
Population,2022,Male,Never smoked,20-24 years,Tipperary,Number,2803.0
Population,2022,Male,Never smoked,25-29 years,Tipperary,Number,1970.0
Population,2022,Male,Never smoked,30-34 years,Tipperary,Number,2013.0
Population,2022,Male,Never smoked,35-39 years,Tipperary,Number,2323.0
Population,2022,Male,Never smoked,40-44 years,Tipperary,Number,2741.0
Population,2022,Male,Never smoked,45-49 years,Tipperary,Number,2703.0
Population,2022,Male,Never smoked,50-54 years,Tipperary,Number,2397.0
Population,2022,Male,Never smoked,55-59 years,Tipperary,Number,2506.0
Population,2022,Male,Never smoked,60-64 years,Tipperary,Number,2136.0
Population,2022,Male,Never smoked,65-69 years,Tipperary,Number,1936.0
Population,2022,Male,Never smoked,70-74 years,Tipperary,Number,1605.0
Population,2022,Male,Never smoked,75-79 years,Tipperary,Number,1157.0
Population,2022,Male,Never smoked,80-84 years,Tipperary,Number,701.0
Population,2022,Male,Never smoked,85-89 years,Tipperary,Number,599.0
Population,2022,Male,Never smoked,95 years and over,Tipperary,Number,29.0
Population,2022,Male,Never smoked,All Ages,Waterford City and County,Number,35683.0
Population,2022,Male,Never smoked,0 - 14 years,Waterford City and County,Number,11262.0
Population,2022,Male,Never smoked,15-19 years,Waterford City and County,Number,3690.0
Population,2022,Male,Never smoked,20-24 years,Waterford City and County,Number,2205.0
Population,2022,Male,Never smoked,25-29 years,Waterford City and County,Number,1524.0
Population,2022,Male,Never smoked,30-34 years,Waterford City and County,Number,1723.0
Population,2022,Male,Never smoked,35-39 years,Waterford City and County,Number,1810.0
Population,2022,Male,Never smoked,40-44 years,Waterford City and County,Number,2011.0
Population,2022,Male,Never smoked,45-49 years,Waterford City and County,Number,2002.0
Population,2022,Male,Never smoked,50-54 years,Waterford City and County,Number,1840.0
Population,2022,Male,Never smoked,55-59 years,Waterford City and County,Number,1857.0
Population,2022,Male,Never smoked,60-64 years,Waterford City and County,Number,1491.0
Population,2022,Male,Never smoked,65-69 years,Waterford City and County,Number,1326.0
Population,2022,Male,Never smoked,70-74 years,Waterford City and County,Number,1114.0
Population,2022,Male,Never smoked,75-79 years,Waterford City and County,Number,839.0
Population,2022,Male,Never smoked,80-84 years,Waterford City and County,Number,562.0
Population,2022,Male,Never smoked,85-89 years,Waterford City and County,Number,413.0
Population,2022,Male,Never smoked,95 years and over,Waterford City and County,Number,14.0
Population,2022,Male,Never smoked,All Ages,Galway City,Number,20702.0
Population,2022,Male,Never smoked,0 - 14 years,Galway City,Number,5539.0
Population,2022,Male,Never smoked,15-19 years,Galway City,Number,1909.0
Population,2022,Male,Never smoked,20-24 years,Galway City,Number,2186.0
Population,2022,Male,Never smoked,25-29 years,Galway City,Number,1721.0
Population,2022,Male,Never smoked,30-34 years,Galway City,Number,1500.0
Population,2022,Male,Never smoked,35-39 years,Galway City,Number,1329.0
Population,2022,Male,Never smoked,40-44 years,Galway City,Number,1356.0
Population,2022,Male,Never smoked,45-49 years,Galway City,Number,1023.0
Population,2022,Male,Never smoked,50-54 years,Galway City,Number,888.0
Population,2022,Male,Never smoked,55-59 years,Galway City,Number,814.0
Population,2022,Male,Never smoked,60-64 years,Galway City,Number,676.0
Population,2022,Male,Never smoked,65-69 years,Galway City,Number,567.0
Population,2022,Male,Never smoked,70-74 years,Galway City,Number,447.0
Population,2022,Male,Never smoked,75-79 years,Galway City,Number,349.0
Population,2022,Male,Never smoked,80-84 years,Galway City,Number,218.0
Population,2022,Male,Never smoked,85-89 years,Galway City,Number,173.0
Population,2022,Male,Never smoked,95 years and over,Galway City,Number,7.0
Population,2022,Male,Never smoked,All Ages,Galway County,Number,57893.0
Population,2022,Male,Never smoked,0 - 14 years,Galway County,Number,19097.0
Population,2022,Male,Never smoked,15-19 years,Galway County,Number,5939.0
Population,2022,Male,Never smoked,20-24 years,Galway County,Number,3020.0
Population,2022,Male,Never smoked,25-29 years,Galway County,Number,2073.0
Population,2022,Male,Never smoked,30-34 years,Galway County,Number,2339.0
Population,2022,Male,Never smoked,35-39 years,Galway County,Number,3150.0
Population,2022,Male,Never smoked,40-44 years,Galway County,Number,3637.0
Population,2022,Male,Never smoked,45-49 years,Galway County,Number,3500.0
Population,2022,Male,Never smoked,50-54 years,Galway County,Number,3072.0
Population,2022,Male,Never smoked,55-59 years,Galway County,Number,2905.0
Population,2022,Male,Never smoked,60-64 years,Galway County,Number,2528.0
Population,2022,Male,Never smoked,65-69 years,Galway County,Number,2181.0
Population,2022,Male,Never smoked,70-74 years,Galway County,Number,1766.0
Population,2022,Male,Never smoked,75-79 years,Galway County,Number,1245.0
Population,2022,Male,Never smoked,80-84 years,Galway County,Number,828.0
Population,2022,Male,Never smoked,85-89 years,Galway County,Number,585.0
Population,2022,Male,Never smoked,95 years and over,Galway County,Number,28.0
Population,2022,Male,Never smoked,All Ages,Leitrim,Number,10036.0
Population,2022,Male,Never smoked,0 - 14 years,Leitrim,Number,3322.0
Population,2022,Male,Never smoked,15-19 years,Leitrim,Number,1026.0
Population,2022,Male,Never smoked,20-24 years,Leitrim,Number,485.0
Population,2022,Male,Never smoked,25-29 years,Leitrim,Number,342.0
Population,2022,Male,Never smoked,30-34 years,Leitrim,Number,400.0
Population,2022,Male,Never smoked,35-39 years,Leitrim,Number,504.0
Population,2022,Male,Never smoked,40-44 years,Leitrim,Number,563.0
Population,2022,Male,Never smoked,45-49 years,Leitrim,Number,577.0
Population,2022,Male,Never smoked,50-54 years,Leitrim,Number,492.0
Population,2022,Male,Never smoked,55-59 years,Leitrim,Number,474.0
Population,2022,Male,Never smoked,60-64 years,Leitrim,Number,487.0
Population,2022,Male,Never smoked,65-69 years,Leitrim,Number,428.0
Population,2022,Male,Never smoked,70-74 years,Leitrim,Number,374.0
Population,2022,Male,Never smoked,75-79 years,Leitrim,Number,260.0
Population,2022,Male,Never smoked,80-84 years,Leitrim,Number,166.0
Population,2022,Male,Never smoked,85-89 years,Leitrim,Number,
Population,2022,Male,Never smoked,95 years and over,Leitrim,Number,
Population,2022,Male,Never smoked,All Ages,Mayo,Number,39057.0
Population,2022,Male,Never smoked,0 - 14 years,Mayo,Number,12383.0
Population,2022,Male,Never smoked,15-19 years,Mayo,Number,3761.0
Population,2022,Male,Never smoked,20-24 years,Mayo,Number,1942.0
Population,2022,Male,Never smoked,25-29 years,Mayo,Number,1507.0
Population,2022,Male,Never smoked,30-34 years,Mayo,Number,1694.0
Population,2022,Male,Never smoked,35-39 years,Mayo,Number,2042.0
Population,2022,Male,Never smoked,40-44 years,Mayo,Number,2138.0
Population,2022,Male,Never smoked,45-49 years,Mayo,Number,1979.0
Population,2022,Male,Never smoked,50-54 years,Mayo,Number,2029.0
Population,2022,Male,Never smoked,55-59 years,Mayo,Number,2069.0
Population,2022,Male,Never smoked,60-64 years,Mayo,Number,1872.0
Population,2022,Male,Never smoked,65-69 years,Mayo,Number,1790.0
Population,2022,Male,Never smoked,70-74 years,Mayo,Number,1576.0
Population,2022,Male,Never smoked,75-79 years,Mayo,Number,1102.0
Population,2022,Male,Never smoked,80-84 years,Mayo,Number,660.0
Population,2022,Male,Never smoked,85-89 years,Mayo,Number,495.0
Population,2022,Male,Never smoked,95 years and over,Mayo,Number,18.0
Population,2022,Male,Never smoked,All Ages,Roscommon,Number,20284.0
Population,2022,Male,Never smoked,0 - 14 years,Roscommon,Number,6559.0
Population,2022,Male,Never smoked,15-19 years,Roscommon,Number,2010.0
Population,2022,Male,Never smoked,20-24 years,Roscommon,Number,1032.0
Population,2022,Male,Never smoked,25-29 years,Roscommon,Number,720.0
Population,2022,Male,Never smoked,30-34 years,Roscommon,Number,828.0
Population,2022,Male,Never smoked,35-39 years,Roscommon,Number,1081.0
Population,2022,Male,Never smoked,40-44 years,Roscommon,Number,1178.0
Population,2022,Male,Never smoked,45-49 years,Roscommon,Number,1137.0
Population,2022,Male,Never smoked,50-54 years,Roscommon,Number,1017.0
Population,2022,Male,Never smoked,55-59 years,Roscommon,Number,1077.0
Population,2022,Male,Never smoked,60-64 years,Roscommon,Number,956.0
Population,2022,Male,Never smoked,65-69 years,Roscommon,Number,854.0
Population,2022,Male,Never smoked,70-74 years,Roscommon,Number,693.0
Population,2022,Male,Never smoked,75-79 years,Roscommon,Number,509.0
Population,2022,Male,Never smoked,80-84 years,Roscommon,Number,345.0
Population,2022,Male,Never smoked,85-89 years,Roscommon,Number,277.0
Population,2022,Male,Never smoked,95 years and over,Roscommon,Number,11.0
Population,2022,Male,Never smoked,All Ages,Sligo,Number,19720.0
Population,2022,Male,Never smoked,0 - 14 years,Sligo,Number,6371.0
Population,2022,Male,Never smoked,15-19 years,Sligo,Number,1923.0
Population,2022,Male,Never smoked,20-24 years,Sligo,Number,1189.0
Population,2022,Male,Never smoked,25-29 years,Sligo,Number,775.0
Population,2022,Male,Never smoked,30-34 years,Sligo,Number,806.0
Population,2022,Male,Never smoked,35-39 years,Sligo,Number,1060.0
Population,2022,Male,Never smoked,40-44 years,Sligo,Number,1161.0
Population,2022,Male,Never smoked,45-49 years,Sligo,Number,1069.0
Population,2022,Male,Never smoked,50-54 years,Sligo,Number,989.0
Population,2022,Male,Never smoked,55-59 years,Sligo,Number,956.0
Population,2022,Male,Never smoked,60-64 years,Sligo,Number,922.0
Population,2022,Male,Never smoked,65-69 years,Sligo,Number,814.0
Population,2022,Male,Never smoked,70-74 years,Sligo,Number,675.0
Population,2022,Male,Never smoked,75-79 years,Sligo,Number,487.0
Population,2022,Male,Never smoked,80-84 years,Sligo,Number,283.0
Population,2022,Male,Never smoked,85-89 years,Sligo,Number,231.0
Population,2022,Male,Never smoked,95 years and over,Sligo,Number,9.0
Population,2022,Male,Never smoked,All Ages,Cavan,Number,23581.0
Population,2022,Male,Never smoked,0 - 14 years,Cavan,Number,8165.0
Population,2022,Male,Never smoked,15-19 years,Cavan,Number,2387.0
Population,2022,Male,Never smoked,20-24 years,Cavan,Number,1278.0
Population,2022,Male,Never smoked,25-29 years,Cavan,Number,896.0
Population,2022,Male,Never smoked,30-34 years,Cavan,Number,1042.0
Population,2022,Male,Never smoked,35-39 years,Cavan,Number,1292.0
Population,2022,Male,Never smoked,40-44 years,Cavan,Number,1368.0
Population,2022,Male,Never smoked,45-49 years,Cavan,Number,1225.0
Population,2022,Male,Never smoked,50-54 years,Cavan,Number,1173.0
Population,2022,Male,Never smoked,55-59 years,Cavan,Number,1174.0
Population,2022,Male,Never smoked,60-64 years,Cavan,Number,1027.0
Population,2022,Male,Never smoked,65-69 years,Cavan,Number,813.0
Population,2022,Male,Never smoked,70-74 years,Cavan,Number,682.0
Population,2022,Male,Never smoked,75-79 years,Cavan,Number,492.0
Population,2022,Male,Never smoked,80-84 years,Cavan,Number,319.0
Population,2022,Male,Never smoked,85-89 years,Cavan,Number,239.0
Population,2022,Male,Never smoked,95 years and over,Cavan,Number,9.0
Population,2022,Male,Never smoked,All Ages,Donegal,Number,49604.0
Population,2022,Male,Never smoked,0 - 14 years,Donegal,Number,15983.0
Population,2022,Male,Never smoked,15-19 years,Donegal,Number,5007.0
Population,2022,Male,Never smoked,20-24 years,Donegal,Number,2849.0
Population,2022,Male,Never smoked,25-29 years,Donegal,Number,1992.0
Population,2022,Male,Never smoked,30-34 years,Donegal,Number,2275.0
Population,2022,Male,Never smoked,35-39 years,Donegal,Number,2626.0
Population,2022,Male,Never smoked,40-44 years,Donegal,Number,2961.0
Population,2022,Male,Never smoked,45-49 years,Donegal,Number,2875.0
Population,2022,Male,Never smoked,50-54 years,Donegal,Number,2653.0
Population,2022,Male,Never smoked,55-59 years,Donegal,Number,2557.0
Population,2022,Male,Never smoked,60-64 years,Donegal,Number,2073.0
Population,2022,Male,Never smoked,65-69 years,Donegal,Number,1789.0
Population,2022,Male,Never smoked,70-74 years,Donegal,Number,1536.0
Population,2022,Male,Never smoked,75-79 years,Donegal,Number,1166.0
Population,2022,Male,Never smoked,80-84 years,Donegal,Number,781.0
Population,2022,Male,Never smoked,85-89 years,Donegal,Number,457.0
Population,2022,Male,Never smoked,95 years and over,Donegal,Number,24.0
Population,2022,Male,Never smoked,All Ages,Monaghan,Number,20019.0
Population,2022,Male,Never smoked,0 - 14 years,Monaghan,Number,6762.0
Population,2022,Male,Never smoked,15-19 years,Monaghan,Number,1947.0
Population,2022,Male,Never smoked,20-24 years,Monaghan,Number,1149.0
Population,2022,Male,Never smoked,25-29 years,Monaghan,Number,873.0
Population,2022,Male,Never smoked,30-34 years,Monaghan,Number,864.0
Population,2022,Male,Never smoked,35-39 years,Monaghan,Number,1104.0
Population,2022,Male,Never smoked,40-44 years,Monaghan,Number,1171.0
Population,2022,Male,Never smoked,45-49 years,Monaghan,Number,1136.0
Population,2022,Male,Never smoked,50-54 years,Monaghan,Number,1031.0
Population,2022,Male,Never smoked,55-59 years,Monaghan,Number,909.0
Population,2022,Male,Never smoked,60-64 years,Monaghan,Number,843.0
Population,2022,Male,Never smoked,65-69 years,Monaghan,Number,714.0
Population,2022,Male,Never smoked,70-74 years,Monaghan,Number,619.0
Population,2022,Male,Never smoked,75-79 years,Monaghan,Number,442.0
Population,2022,Male,Never smoked,80-84 years,Monaghan,Number,249.0
Population,2022,Male,Never smoked,85-89 years,Monaghan,Number,
Population,2022,Male,Never smoked,95 years and over,Monaghan,Number,
Population,2022,Male,Not stated,All Ages,State,Number,198459.0
Population,2022,Male,Not stated,0 - 14 years,State,Number,51262.0
Population,2022,Male,Not stated,15-19 years,State,Number,11859.0
Population,2022,Male,Not stated,20-24 years,State,Number,12881.0
Population,2022,Male,Not stated,25-29 years,State,Number,12120.0
Population,2022,Male,Not stated,30-34 years,State,Number,14613.0
Population,2022,Male,Not stated,35-39 years,State,Number,15871.0
Population,2022,Male,Not stated,40-44 years,State,Number,16732.0
Population,2022,Male,Not stated,45-49 years,State,Number,13364.0
Population,2022,Male,Not stated,50-54 years,State,Number,11270.0
Population,2022,Male,Not stated,55-59 years,State,Number,8955.0
Population,2022,Male,Not stated,60-64 years,State,Number,7881.0
Population,2022,Male,Not stated,65-69 years,State,Number,6461.0
Population,2022,Male,Not stated,70-74 years,State,Number,5691.0
Population,2022,Male,Not stated,75-79 years,State,Number,4139.0
Population,2022,Male,Not stated,80-84 years,State,Number,2711.0
Population,2022,Male,Not stated,85-89 years,State,Number,2404.0
Population,2022,Male,Not stated,95 years and over,State,Number,245.0
Population,2022,Male,Not stated,All Ages,Carlow,Number,2311.0
Population,2022,Male,Not stated,0 - 14 years,Carlow,Number,599.0
Population,2022,Male,Not stated,15-19 years,Carlow,Number,144.0
Population,2022,Male,Not stated,20-24 years,Carlow,Number,190.0
Population,2022,Male,Not stated,25-29 years,Carlow,Number,151.0
Population,2022,Male,Not stated,30-34 years,Carlow,Number,173.0
Population,2022,Male,Not stated,35-39 years,Carlow,Number,188.0
Population,2022,Male,Not stated,40-44 years,Carlow,Number,169.0
Population,2022,Male,Not stated,45-49 years,Carlow,Number,146.0
Population,2022,Male,Not stated,50-54 years,Carlow,Number,106.0
Population,2022,Male,Not stated,55-59 years,Carlow,Number,107.0
Population,2022,Male,Not stated,60-64 years,Carlow,Number,97.0
Population,2022,Male,Not stated,65-69 years,Carlow,Number,61.0
Population,2022,Male,Not stated,70-74 years,Carlow,Number,69.0
Population,2022,Male,Not stated,75-79 years,Carlow,Number,46.0
Population,2022,Male,Not stated,80-84 years,Carlow,Number,36.0
Population,2022,Male,Not stated,85-89 years,Carlow,Number,
Population,2022,Male,Not stated,95 years and over,Carlow,Number,
Population,2022,Male,Not stated,All Ages,Dublin City,Number,43934.0
Population,2022,Male,Not stated,0 - 14 years,Dublin City,Number,8987.0
Population,2022,Male,Not stated,15-19 years,Dublin City,Number,2675.0
Population,2022,Male,Not stated,20-24 years,Dublin City,Number,3182.0
Population,2022,Male,Not stated,25-29 years,Dublin City,Number,3334.0
Population,2022,Male,Not stated,30-34 years,Dublin City,Number,4123.0
Population,2022,Male,Not stated,35-39 years,Dublin City,Number,4263.0
Population,2022,Male,Not stated,40-44 years,Dublin City,Number,4130.0
Population,2022,Male,Not stated,45-49 years,Dublin City,Number,3208.0
Population,2022,Male,Not stated,50-54 years,Dublin City,Number,2589.0
Population,2022,Male,Not stated,55-59 years,Dublin City,Number,1954.0
Population,2022,Male,Not stated,60-64 years,Dublin City,Number,1638.0
Population,2022,Male,Not stated,65-69 years,Dublin City,Number,1250.0
Population,2022,Male,Not stated,70-74 years,Dublin City,Number,1015.0
Population,2022,Male,Not stated,75-79 years,Dublin City,Number,709.0
Population,2022,Male,Not stated,80-84 years,Dublin City,Number,451.0
Population,2022,Male,Not stated,85-89 years,Dublin City,Number,371.0
Population,2022,Male,Not stated,95 years and over,Dublin City,Number,55.0
Population,2022,Male,Not stated,All Ages,Dun Laoghaire-Rathdown,Number,4312.0
Population,2022,Male,Not stated,0 - 14 years,Dun Laoghaire-Rathdown,Number,1098.0
Population,2022,Male,Not stated,15-19 years,Dun Laoghaire-Rathdown,Number,271.0
Population,2022,Male,Not stated,20-24 years,Dun Laoghaire-Rathdown,Number,282.0
Population,2022,Male,Not stated,25-29 years,Dun Laoghaire-Rathdown,Number,264.0
Population,2022,Male,Not stated,30-34 years,Dun Laoghaire-Rathdown,Number,287.0
Population,2022,Male,Not stated,35-39 years,Dun Laoghaire-Rathdown,Number,316.0
Population,2022,Male,Not stated,40-44 years,Dun Laoghaire-Rathdown,Number,335.0
Population,2022,Male,Not stated,45-49 years,Dun Laoghaire-Rathdown,Number,279.0
Population,2022,Male,Not stated,50-54 years,Dun Laoghaire-Rathdown,Number,269.0
Population,2022,Male,Not stated,55-59 years,Dun Laoghaire-Rathdown,Number,170.0
Population,2022,Male,Not stated,60-64 years,Dun Laoghaire-Rathdown,Number,175.0
Population,2022,Male,Not stated,65-69 years,Dun Laoghaire-Rathdown,Number,119.0
Population,2022,Male,Not stated,70-74 years,Dun Laoghaire-Rathdown,Number,139.0
Population,2022,Male,Not stated,75-79 years,Dun Laoghaire-Rathdown,Number,98.0
Population,2022,Male,Not stated,80-84 years,Dun Laoghaire-Rathdown,Number,99.0
Population,2022,Male,Not stated,85-89 years,Dun Laoghaire-Rathdown,Number,102.0
Population,2022,Male,Not stated,95 years and over,Dun Laoghaire-Rathdown,Number,9.0
Population,2022,Male,Not stated,All Ages,Fingal,Number,13674.0
Population,2022,Male,Not stated,0 - 14 years,Fingal,Number,4161.0
Population,2022,Male,Not stated,15-19 years,Fingal,Number,849.0
Population,2022,Male,Not stated,20-24 years,Fingal,Number,835.0
Population,2022,Male,Not stated,25-29 years,Fingal,Number,723.0
Population,2022,Male,Not stated,30-34 years,Fingal,Number,970.0
Population,2022,Male,Not stated,35-39 years,Fingal,Number,1133.0
Population,2022,Male,Not stated,40-44 years,Fingal,Number,1261.0
Population,2022,Male,Not stated,45-49 years,Fingal,Number,948.0
Population,2022,Male,Not stated,50-54 years,Fingal,Number,709.0
Population,2022,Male,Not stated,55-59 years,Fingal,Number,526.0
Population,2022,Male,Not stated,60-64 years,Fingal,Number,409.0
Population,2022,Male,Not stated,65-69 years,Fingal,Number,338.0
Population,2022,Male,Not stated,70-74 years,Fingal,Number,290.0
Population,2022,Male,Not stated,75-79 years,Fingal,Number,212.0
Population,2022,Male,Not stated,80-84 years,Fingal,Number,170.0
Population,2022,Male,Not stated,85-89 years,Fingal,Number,131.0
Population,2022,Male,Not stated,95 years and over,Fingal,Number,9.0
Population,2022,Male,Not stated,All Ages,South Dublin,Number,12003.0
Population,2022,Male,Not stated,0 - 14 years,South Dublin,Number,3893.0
Population,2022,Male,Not stated,15-19 years,South Dublin,Number,755.0
Population,2022,Male,Not stated,20-24 years,South Dublin,Number,863.0
Population,2022,Male,Not stated,25-29 years,South Dublin,Number,688.0
Population,2022,Male,Not stated,30-34 years,South Dublin,Number,768.0
Population,2022,Male,Not stated,35-39 years,South Dublin,Number,854.0
Population,2022,Male,Not stated,40-44 years,South Dublin,Number,986.0
Population,2022,Male,Not stated,45-49 years,South Dublin,Number,759.0
Population,2022,Male,Not stated,50-54 years,South Dublin,Number,594.0
Population,2022,Male,Not stated,55-59 years,South Dublin,Number,422.0
Population,2022,Male,Not stated,60-64 years,South Dublin,Number,374.0
Population,2022,Male,Not stated,65-69 years,South Dublin,Number,349.0
Population,2022,Male,Not stated,70-74 years,South Dublin,Number,268.0
Population,2022,Male,Not stated,75-79 years,South Dublin,Number,205.0
Population,2022,Male,Not stated,80-84 years,South Dublin,Number,114.0
Population,2022,Male,Not stated,85-89 years,South Dublin,Number,99.0
Population,2022,Male,Not stated,95 years and over,South Dublin,Number,12.0
Population,2022,Male,Not stated,All Ages,Kildare,Number,7092.0
Population,2022,Male,Not stated,0 - 14 years,Kildare,Number,1988.0
Population,2022,Male,Not stated,15-19 years,Kildare,Number,424.0
Population,2022,Male,Not stated,20-24 years,Kildare,Number,471.0
Population,2022,Male,Not stated,25-29 years,Kildare,Number,371.0
Population,2022,Male,Not stated,30-34 years,Kildare,Number,448.0
Population,2022,Male,Not stated,35-39 years,Kildare,Number,524.0
Population,2022,Male,Not stated,40-44 years,Kildare,Number,581.0
Population,2022,Male,Not stated,45-49 years,Kildare,Number,488.0
Population,2022,Male,Not stated,50-54 years,Kildare,Number,421.0
Population,2022,Male,Not stated,55-59 years,Kildare,Number,348.0
Population,2022,Male,Not stated,60-64 years,Kildare,Number,278.0
Population,2022,Male,Not stated,65-69 years,Kildare,Number,259.0
Population,2022,Male,Not stated,70-74 years,Kildare,Number,192.0
Population,2022,Male,Not stated,75-79 years,Kildare,Number,142.0
Population,2022,Male,Not stated,80-84 years,Kildare,Number,88.0
Population,2022,Male,Not stated,85-89 years,Kildare,Number,
Population,2022,Male,Not stated,95 years and over,Kildare,Number,
Population,2022,Male,Not stated,All Ages,Kilkenny,Number,2795.0
Population,2022,Male,Not stated,0 - 14 years,Kilkenny,Number,788.0
Population,2022,Male,Not stated,15-19 years,Kilkenny,Number,176.0
Population,2022,Male,Not stated,20-24 years,Kilkenny,Number,157.0
Population,2022,Male,Not stated,25-29 years,Kilkenny,Number,128.0
Population,2022,Male,Not stated,30-34 years,Kilkenny,Number,182.0
Population,2022,Male,Not stated,35-39 years,Kilkenny,Number,159.0
Population,2022,Male,Not stated,40-44 years,Kilkenny,Number,188.0
Population,2022,Male,Not stated,45-49 years,Kilkenny,Number,166.0
Population,2022,Male,Not stated,50-54 years,Kilkenny,Number,158.0
Population,2022,Male,Not stated,55-59 years,Kilkenny,Number,119.0
Population,2022,Male,Not stated,60-64 years,Kilkenny,Number,132.0
Population,2022,Male,Not stated,65-69 years,Kilkenny,Number,103.0
Population,2022,Male,Not stated,70-74 years,Kilkenny,Number,104.0
Population,2022,Male,Not stated,75-79 years,Kilkenny,Number,82.0
Population,2022,Male,Not stated,80-84 years,Kilkenny,Number,64.0
Population,2022,Male,Not stated,85-89 years,Kilkenny,Number,80.0
Population,2022,Male,Not stated,95 years and over,Kilkenny,Number,9.0
Population,2022,Male,Not stated,All Ages,Laois,Number,3248.0
Population,2022,Male,Not stated,0 - 14 years,Laois,Number,918.0
Population,2022,Male,Not stated,15-19 years,Laois,Number,188.0
Population,2022,Male,Not stated,20-24 years,Laois,Number,219.0
Population,2022,Male,Not stated,25-29 years,Laois,Number,212.0
Population,2022,Male,Not stated,30-34 years,Laois,Number,266.0
Population,2022,Male,Not stated,35-39 years,Laois,Number,285.0
Population,2022,Male,Not stated,40-44 years,Laois,Number,293.0
Population,2022,Male,Not stated,45-49 years,Laois,Number,198.0
Population,2022,Male,Not stated,50-54 years,Laois,Number,162.0
Population,2022,Male,Not stated,55-59 years,Laois,Number,135.0
Population,2022,Male,Not stated,60-64 years,Laois,Number,101.0
Population,2022,Male,Not stated,65-69 years,Laois,Number,100.0
Population,2022,Male,Not stated,70-74 years,Laois,Number,77.0
Population,2022,Male,Not stated,75-79 years,Laois,Number,44.0
Population,2022,Male,Not stated,80-84 years,Laois,Number,
Population,2022,Male,Not stated,85-89 years,Laois,Number,
Population,2022,Male,Not stated,95 years and over,Laois,Number,
Population,2022,Male,Not stated,All Ages,Longford,Number,3140.0
Population,2022,Male,Not stated,0 - 14 years,Longford,Number,647.0
Population,2022,Male,Not stated,15-19 years,Longford,Number,190.0
Population,2022,Male,Not stated,20-24 years,Longford,Number,287.0
Population,2022,Male,Not stated,25-29 years,Longford,Number,235.0
Population,2022,Male,Not stated,30-34 years,Longford,Number,267.0
Population,2022,Male,Not stated,35-39 years,Longford,Number,262.0
Population,2022,Male,Not stated,40-44 years,Longford,Number,281.0
Population,2022,Male,Not stated,45-49 years,Longford,Number,199.0
Population,2022,Male,Not stated,50-54 years,Longford,Number,191.0
Population,2022,Male,Not stated,55-59 years,Longford,Number,157.0
Population,2022,Male,Not stated,60-64 years,Longford,Number,132.0
Population,2022,Male,Not stated,65-69 years,Longford,Number,91.0
Population,2022,Male,Not stated,70-74 years,Longford,Number,75.0
Population,2022,Male,Not stated,75-79 years,Longford,Number,63.0
Population,2022,Male,Not stated,80-84 years,Longford,Number,32.0
Population,2022,Male,Not stated,85-89 years,Longford,Number,31.0
Population,2022,Male,Not stated,95 years and over,Longford,Number,0.0
Population,2022,Male,Not stated,All Ages,Louth,Number,5602.0
Population,2022,Male,Not stated,0 - 14 years,Louth,Number,1598.0
Population,2022,Male,Not stated,15-19 years,Louth,Number,356.0
Population,2022,Male,Not stated,20-24 years,Louth,Number,349.0
Population,2022,Male,Not stated,25-29 years,Louth,Number,294.0
Population,2022,Male,Not stated,30-34 years,Louth,Number,357.0
Population,2022,Male,Not stated,35-39 years,Louth,Number,376.0
Population,2022,Male,Not stated,40-44 years,Louth,Number,448.0
Population,2022,Male,Not stated,45-49 years,Louth,Number,371.0
Population,2022,Male,Not stated,50-54 years,Louth,Number,334.0
Population,2022,Male,Not stated,55-59 years,Louth,Number,277.0
Population,2022,Male,Not stated,60-64 years,Louth,Number,226.0
Population,2022,Male,Not stated,65-69 years,Louth,Number,181.0
Population,2022,Male,Not stated,70-74 years,Louth,Number,148.0
Population,2022,Male,Not stated,75-79 years,Louth,Number,125.0
Population,2022,Male,Not stated,80-84 years,Louth,Number,74.0
Population,2022,Male,Not stated,85-89 years,Louth,Number,76.0
Population,2022,Male,Not stated,95 years and over,Louth,Number,12.0
Population,2022,Male,Not stated,All Ages,Meath,Number,5821.0
Population,2022,Male,Not stated,0 - 14 years,Meath,Number,1886.0
Population,2022,Male,Not stated,15-19 years,Meath,Number,320.0
Population,2022,Male,Not stated,20-24 years,Meath,Number,354.0
Population,2022,Male,Not stated,25-29 years,Meath,Number,310.0
Population,2022,Male,Not stated,30-34 years,Meath,Number,364.0
Population,2022,Male,Not stated,35-39 years,Meath,Number,407.0
Population,2022,Male,Not stated,40-44 years,Meath,Number,410.0
Population,2022,Male,Not stated,45-49 years,Meath,Number,352.0
Population,2022,Male,Not stated,50-54 years,Meath,Number,317.0
Population,2022,Male,Not stated,55-59 years,Meath,Number,252.0
Population,2022,Male,Not stated,60-64 years,Meath,Number,208.0
Population,2022,Male,Not stated,65-69 years,Meath,Number,166.0
Population,2022,Male,Not stated,70-74 years,Meath,Number,161.0
Population,2022,Male,Not stated,75-79 years,Meath,Number,140.0
Population,2022,Male,Not stated,80-84 years,Meath,Number,77.0
Population,2022,Male,Not stated,85-89 years,Meath,Number,91.0
Population,2022,Male,Not stated,95 years and over,Meath,Number,6.0
Population,2022,Male,Not stated,All Ages,Offaly,Number,2813.0
Population,2022,Male,Not stated,0 - 14 years,Offaly,Number,836.0
Population,2022,Male,Not stated,15-19 years,Offaly,Number,193.0
Population,2022,Male,Not stated,20-24 years,Offaly,Number,157.0
Population,2022,Male,Not stated,25-29 years,Offaly,Number,141.0
Population,2022,Male,Not stated,30-34 years,Offaly,Number,173.0
Population,2022,Male,Not stated,35-39 years,Offaly,Number,184.0
Population,2022,Male,Not stated,40-44 years,Offaly,Number,197.0
Population,2022,Male,Not stated,45-49 years,Offaly,Number,160.0
Population,2022,Male,Not stated,50-54 years,Offaly,Number,156.0
Population,2022,Male,Not stated,55-59 years,Offaly,Number,108.0
Population,2022,Male,Not stated,60-64 years,Offaly,Number,124.0
Population,2022,Male,Not stated,65-69 years,Offaly,Number,108.0
Population,2022,Male,Not stated,70-74 years,Offaly,Number,114.0
Population,2022,Male,Not stated,75-79 years,Offaly,Number,59.0
Population,2022,Male,Not stated,80-84 years,Offaly,Number,53.0
Population,2022,Male,Not stated,85-89 years,Offaly,Number,
Population,2022,Male,Not stated,95 years and over,Offaly,Number,
Population,2022,Male,Not stated,All Ages,Westmeath,Number,3893.0
Population,2022,Male,Not stated,0 - 14 years,Westmeath,Number,1048.0
Population,2022,Male,Not stated,15-19 years,Westmeath,Number,224.0
Population,2022,Male,Not stated,20-24 years,Westmeath,Number,217.0
Population,2022,Male,Not stated,25-29 years,Westmeath,Number,216.0
Population,2022,Male,Not stated,30-34 years,Westmeath,Number,306.0
Population,2022,Male,Not stated,35-39 years,Westmeath,Number,324.0
Population,2022,Male,Not stated,40-44 years,Westmeath,Number,313.0
Population,2022,Male,Not stated,45-49 years,Westmeath,Number,257.0
Population,2022,Male,Not stated,50-54 years,Westmeath,Number,216.0
Population,2022,Male,Not stated,55-59 years,Westmeath,Number,173.0
Population,2022,Male,Not stated,60-64 years,Westmeath,Number,139.0
Population,2022,Male,Not stated,65-69 years,Westmeath,Number,141.0
Population,2022,Male,Not stated,70-74 years,Westmeath,Number,107.0
Population,2022,Male,Not stated,75-79 years,Westmeath,Number,82.0
Population,2022,Male,Not stated,80-84 years,Westmeath,Number,60.0
Population,2022,Male,Not stated,85-89 years,Westmeath,Number,
Population,2022,Male,Not stated,95 years and over,Westmeath,Number,
Population,2022,Male,Not stated,All Ages,Wexford,Number,4952.0
Population,2022,Male,Not stated,0 - 14 years,Wexford,Number,1462.0
Population,2022,Male,Not stated,15-19 years,Wexford,Number,277.0
Population,2022,Male,Not stated,20-24 years,Wexford,Number,297.0
Population,2022,Male,Not stated,25-29 years,Wexford,Number,252.0
Population,2022,Male,Not stated,30-34 years,Wexford,Number,318.0
Population,2022,Male,Not stated,35-39 years,Wexford,Number,325.0
Population,2022,Male,Not stated,40-44 years,Wexford,Number,371.0
Population,2022,Male,Not stated,45-49 years,Wexford,Number,297.0
Population,2022,Male,Not stated,50-54 years,Wexford,Number,281.0
Population,2022,Male,Not stated,55-59 years,Wexford,Number,234.0
Population,2022,Male,Not stated,60-64 years,Wexford,Number,214.0
Population,2022,Male,Not stated,65-69 years,Wexford,Number,157.0
Population,2022,Male,Not stated,70-74 years,Wexford,Number,180.0
Population,2022,Male,Not stated,75-79 years,Wexford,Number,134.0
Population,2022,Male,Not stated,80-84 years,Wexford,Number,77.0
Population,2022,Male,Not stated,85-89 years,Wexford,Number,69.0
Population,2022,Male,Not stated,95 years and over,Wexford,Number,7.0
Population,2022,Male,Not stated,All Ages,Wicklow,Number,4303.0
Population,2022,Male,Not stated,0 - 14 years,Wicklow,Number,1185.0
Population,2022,Male,Not stated,15-19 years,Wicklow,Number,254.0
Population,2022,Male,Not stated,20-24 years,Wicklow,Number,251.0
Population,2022,Male,Not stated,25-29 years,Wicklow,Number,253.0
Population,2022,Male,Not stated,30-34 years,Wicklow,Number,222.0
Population,2022,Male,Not stated,35-39 years,Wicklow,Number,279.0
Population,2022,Male,Not stated,40-44 years,Wicklow,Number,336.0
Population,2022,Male,Not stated,45-49 years,Wicklow,Number,304.0
Population,2022,Male,Not stated,50-54 years,Wicklow,Number,260.0
Population,2022,Male,Not stated,55-59 years,Wicklow,Number,212.0
Population,2022,Male,Not stated,60-64 years,Wicklow,Number,194.0
Population,2022,Male,Not stated,65-69 years,Wicklow,Number,157.0
Population,2022,Male,Not stated,70-74 years,Wicklow,Number,137.0
Population,2022,Male,Not stated,75-79 years,Wicklow,Number,118.0
Population,2022,Male,Not stated,80-84 years,Wicklow,Number,70.0
Population,2022,Male,Not stated,85-89 years,Wicklow,Number,63.0
Population,2022,Male,Not stated,95 years and over,Wicklow,Number,8.0
Population,2022,Male,Not stated,All Ages,Clare,Number,4474.0
Population,2022,Male,Not stated,0 - 14 years,Clare,Number,1223.0
Population,2022,Male,Not stated,15-19 years,Clare,Number,293.0
Population,2022,Male,Not stated,20-24 years,Clare,Number,284.0
Population,2022,Male,Not stated,25-29 years,Clare,Number,238.0
Population,2022,Male,Not stated,30-34 years,Clare,Number,241.0
Population,2022,Male,Not stated,35-39 years,Clare,Number,321.0
Population,2022,Male,Not stated,40-44 years,Clare,Number,338.0
Population,2022,Male,Not stated,45-49 years,Clare,Number,291.0
Population,2022,Male,Not stated,50-54 years,Clare,Number,260.0
Population,2022,Male,Not stated,55-59 years,Clare,Number,223.0
Population,2022,Male,Not stated,60-64 years,Clare,Number,201.0
Population,2022,Male,Not stated,65-69 years,Clare,Number,161.0
Population,2022,Male,Not stated,70-74 years,Clare,Number,152.0
Population,2022,Male,Not stated,75-79 years,Clare,Number,118.0
Population,2022,Male,Not stated,80-84 years,Clare,Number,66.0
Population,2022,Male,Not stated,85-89 years,Clare,Number,
Population,2022,Male,Not stated,95 years and over,Clare,Number,
Population,2022,Male,Not stated,All Ages,Cork City,Number,10098.0
Population,2022,Male,Not stated,0 - 14 years,Cork City,Number,2078.0
Population,2022,Male,Not stated,15-19 years,Cork City,Number,528.0
Population,2022,Male,Not stated,20-24 years,Cork City,Number,678.0
Population,2022,Male,Not stated,25-29 years,Cork City,Number,725.0
Population,2022,Male,Not stated,30-34 years,Cork City,Number,861.0
Population,2022,Male,Not stated,35-39 years,Cork City,Number,961.0
Population,2022,Male,Not stated,40-44 years,Cork City,Number,964.0
Population,2022,Male,Not stated,45-49 years,Cork City,Number,711.0
Population,2022,Male,Not stated,50-54 years,Cork City,Number,543.0
Population,2022,Male,Not stated,55-59 years,Cork City,Number,487.0
Population,2022,Male,Not stated,60-64 years,Cork City,Number,404.0
Population,2022,Male,Not stated,65-69 years,Cork City,Number,330.0
Population,2022,Male,Not stated,70-74 years,Cork City,Number,319.0
Population,2022,Male,Not stated,75-79 years,Cork City,Number,211.0
Population,2022,Male,Not stated,80-84 years,Cork City,Number,139.0
Population,2022,Male,Not stated,85-89 years,Cork City,Number,
Population,2022,Male,Not stated,95 years and over,Cork City,Number,
Population,2022,Male,Not stated,All Ages,Cork County,Number,9004.0
Population,2022,Male,Not stated,0 - 14 years,Cork County,Number,2496.0
Population,2022,Male,Not stated,15-19 years,Cork County,Number,560.0
Population,2022,Male,Not stated,20-24 years,Cork County,Number,535.0
Population,2022,Male,Not stated,25-29 years,Cork County,Number,448.0
Population,2022,Male,Not stated,30-34 years,Cork County,Number,492.0
Population,2022,Male,Not stated,35-39 years,Cork County,Number,607.0
Population,2022,Male,Not stated,40-44 years,Cork County,Number,724.0
Population,2022,Male,Not stated,45-49 years,Cork County,Number,592.0
Population,2022,Male,Not stated,50-54 years,Cork County,Number,531.0
Population,2022,Male,Not stated,55-59 years,Cork County,Number,443.0
Population,2022,Male,Not stated,60-64 years,Cork County,Number,414.0
Population,2022,Male,Not stated,65-69 years,Cork County,Number,318.0
Population,2022,Male,Not stated,70-74 years,Cork County,Number,313.0
Population,2022,Male,Not stated,75-79 years,Cork County,Number,237.0
Population,2022,Male,Not stated,80-84 years,Cork County,Number,143.0
Population,2022,Male,Not stated,85-89 years,Cork County,Number,
Population,2022,Male,Not stated,95 years and over,Cork County,Number,
Population,2022,Male,Not stated,All Ages,Kerry,Number,5069.0
Population,2022,Male,Not stated,0 - 14 years,Kerry,Number,1395.0
Population,2022,Male,Not stated,15-19 years,Kerry,Number,322.0
Population,2022,Male,Not stated,20-24 years,Kerry,Number,278.0
Population,2022,Male,Not stated,25-29 years,Kerry,Number,239.0
Population,2022,Male,Not stated,30-34 years,Kerry,Number,298.0
Population,2022,Male,Not stated,35-39 years,Kerry,Number,322.0
Population,2022,Male,Not stated,40-44 years,Kerry,Number,379.0
Population,2022,Male,Not stated,45-49 years,Kerry,Number,327.0
Population,2022,Male,Not stated,50-54 years,Kerry,Number,285.0
Population,2022,Male,Not stated,55-59 years,Kerry,Number,245.0
Population,2022,Male,Not stated,60-64 years,Kerry,Number,244.0
Population,2022,Male,Not stated,65-69 years,Kerry,Number,192.0
Population,2022,Male,Not stated,70-74 years,Kerry,Number,185.0
Population,2022,Male,Not stated,75-79 years,Kerry,Number,177.0
Population,2022,Male,Not stated,80-84 years,Kerry,Number,93.0
Population,2022,Male,Not stated,85-89 years,Kerry,Number,
Population,2022,Male,Not stated,95 years and over,Kerry,Number,
Population,2022,Male,Not stated,All Ages,Limerick City and County,Number,11020.0
Population,2022,Male,Not stated,0 - 14 years,Limerick City and County,Number,2447.0
Population,2022,Male,Not stated,15-19 years,Limerick City and County,Number,612.0
Population,2022,Male,Not stated,20-24 years,Limerick City and County,Number,639.0
Population,2022,Male,Not stated,25-29 years,Limerick City and County,Number,697.0
Population,2022,Male,Not stated,30-34 years,Limerick City and County,Number,845.0
Population,2022,Male,Not stated,35-39 years,Limerick City and County,Number,1025.0
Population,2022,Male,Not stated,40-44 years,Limerick City and County,Number,1012.0
Population,2022,Male,Not stated,45-49 years,Limerick City and County,Number,839.0
Population,2022,Male,Not stated,50-54 years,Limerick City and County,Number,677.0
Population,2022,Male,Not stated,55-59 years,Limerick City and County,Number,540.0
Population,2022,Male,Not stated,60-64 years,Limerick City and County,Number,471.0
Population,2022,Male,Not stated,65-69 years,Limerick City and County,Number,407.0
Population,2022,Male,Not stated,70-74 years,Limerick City and County,Number,325.0
Population,2022,Male,Not stated,75-79 years,Limerick City and County,Number,245.0
Population,2022,Male,Not stated,80-84 years,Limerick City and County,Number,127.0
Population,2022,Male,Not stated,85-89 years,Limerick City and County,Number,
Population,2022,Male,Not stated,95 years and over,Limerick City and County,Number,
Population,2022,Male,Not stated,All Ages,Tipperary,Number,5294.0
Population,2022,Male,Not stated,0 - 14 years,Tipperary,Number,1526.0
Population,2022,Male,Not stated,15-19 years,Tipperary,Number,292.0
Population,2022,Male,Not stated,20-24 years,Tipperary,Number,295.0
Population,2022,Male,Not stated,25-29 years,Tipperary,Number,284.0
Population,2022,Male,Not stated,30-34 years,Tipperary,Number,354.0
Population,2022,Male,Not stated,35-39 years,Tipperary,Number,356.0
Population,2022,Male,Not stated,40-44 years,Tipperary,Number,377.0
Population,2022,Male,Not stated,45-49 years,Tipperary,Number,311.0
Population,2022,Male,Not stated,50-54 years,Tipperary,Number,298.0
Population,2022,Male,Not stated,55-59 years,Tipperary,Number,271.0
Population,2022,Male,Not stated,60-64 years,Tipperary,Number,250.0
Population,2022,Male,Not stated,65-69 years,Tipperary,Number,230.0
Population,2022,Male,Not stated,70-74 years,Tipperary,Number,158.0
Population,2022,Male,Not stated,75-79 years,Tipperary,Number,124.0
Population,2022,Male,Not stated,80-84 years,Tipperary,Number,99.0
Population,2022,Male,Not stated,85-89 years,Tipperary,Number,
Population,2022,Male,Not stated,95 years and over,Tipperary,Number,
Population,2022,Male,Not stated,All Ages,Waterford City and County,Number,4952.0
Population,2022,Male,Not stated,0 - 14 years,Waterford City and County,Number,1185.0
Population,2022,Male,Not stated,15-19 years,Waterford City and County,Number,303.0
Population,2022,Male,Not stated,20-24 years,Waterford City and County,Number,284.0
Population,2022,Male,Not stated,25-29 years,Waterford City and County,Number,320.0
Population,2022,Male,Not stated,30-34 years,Waterford City and County,Number,347.0
Population,2022,Male,Not stated,35-39 years,Waterford City and County,Number,391.0
Population,2022,Male,Not stated,40-44 years,Waterford City and County,Number,424.0
Population,2022,Male,Not stated,45-49 years,Waterford City and County,Number,330.0
Population,2022,Male,Not stated,50-54 years,Waterford City and County,Number,269.0
Population,2022,Male,Not stated,55-59 years,Waterford City and County,Number,251.0
Population,2022,Male,Not stated,60-64 years,Waterford City and County,Number,218.0
Population,2022,Male,Not stated,65-69 years,Waterford City and County,Number,173.0
Population,2022,Male,Not stated,70-74 years,Waterford City and County,Number,162.0
Population,2022,Male,Not stated,75-79 years,Waterford City and County,Number,128.0
Population,2022,Male,Not stated,80-84 years,Waterford City and County,Number,
Population,2022,Male,Not stated,85-89 years,Waterford City and County,Number,84.0
Population,2022,Male,Not stated,95 years and over,Waterford City and County,Number,
Population,2022,Male,Not stated,All Ages,Galway City,Number,5068.0
Population,2022,Male,Not stated,0 - 14 years,Galway City,Number,1026.0
Population,2022,Male,Not stated,15-19 years,Galway City,Number,306.0
Population,2022,Male,Not stated,20-24 years,Galway City,Number,425.0
Population,2022,Male,Not stated,25-29 years,Galway City,Number,371.0
Population,2022,Male,Not stated,30-34 years,Galway City,Number,438.0
Population,2022,Male,Not stated,35-39 years,Galway City,Number,455.0
Population,2022,Male,Not stated,40-44 years,Galway City,Number,493.0
Population,2022,Male,Not stated,45-49 years,Galway City,Number,383.0
Population,2022,Male,Not stated,50-54 years,Galway City,Number,291.0
Population,2022,Male,Not stated,55-59 years,Galway City,Number,214.0
Population,2022,Male,Not stated,60-64 years,Galway City,Number,200.0
Population,2022,Male,Not stated,65-69 years,Galway City,Number,148.0
Population,2022,Male,Not stated,70-74 years,Galway City,Number,119.0
Population,2022,Male,Not stated,75-79 years,Galway City,Number,96.0
Population,2022,Male,Not stated,80-84 years,Galway City,Number,53.0
Population,2022,Male,Not stated,85-89 years,Galway City,Number,44.0
Population,2022,Male,Not stated,95 years and over,Galway City,Number,6.0
Population,2022,Male,Not stated,All Ages,Galway County,Number,5576.0
Population,2022,Male,Not stated,0 - 14 years,Galway County,Number,1620.0
Population,2022,Male,Not stated,15-19 years,Galway County,Number,327.0
Population,2022,Male,Not stated,20-24 years,Galway County,Number,323.0
Population,2022,Male,Not stated,25-29 years,Galway County,Number,267.0
Population,2022,Male,Not stated,30-34 years,Galway County,Number,348.0
Population,2022,Male,Not stated,35-39 years,Galway County,Number,349.0
Population,2022,Male,Not stated,40-44 years,Galway County,Number,421.0
Population,2022,Male,Not stated,45-49 years,Galway County,Number,340.0
Population,2022,Male,Not stated,50-54 years,Galway County,Number,311.0
Population,2022,Male,Not stated,55-59 years,Galway County,Number,278.0
Population,2022,Male,Not stated,60-64 years,Galway County,Number,237.0
Population,2022,Male,Not stated,65-69 years,Galway County,Number,222.0
Population,2022,Male,Not stated,70-74 years,Galway County,Number,207.0
Population,2022,Male,Not stated,75-79 years,Galway County,Number,129.0
Population,2022,Male,Not stated,80-84 years,Galway County,Number,102.0
Population,2022,Male,Not stated,85-89 years,Galway County,Number,85.0
Population,2022,Male,Not stated,95 years and over,Galway County,Number,10.0
Population,2022,Male,Not stated,All Ages,Leitrim,Number,933.0
Population,2022,Male,Not stated,0 - 14 years,Leitrim,Number,279.0
Population,2022,Male,Not stated,15-19 years,Leitrim,Number,43.0
Population,2022,Male,Not stated,20-24 years,Leitrim,Number,61.0
Population,2022,Male,Not stated,25-29 years,Leitrim,Number,36.0
Population,2022,Male,Not stated,30-34 years,Leitrim,Number,45.0
Population,2022,Male,Not stated,35-39 years,Leitrim,Number,66.0
Population,2022,Male,Not stated,40-44 years,Leitrim,Number,65.0
Population,2022,Male,Not stated,45-49 years,Leitrim,Number,57.0
Population,2022,Male,Not stated,50-54 years,Leitrim,Number,69.0
Population,2022,Male,Not stated,55-59 years,Leitrim,Number,39.0
Population,2022,Male,Not stated,60-64 years,Leitrim,Number,46.0
Population,2022,Male,Not stated,65-69 years,Leitrim,Number,45.0
Population,2022,Male,Not stated,70-74 years,Leitrim,Number,32.0
Population,2022,Male,Not stated,75-79 years,Leitrim,Number,22.0
Population,2022,Male,Not stated,80-84 years,Leitrim,Number,17.0
Population,2022,Male,Not stated,85-89 years,Leitrim,Number,11.0
Population,2022,Male,Not stated,95 years and over,Leitrim,Number,0.0
Population,2022,Male,Not stated,All Ages,Mayo,Number,3717.0
Population,2022,Male,Not stated,0 - 14 years,Mayo,Number,1080.0
Population,2022,Male,Not stated,15-19 years,Mayo,Number,195.0
Population,2022,Male,Not stated,20-24 years,Mayo,Number,188.0
Population,2022,Male,Not stated,25-29 years,Mayo,Number,172.0
Population,2022,Male,Not stated,30-34 years,Mayo,Number,238.0
Population,2022,Male,Not stated,35-39 years,Mayo,Number,210.0
Population,2022,Male,Not stated,40-44 years,Mayo,Number,253.0
Population,2022,Male,Not stated,45-49 years,Mayo,Number,218.0
Population,2022,Male,Not stated,50-54 years,Mayo,Number,202.0
Population,2022,Male,Not stated,55-59 years,Mayo,Number,177.0
Population,2022,Male,Not stated,60-64 years,Mayo,Number,175.0
Population,2022,Male,Not stated,65-69 years,Mayo,Number,164.0
Population,2022,Male,Not stated,70-74 years,Mayo,Number,172.0
Population,2022,Male,Not stated,75-79 years,Mayo,Number,115.0
Population,2022,Male,Not stated,80-84 years,Mayo,Number,79.0
Population,2022,Male,Not stated,85-89 years,Mayo,Number,73.0
Population,2022,Male,Not stated,95 years and over,Mayo,Number,6.0
Population,2022,Male,Not stated,All Ages,Roscommon,Number,2105.0
Population,2022,Male,Not stated,0 - 14 years,Roscommon,Number,603.0
Population,2022,Male,Not stated,15-19 years,Roscommon,Number,128.0
Population,2022,Male,Not stated,20-24 years,Roscommon,Number,117.0
Population,2022,Male,Not stated,25-29 years,Roscommon,Number,122.0
Population,2022,Male,Not stated,30-34 years,Roscommon,Number,130.0
Population,2022,Male,Not stated,35-39 years,Roscommon,Number,170.0
Population,2022,Male,Not stated,40-44 years,Roscommon,Number,143.0
Population,2022,Male,Not stated,45-49 years,Roscommon,Number,127.0
Population,2022,Male,Not stated,50-54 years,Roscommon,Number,109.0
Population,2022,Male,Not stated,55-59 years,Roscommon,Number,83.0
Population,2022,Male,Not stated,60-64 years,Roscommon,Number,95.0
Population,2022,Male,Not stated,65-69 years,Roscommon,Number,70.0
Population,2022,Male,Not stated,70-74 years,Roscommon,Number,74.0
Population,2022,Male,Not stated,75-79 years,Roscommon,Number,56.0
Population,2022,Male,Not stated,80-84 years,Roscommon,Number,40.0
Population,2022,Male,Not stated,85-89 years,Roscommon,Number,
Population,2022,Male,Not stated,95 years and over,Roscommon,Number,
Population,2022,Male,Not stated,All Ages,Sligo,Number,2218.0
Population,2022,Male,Not stated,0 - 14 years,Sligo,Number,502.0
Population,2022,Male,Not stated,15-19 years,Sligo,Number,109.0
Population,2022,Male,Not stated,20-24 years,Sligo,Number,129.0
Population,2022,Male,Not stated,25-29 years,Sligo,Number,135.0
Population,2022,Male,Not stated,30-34 years,Sligo,Number,146.0
Population,2022,Male,Not stated,35-39 years,Sligo,Number,167.0
Population,2022,Male,Not stated,40-44 years,Sligo,Number,186.0
Population,2022,Male,Not stated,45-49 years,Sligo,Number,178.0
Population,2022,Male,Not stated,50-54 years,Sligo,Number,140.0
Population,2022,Male,Not stated,55-59 years,Sligo,Number,101.0
Population,2022,Male,Not stated,60-64 years,Sligo,Number,102.0
Population,2022,Male,Not stated,65-69 years,Sligo,Number,86.0
Population,2022,Male,Not stated,70-74 years,Sligo,Number,92.0
Population,2022,Male,Not stated,75-79 years,Sligo,Number,56.0
Population,2022,Male,Not stated,80-84 years,Sligo,Number,48.0
Population,2022,Male,Not stated,85-89 years,Sligo,Number,34.0
Population,2022,Male,Not stated,95 years and over,Sligo,Number,7.0
Population,2022,Male,Not stated,All Ages,Cavan,Number,2710.0
Population,2022,Male,Not stated,0 - 14 years,Cavan,Number,867.0
Population,2022,Male,Not stated,15-19 years,Cavan,Number,137.0
Population,2022,Male,Not stated,20-24 years,Cavan,Number,151.0
Population,2022,Male,Not stated,25-29 years,Cavan,Number,149.0
Population,2022,Male,Not stated,30-34 years,Cavan,Number,152.0
Population,2022,Male,Not stated,35-39 years,Cavan,Number,186.0
Population,2022,Male,Not stated,40-44 years,Cavan,Number,203.0
Population,2022,Male,Not stated,45-49 years,Cavan,Number,160.0
Population,2022,Male,Not stated,50-54 years,Cavan,Number,141.0
Population,2022,Male,Not stated,55-59 years,Cavan,Number,118.0
Population,2022,Male,Not stated,60-64 years,Cavan,Number,122.0
Population,2022,Male,Not stated,65-69 years,Cavan,Number,92.0
Population,2022,Male,Not stated,70-74 years,Cavan,Number,87.0
Population,2022,Male,Not stated,75-79 years,Cavan,Number,56.0
Population,2022,Male,Not stated,80-84 years,Cavan,Number,43.0
Population,2022,Male,Not stated,85-89 years,Cavan,Number,40.0
Population,2022,Male,Not stated,95 years and over,Cavan,Number,6.0
Population,2022,Male,Not stated,All Ages,Donegal,Number,4638.0
Population,2022,Male,Not stated,0 - 14 years,Donegal,Number,1292.0
Population,2022,Male,Not stated,15-19 years,Donegal,Number,321.0
Population,2022,Male,Not stated,20-24 years,Donegal,Number,286.0
Population,2022,Male,Not stated,25-29 years,Donegal,Number,261.0
Population,2022,Male,Not stated,30-34 years,Donegal,Number,333.0
Population,2022,Male,Not stated,35-39 years,Donegal,Number,276.0
Population,2022,Male,Not stated,40-44 years,Donegal,Number,334.0
Population,2022,Male,Not stated,45-49 years,Donegal,Number,273.0
Population,2022,Male,Not stated,50-54 years,Donegal,Number,290.0
Population,2022,Male,Not stated,55-59 years,Donegal,Number,228.0
Population,2022,Male,Not stated,60-64 years,Donegal,Number,189.0
Population,2022,Male,Not stated,65-69 years,Donegal,Number,196.0
Population,2022,Male,Not stated,70-74 years,Donegal,Number,160.0
Population,2022,Male,Not stated,75-79 years,Donegal,Number,80.0
Population,2022,Male,Not stated,80-84 years,Donegal,Number,66.0
Population,2022,Male,Not stated,85-89 years,Donegal,Number,
Population,2022,Male,Not stated,95 years and over,Donegal,Number,
Population,2022,Male,Not stated,All Ages,Monaghan,Number,1690.0
Population,2022,Male,Not stated,0 - 14 years,Monaghan,Number,549.0
Population,2022,Male,Not stated,15-19 years,Monaghan,Number,87.0
Population,2022,Male,Not stated,20-24 years,Monaghan,Number,97.0
Population,2022,Male,Not stated,25-29 years,Monaghan,Number,84.0
Population,2022,Male,Not stated,30-34 years,Monaghan,Number,121.0
Population,2022,Male,Not stated,35-39 years,Monaghan,Number,130.0
Population,2022,Male,Not stated,40-44 years,Monaghan,Number,117.0
Population,2022,Male,Not stated,45-49 years,Monaghan,Number,95.0
Population,2022,Male,Not stated,50-54 years,Monaghan,Number,91.0
Population,2022,Male,Not stated,55-59 years,Monaghan,Number,63.0
Population,2022,Male,Not stated,60-64 years,Monaghan,Number,72.0
Population,2022,Male,Not stated,65-69 years,Monaghan,Number,47.0
Population,2022,Male,Not stated,70-74 years,Monaghan,Number,58.0
Population,2022,Male,Not stated,75-79 years,Monaghan,Number,30.0
Population,2022,Male,Not stated,80-84 years,Monaghan,Number,26.0
Population,2022,Male,Not stated,85-89 years,Monaghan,Number,
Population,2022,Male,Not stated,95 years and over,Monaghan,Number,
Population,2022,Female,Smoke daily,All Ages,State,Number,196209.0
Population,2022,Female,Smoke daily,0 - 14 years,State,Number,269.0
Population,2022,Female,Smoke daily,15-19 years,State,Number,3280.0
Population,2022,Female,Smoke daily,20-24 years,State,Number,12296.0
Population,2022,Female,Smoke daily,25-29 years,State,Number,15814.0
Population,2022,Female,Smoke daily,30-34 years,State,Number,18236.0
Population,2022,Female,Smoke daily,35-39 years,State,Number,21316.0
Population,2022,Female,Smoke daily,40-44 years,State,Number,21733.0
Population,2022,Female,Smoke daily,45-49 years,State,Number,19876.0
Population,2022,Female,Smoke daily,50-54 years,State,Number,19804.0
Population,2022,Female,Smoke daily,55-59 years,State,Number,18169.0
Population,2022,Female,Smoke daily,60-64 years,State,Number,15974.0
Population,2022,Female,Smoke daily,65-69 years,State,Number,12115.0
Population,2022,Female,Smoke daily,70-74 years,State,Number,8342.0
Population,2022,Female,Smoke daily,75-79 years,State,Number,5114.0
Population,2022,Female,Smoke daily,80-84 years,State,Number,2427.0
Population,2022,Female,Smoke daily,85-89 years,State,Number,1382.0
Population,2022,Female,Smoke daily,95 years and over,State,Number,62.0
Population,2022,Female,Smoke daily,All Ages,Carlow,Number,2840.0
Population,2022,Female,Smoke daily,0 - 14 years,Carlow,Number,
Population,2022,Female,Smoke daily,15-19 years,Carlow,Number,60.0
Population,2022,Female,Smoke daily,20-24 years,Carlow,Number,187.0
Population,2022,Female,Smoke daily,25-29 years,Carlow,Number,250.0
Population,2022,Female,Smoke daily,30-34 years,Carlow,Number,271.0
Population,2022,Female,Smoke daily,35-39 years,Carlow,Number,327.0
Population,2022,Female,Smoke daily,40-44 years,Carlow,Number,324.0
Population,2022,Female,Smoke daily,45-49 years,Carlow,Number,306.0
Population,2022,Female,Smoke daily,50-54 years,Carlow,Number,272.0
Population,2022,Female,Smoke daily,55-59 years,Carlow,Number,248.0
Population,2022,Female,Smoke daily,60-64 years,Carlow,Number,222.0
Population,2022,Female,Smoke daily,65-69 years,Carlow,Number,159.0
Population,2022,Female,Smoke daily,70-74 years,Carlow,Number,102.0
Population,2022,Female,Smoke daily,75-79 years,Carlow,Number,69.0
Population,2022,Female,Smoke daily,80-84 years,Carlow,Number,30.0
Population,2022,Female,Smoke daily,85-89 years,Carlow,Number,
Population,2022,Female,Smoke daily,95 years and over,Carlow,Number,0.0
Population,2022,Female,Smoke daily,All Ages,Dublin City,Number,25197.0
Population,2022,Female,Smoke daily,0 - 14 years,Dublin City,Number,
Population,2022,Female,Smoke daily,15-19 years,Dublin City,Number,318.0
Population,2022,Female,Smoke daily,20-24 years,Dublin City,Number,1670.0
Population,2022,Female,Smoke daily,25-29 years,Dublin City,Number,2367.0
Population,2022,Female,Smoke daily,30-34 years,Dublin City,Number,2598.0
Population,2022,Female,Smoke daily,35-39 years,Dublin City,Number,2508.0
Population,2022,Female,Smoke daily,40-44 years,Dublin City,Number,2429.0
Population,2022,Female,Smoke daily,45-49 years,Dublin City,Number,2280.0
Population,2022,Female,Smoke daily,50-54 years,Dublin City,Number,2520.0
Population,2022,Female,Smoke daily,55-59 years,Dublin City,Number,2368.0
Population,2022,Female,Smoke daily,60-64 years,Dublin City,Number,2072.0
Population,2022,Female,Smoke daily,65-69 years,Dublin City,Number,1589.0
Population,2022,Female,Smoke daily,70-74 years,Dublin City,Number,1115.0
Population,2022,Female,Smoke daily,75-79 years,Dublin City,Number,683.0
Population,2022,Female,Smoke daily,80-84 years,Dublin City,Number,399.0
Population,2022,Female,Smoke daily,85-89 years,Dublin City,Number,246.0
Population,2022,Female,Smoke daily,95 years and over,Dublin City,Number,
Population,2022,Female,Smoke daily,All Ages,Dun Laoghaire-Rathdown,Number,6340.0
Population,2022,Female,Smoke daily,0 - 14 years,Dun Laoghaire-Rathdown,Number,
Population,2022,Female,Smoke daily,15-19 years,Dun Laoghaire-Rathdown,Number,123.0
Population,2022,Female,Smoke daily,20-24 years,Dun Laoghaire-Rathdown,Number,453.0
Population,2022,Female,Smoke daily,25-29 years,Dun Laoghaire-Rathdown,Number,518.0
Population,2022,Female,Smoke daily,30-34 years,Dun Laoghaire-Rathdown,Number,473.0
Population,2022,Female,Smoke daily,35-39 years,Dun Laoghaire-Rathdown,Number,537.0
Population,2022,Female,Smoke daily,40-44 years,Dun Laoghaire-Rathdown,Number,586.0
Population,2022,Female,Smoke daily,45-49 years,Dun Laoghaire-Rathdown,Number,592.0
Population,2022,Female,Smoke daily,50-54 years,Dun Laoghaire-Rathdown,Number,588.0
Population,2022,Female,Smoke daily,55-59 years,Dun Laoghaire-Rathdown,Number,650.0
Population,2022,Female,Smoke daily,60-64 years,Dun Laoghaire-Rathdown,Number,581.0
Population,2022,Female,Smoke daily,65-69 years,Dun Laoghaire-Rathdown,Number,488.0
Population,2022,Female,Smoke daily,70-74 years,Dun Laoghaire-Rathdown,Number,339.0
Population,2022,Female,Smoke daily,75-79 years,Dun Laoghaire-Rathdown,Number,225.0
Population,2022,Female,Smoke daily,80-84 years,Dun Laoghaire-Rathdown,Number,115.0
Population,2022,Female,Smoke daily,85-89 years,Dun Laoghaire-Rathdown,Number,61.0
Population,2022,Female,Smoke daily,95 years and over,Dun Laoghaire-Rathdown,Number,
Population,2022,Female,Smoke daily,All Ages,Fingal,Number,10938.0
Population,2022,Female,Smoke daily,0 - 14 years,Fingal,Number,
Population,2022,Female,Smoke daily,15-19 years,Fingal,Number,171.0
Population,2022,Female,Smoke daily,20-24 years,Fingal,Number,634.0
Population,2022,Female,Smoke daily,25-29 years,Fingal,Number,858.0
Population,2022,Female,Smoke daily,30-34 years,Fingal,Number,1064.0
Population,2022,Female,Smoke daily,35-39 years,Fingal,Number,1296.0
Population,2022,Female,Smoke daily,40-44 years,Fingal,Number,1394.0
Population,2022,Female,Smoke daily,45-49 years,Fingal,Number,1221.0
Population,2022,Female,Smoke daily,50-54 years,Fingal,Number,1084.0
Population,2022,Female,Smoke daily,55-59 years,Fingal,Number,997.0
Population,2022,Female,Smoke daily,60-64 years,Fingal,Number,835.0
Population,2022,Female,Smoke daily,65-69 years,Fingal,Number,618.0
Population,2022,Female,Smoke daily,70-74 years,Fingal,Number,370.0
Population,2022,Female,Smoke daily,75-79 years,Fingal,Number,246.0
Population,2022,Female,Smoke daily,80-84 years,Fingal,Number,90.0
Population,2022,Female,Smoke daily,85-89 years,Fingal,Number,
Population,2022,Female,Smoke daily,95 years and over,Fingal,Number,
Population,2022,Female,Smoke daily,All Ages,South Dublin,Number,12342.0
Population,2022,Female,Smoke daily,0 - 14 years,South Dublin,Number,
Population,2022,Female,Smoke daily,15-19 years,South Dublin,Number,156.0
Population,2022,Female,Smoke daily,20-24 years,South Dublin,Number,705.0
Population,2022,Female,Smoke daily,25-29 years,South Dublin,Number,941.0
Population,2022,Female,Smoke daily,30-34 years,South Dublin,Number,1149.0
Population,2022,Female,Smoke daily,35-39 years,South Dublin,Number,1445.0
Population,2022,Female,Smoke daily,40-44 years,South Dublin,Number,1457.0
Population,2022,Female,Smoke daily,45-49 years,South Dublin,Number,1258.0
Population,2022,Female,Smoke daily,50-54 years,South Dublin,Number,1202.0
Population,2022,Female,Smoke daily,55-59 years,South Dublin,Number,1115.0
Population,2022,Female,Smoke daily,60-64 years,South Dublin,Number,1030.0
Population,2022,Female,Smoke daily,65-69 years,South Dublin,Number,864.0
Population,2022,Female,Smoke daily,70-74 years,South Dublin,Number,590.0
Population,2022,Female,Smoke daily,75-79 years,South Dublin,Number,253.0
Population,2022,Female,Smoke daily,80-84 years,South Dublin,Number,106.0
Population,2022,Female,Smoke daily,85-89 years,South Dublin,Number,55.0
Population,2022,Female,Smoke daily,95 years and over,South Dublin,Number,
Population,2022,Female,Smoke daily,All Ages,Kildare,Number,8863.0
Population,2022,Female,Smoke daily,0 - 14 years,Kildare,Number,
Population,2022,Female,Smoke daily,15-19 years,Kildare,Number,157.0
Population,2022,Female,Smoke daily,20-24 years,Kildare,Number,598.0
Population,2022,Female,Smoke daily,25-29 years,Kildare,Number,746.0
Population,2022,Female,Smoke daily,30-34 years,Kildare,Number,822.0
Population,2022,Female,Smoke daily,35-39 years,Kildare,Number,1047.0
Population,2022,Female,Smoke daily,40-44 years,Kildare,Number,1075.0
Population,2022,Female,Smoke daily,45-49 years,Kildare,Number,982.0
Population,2022,Female,Smoke daily,50-54 years,Kildare,Number,878.0
Population,2022,Female,Smoke daily,55-59 years,Kildare,Number,792.0
Population,2022,Female,Smoke daily,60-64 years,Kildare,Number,621.0
Population,2022,Female,Smoke daily,65-69 years,Kildare,Number,500.0
Population,2022,Female,Smoke daily,70-74 years,Kildare,Number,311.0
Population,2022,Female,Smoke daily,75-79 years,Kildare,Number,190.0
Population,2022,Female,Smoke daily,80-84 years,Kildare,Number,77.0
Population,2022,Female,Smoke daily,85-89 years,Kildare,Number,
Population,2022,Female,Smoke daily,95 years and over,Kildare,Number,
Population,2022,Female,Smoke daily,All Ages,Kilkenny,Number,3891.0
Population,2022,Female,Smoke daily,0 - 14 years,Kilkenny,Number,
Population,2022,Female,Smoke daily,15-19 years,Kilkenny,Number,58.0
Population,2022,Female,Smoke daily,20-24 years,Kilkenny,Number,197.0
Population,2022,Female,Smoke daily,25-29 years,Kilkenny,Number,295.0
Population,2022,Female,Smoke daily,30-34 years,Kilkenny,Number,337.0
Population,2022,Female,Smoke daily,35-39 years,Kilkenny,Number,417.0
Population,2022,Female,Smoke daily,40-44 years,Kilkenny,Number,423.0
Population,2022,Female,Smoke daily,45-49 years,Kilkenny,Number,436.0
Population,2022,Female,Smoke daily,50-54 years,Kilkenny,Number,409.0
Population,2022,Female,Smoke daily,55-59 years,Kilkenny,Number,382.0
Population,2022,Female,Smoke daily,60-64 years,Kilkenny,Number,356.0
Population,2022,Female,Smoke daily,65-69 years,Kilkenny,Number,250.0
Population,2022,Female,Smoke daily,70-74 years,Kilkenny,Number,143.0
Population,2022,Female,Smoke daily,75-79 years,Kilkenny,Number,100.0
Population,2022,Female,Smoke daily,80-84 years,Kilkenny,Number,49.0
Population,2022,Female,Smoke daily,85-89 years,Kilkenny,Number,
Population,2022,Female,Smoke daily,95 years and over,Kilkenny,Number,
Population,2022,Female,Smoke daily,All Ages,Laois,Number,3795.0
Population,2022,Female,Smoke daily,0 - 14 years,Laois,Number,
Population,2022,Female,Smoke daily,15-19 years,Laois,Number,69.0
Population,2022,Female,Smoke daily,20-24 years,Laois,Number,214.0
Population,2022,Female,Smoke daily,25-29 years,Laois,Number,277.0
Population,2022,Female,Smoke daily,30-34 years,Laois,Number,365.0
Population,2022,Female,Smoke daily,35-39 years,Laois,Number,480.0
Population,2022,Female,Smoke daily,40-44 years,Laois,Number,487.0
Population,2022,Female,Smoke daily,45-49 years,Laois,Number,401.0
Population,2022,Female,Smoke daily,50-54 years,Laois,Number,398.0
Population,2022,Female,Smoke daily,55-59 years,Laois,Number,332.0
Population,2022,Female,Smoke daily,60-64 years,Laois,Number,274.0
Population,2022,Female,Smoke daily,65-69 years,Laois,Number,201.0
Population,2022,Female,Smoke daily,70-74 years,Laois,Number,130.0
Population,2022,Female,Smoke daily,75-79 years,Laois,Number,105.0
Population,2022,Female,Smoke daily,80-84 years,Laois,Number,35.0
Population,2022,Female,Smoke daily,85-89 years,Laois,Number,18.0
Population,2022,Female,Smoke daily,95 years and over,Laois,Number,
Population,2022,Female,Smoke daily,All Ages,Longford,Number,1940.0
Population,2022,Female,Smoke daily,0 - 14 years,Longford,Number,
Population,2022,Female,Smoke daily,15-19 years,Longford,Number,31.0
Population,2022,Female,Smoke daily,20-24 years,Longford,Number,112.0
Population,2022,Female,Smoke daily,25-29 years,Longford,Number,158.0
Population,2022,Female,Smoke daily,30-34 years,Longford,Number,223.0
Population,2022,Female,Smoke daily,35-39 years,Longford,Number,225.0
Population,2022,Female,Smoke daily,40-44 years,Longford,Number,224.0
Population,2022,Female,Smoke daily,45-49 years,Longford,Number,190.0
Population,2022,Female,Smoke daily,50-54 years,Longford,Number,198.0
Population,2022,Female,Smoke daily,55-59 years,Longford,Number,168.0
Population,2022,Female,Smoke daily,60-64 years,Longford,Number,146.0
Population,2022,Female,Smoke daily,65-69 years,Longford,Number,105.0
Population,2022,Female,Smoke daily,70-74 years,Longford,Number,73.0
Population,2022,Female,Smoke daily,75-79 years,Longford,Number,47.0
Population,2022,Female,Smoke daily,80-84 years,Longford,Number,23.0
Population,2022,Female,Smoke daily,85-89 years,Longford,Number,
Population,2022,Female,Smoke daily,95 years and over,Longford,Number,0.0
Population,2022,Female,Smoke daily,All Ages,Louth,Number,5926.0
Population,2022,Female,Smoke daily,0 - 14 years,Louth,Number,9.0
Population,2022,Female,Smoke daily,15-19 years,Louth,Number,113.0
Population,2022,Female,Smoke daily,20-24 years,Louth,Number,361.0
Population,2022,Female,Smoke daily,25-29 years,Louth,Number,424.0
Population,2022,Female,Smoke daily,30-34 years,Louth,Number,549.0
Population,2022,Female,Smoke daily,35-39 years,Louth,Number,710.0
Population,2022,Female,Smoke daily,40-44 years,Louth,Number,673.0
Population,2022,Female,Smoke daily,45-49 years,Louth,Number,637.0
Population,2022,Female,Smoke daily,50-54 years,Louth,Number,620.0
Population,2022,Female,Smoke daily,55-59 years,Louth,Number,494.0
Population,2022,Female,Smoke daily,60-64 years,Louth,Number,460.0
Population,2022,Female,Smoke daily,65-69 years,Louth,Number,347.0
Population,2022,Female,Smoke daily,70-74 years,Louth,Number,271.0
Population,2022,Female,Smoke daily,75-79 years,Louth,Number,160.0
Population,2022,Female,Smoke daily,80-84 years,Louth,Number,62.0
Population,2022,Female,Smoke daily,85-89 years,Louth,Number,36.0
Population,2022,Female,Smoke daily,95 years and over,Louth,Number,0.0
Population,2022,Female,Smoke daily,All Ages,Meath,Number,7860.0
Population,2022,Female,Smoke daily,0 - 14 years,Meath,Number,
Population,2022,Female,Smoke daily,15-19 years,Meath,Number,131.0
Population,2022,Female,Smoke daily,20-24 years,Meath,Number,405.0
Population,2022,Female,Smoke daily,25-29 years,Meath,Number,551.0
Population,2022,Female,Smoke daily,30-34 years,Meath,Number,800.0
Population,2022,Female,Smoke daily,35-39 years,Meath,Number,920.0
Population,2022,Female,Smoke daily,40-44 years,Meath,Number,954.0
Population,2022,Female,Smoke daily,45-49 years,Meath,Number,911.0
Population,2022,Female,Smoke daily,50-54 years,Meath,Number,802.0
Population,2022,Female,Smoke daily,55-59 years,Meath,Number,671.0
Population,2022,Female,Smoke daily,60-64 years,Meath,Number,621.0
Population,2022,Female,Smoke daily,65-69 years,Meath,Number,460.0
Population,2022,Female,Smoke daily,70-74 years,Meath,Number,322.0
Population,2022,Female,Smoke daily,75-79 years,Meath,Number,192.0
Population,2022,Female,Smoke daily,80-84 years,Meath,Number,69.0
Population,2022,Female,Smoke daily,85-89 years,Meath,Number,
Population,2022,Female,Smoke daily,95 years and over,Meath,Number,
Population,2022,Female,Smoke daily,All Ages,Offaly,Number,3650.0
Population,2022,Female,Smoke daily,0 - 14 years,Offaly,Number,
Population,2022,Female,Smoke daily,15-19 years,Offaly,Number,54.0
Population,2022,Female,Smoke daily,20-24 years,Offaly,Number,198.0
Population,2022,Female,Smoke daily,25-29 years,Offaly,Number,289.0
Population,2022,Female,Smoke daily,30-34 years,Offaly,Number,370.0
Population,2022,Female,Smoke daily,35-39 years,Offaly,Number,428.0
Population,2022,Female,Smoke daily,40-44 years,Offaly,Number,437.0
Population,2022,Female,Smoke daily,45-49 years,Offaly,Number,353.0
Population,2022,Female,Smoke daily,50-54 years,Offaly,Number,356.0
Population,2022,Female,Smoke daily,55-59 years,Offaly,Number,343.0
Population,2022,Female,Smoke daily,60-64 years,Offaly,Number,310.0
Population,2022,Female,Smoke daily,65-69 years,Offaly,Number,206.0
Population,2022,Female,Smoke daily,70-74 years,Offaly,Number,137.0
Population,2022,Female,Smoke daily,75-79 years,Offaly,Number,98.0
Population,2022,Female,Smoke daily,80-84 years,Offaly,Number,39.0
Population,2022,Female,Smoke daily,85-89 years,Offaly,Number,24.0
Population,2022,Female,Smoke daily,95 years and over,Offaly,Number,
Population,2022,Female,Smoke daily,All Ages,Westmeath,Number,4139.0
Population,2022,Female,Smoke daily,0 - 14 years,Westmeath,Number,
Population,2022,Female,Smoke daily,15-19 years,Westmeath,Number,83.0
Population,2022,Female,Smoke daily,20-24 years,Westmeath,Number,258.0
Population,2022,Female,Smoke daily,25-29 years,Westmeath,Number,369.0
Population,2022,Female,Smoke daily,30-34 years,Westmeath,Number,413.0
Population,2022,Female,Smoke daily,35-39 years,Westmeath,Number,436.0
Population,2022,Female,Smoke daily,40-44 years,Westmeath,Number,445.0
Population,2022,Female,Smoke daily,45-49 years,Westmeath,Number,409.0
Population,2022,Female,Smoke daily,50-54 years,Westmeath,Number,429.0
Population,2022,Female,Smoke daily,55-59 years,Westmeath,Number,382.0
Population,2022,Female,Smoke daily,60-64 years,Westmeath,Number,334.0
Population,2022,Female,Smoke daily,65-69 years,Westmeath,Number,242.0
Population,2022,Female,Smoke daily,70-74 years,Westmeath,Number,164.0
Population,2022,Female,Smoke daily,75-79 years,Westmeath,Number,89.0
Population,2022,Female,Smoke daily,80-84 years,Westmeath,Number,53.0
Population,2022,Female,Smoke daily,85-89 years,Westmeath,Number,
Population,2022,Female,Smoke daily,95 years and over,Westmeath,Number,0.0
Population,2022,Female,Smoke daily,All Ages,Wexford,Number,7640.0
Population,2022,Female,Smoke daily,0 - 14 years,Wexford,Number,
Population,2022,Female,Smoke daily,15-19 years,Wexford,Number,105.0
Population,2022,Female,Smoke daily,20-24 years,Wexford,Number,467.0
Population,2022,Female,Smoke daily,25-29 years,Wexford,Number,630.0
Population,2022,Female,Smoke daily,30-34 years,Wexford,Number,723.0
Population,2022,Female,Smoke daily,35-39 years,Wexford,Number,857.0
Population,2022,Female,Smoke daily,40-44 years,Wexford,Number,911.0
Population,2022,Female,Smoke daily,45-49 years,Wexford,Number,753.0
Population,2022,Female,Smoke daily,50-54 years,Wexford,Number,780.0
Population,2022,Female,Smoke daily,55-59 years,Wexford,Number,723.0
Population,2022,Female,Smoke daily,60-64 years,Wexford,Number,616.0
Population,2022,Female,Smoke daily,65-69 years,Wexford,Number,417.0
Population,2022,Female,Smoke daily,70-74 years,Wexford,Number,308.0
Population,2022,Female,Smoke daily,75-79 years,Wexford,Number,172.0
Population,2022,Female,Smoke daily,80-84 years,Wexford,Number,102.0
Population,2022,Female,Smoke daily,85-89 years,Wexford,Number,
Population,2022,Female,Smoke daily,95 years and over,Wexford,Number,
Population,2022,Female,Smoke daily,All Ages,Wicklow,Number,5958.0
Population,2022,Female,Smoke daily,0 - 14 years,Wicklow,Number,
Population,2022,Female,Smoke daily,15-19 years,Wicklow,Number,103.0
Population,2022,Female,Smoke daily,20-24 years,Wicklow,Number,358.0
Population,2022,Female,Smoke daily,25-29 years,Wicklow,Number,408.0
Population,2022,Female,Smoke daily,30-34 years,Wicklow,Number,521.0
Population,2022,Female,Smoke daily,35-39 years,Wicklow,Number,678.0
Population,2022,Female,Smoke daily,40-44 years,Wicklow,Number,654.0
Population,2022,Female,Smoke daily,45-49 years,Wicklow,Number,618.0
Population,2022,Female,Smoke daily,50-54 years,Wicklow,Number,641.0
Population,2022,Female,Smoke daily,55-59 years,Wicklow,Number,611.0
Population,2022,Female,Smoke daily,60-64 years,Wicklow,Number,487.0
Population,2022,Female,Smoke daily,65-69 years,Wicklow,Number,350.0
Population,2022,Female,Smoke daily,70-74 years,Wicklow,Number,269.0
Population,2022,Female,Smoke daily,75-79 years,Wicklow,Number,157.0
Population,2022,Female,Smoke daily,80-84 years,Wicklow,Number,66.0
Population,2022,Female,Smoke daily,85-89 years,Wicklow,Number,28.0
Population,2022,Female,Smoke daily,95 years and over,Wicklow,Number,
Population,2022,Female,Smoke daily,All Ages,Clare,Number,4664.0
Population,2022,Female,Smoke daily,0 - 14 years,Clare,Number,
Population,2022,Female,Smoke daily,15-19 years,Clare,Number,77.0
Population,2022,Female,Smoke daily,20-24 years,Clare,Number,270.0
Population,2022,Female,Smoke daily,25-29 years,Clare,Number,338.0
Population,2022,Female,Smoke daily,30-34 years,Clare,Number,408.0
Population,2022,Female,Smoke daily,35-39 years,Clare,Number,450.0
Population,2022,Female,Smoke daily,40-44 years,Clare,Number,499.0
Population,2022,Female,Smoke daily,45-49 years,Clare,Number,502.0
Population,2022,Female,Smoke daily,50-54 years,Clare,Number,520.0
Population,2022,Female,Smoke daily,55-59 years,Clare,Number,485.0
Population,2022,Female,Smoke daily,60-64 years,Clare,Number,377.0
Population,2022,Female,Smoke daily,65-69 years,Clare,Number,280.0
Population,2022,Female,Smoke daily,70-74 years,Clare,Number,231.0
Population,2022,Female,Smoke daily,75-79 years,Clare,Number,126.0
Population,2022,Female,Smoke daily,80-84 years,Clare,Number,61.0
Population,2022,Female,Smoke daily,85-89 years,Clare,Number,30.0
Population,2022,Female,Smoke daily,95 years and over,Clare,Number,
Population,2022,Female,Smoke daily,All Ages,Cork City,Number,9423.0
Population,2022,Female,Smoke daily,0 - 14 years,Cork City,Number,
Population,2022,Female,Smoke daily,15-19 years,Cork City,Number,176.0
Population,2022,Female,Smoke daily,20-24 years,Cork City,Number,813.0
Population,2022,Female,Smoke daily,25-29 years,Cork City,Number,938.0
Population,2022,Female,Smoke daily,30-34 years,Cork City,Number,914.0
Population,2022,Female,Smoke daily,35-39 years,Cork City,Number,958.0
Population,2022,Female,Smoke daily,40-44 years,Cork City,Number,974.0
Population,2022,Female,Smoke daily,45-49 years,Cork City,Number,784.0
Population,2022,Female,Smoke daily,50-54 years,Cork City,Number,896.0
Population,2022,Female,Smoke daily,55-59 years,Cork City,Number,846.0
Population,2022,Female,Smoke daily,60-64 years,Cork City,Number,788.0
Population,2022,Female,Smoke daily,65-69 years,Cork City,Number,541.0
Population,2022,Female,Smoke daily,70-74 years,Cork City,Number,395.0
Population,2022,Female,Smoke daily,75-79 years,Cork City,Number,196.0
Population,2022,Female,Smoke daily,80-84 years,Cork City,Number,123.0
Population,2022,Female,Smoke daily,85-89 years,Cork City,Number,68.0
Population,2022,Female,Smoke daily,95 years and over,Cork City,Number,
Population,2022,Female,Smoke daily,All Ages,Cork County,Number,12313.0
Population,2022,Female,Smoke daily,0 - 14 years,Cork County,Number,
Population,2022,Female,Smoke daily,15-19 years,Cork County,Number,242.0
Population,2022,Female,Smoke daily,20-24 years,Cork County,Number,702.0
Population,2022,Female,Smoke daily,25-29 years,Cork County,Number,907.0
Population,2022,Female,Smoke daily,30-34 years,Cork County,Number,1108.0
Population,2022,Female,Smoke daily,35-39 years,Cork County,Number,1387.0
Population,2022,Female,Smoke daily,40-44 years,Cork County,Number,1461.0
Population,2022,Female,Smoke daily,45-49 years,Cork County,Number,1344.0
Population,2022,Female,Smoke daily,50-54 years,Cork County,Number,1268.0
Population,2022,Female,Smoke daily,55-59 years,Cork County,Number,1156.0
Population,2022,Female,Smoke daily,60-64 years,Cork County,Number,950.0
Population,2022,Female,Smoke daily,65-69 years,Cork County,Number,754.0
Population,2022,Female,Smoke daily,70-74 years,Cork County,Number,455.0
Population,2022,Female,Smoke daily,75-79 years,Cork County,Number,299.0
Population,2022,Female,Smoke daily,80-84 years,Cork County,Number,168.0
Population,2022,Female,Smoke daily,85-89 years,Cork County,Number,
Population,2022,Female,Smoke daily,95 years and over,Cork County,Number,
Population,2022,Female,Smoke daily,All Ages,Kerry,Number,5707.0
Population,2022,Female,Smoke daily,0 - 14 years,Kerry,Number,
Population,2022,Female,Smoke daily,15-19 years,Kerry,Number,86.0
Population,2022,Female,Smoke daily,20-24 years,Kerry,Number,312.0
Population,2022,Female,Smoke daily,25-29 years,Kerry,Number,421.0
Population,2022,Female,Smoke daily,30-34 years,Kerry,Number,499.0
Population,2022,Female,Smoke daily,35-39 years,Kerry,Number,614.0
Population,2022,Female,Smoke daily,40-44 years,Kerry,Number,633.0
Population,2022,Female,Smoke daily,45-49 years,Kerry,Number,566.0
Population,2022,Female,Smoke daily,50-54 years,Kerry,Number,635.0
Population,2022,Female,Smoke daily,55-59 years,Kerry,Number,548.0
Population,2022,Female,Smoke daily,60-64 years,Kerry,Number,490.0
Population,2022,Female,Smoke daily,65-69 years,Kerry,Number,390.0
Population,2022,Female,Smoke daily,70-74 years,Kerry,Number,233.0
Population,2022,Female,Smoke daily,75-79 years,Kerry,Number,154.0
Population,2022,Female,Smoke daily,80-84 years,Kerry,Number,67.0
Population,2022,Female,Smoke daily,85-89 years,Kerry,Number,46.0
Population,2022,Female,Smoke daily,95 years and over,Kerry,Number,
Population,2022,Female,Smoke daily,All Ages,Limerick City and County,Number,8369.0
Population,2022,Female,Smoke daily,0 - 14 years,Limerick City and County,Number,
Population,2022,Female,Smoke daily,15-19 years,Limerick City and County,Number,127.0
Population,2022,Female,Smoke daily,20-24 years,Limerick City and County,Number,577.0
Population,2022,Female,Smoke daily,25-29 years,Limerick City and County,Number,674.0
Population,2022,Female,Smoke daily,30-34 years,Limerick City and County,Number,728.0
Population,2022,Female,Smoke daily,35-39 years,Limerick City and County,Number,919.0
Population,2022,Female,Smoke daily,40-44 years,Limerick City and County,Number,907.0
Population,2022,Female,Smoke daily,45-49 years,Limerick City and County,Number,805.0
Population,2022,Female,Smoke daily,50-54 years,Limerick City and County,Number,845.0
Population,2022,Female,Smoke daily,55-59 years,Limerick City and County,Number,758.0
Population,2022,Female,Smoke daily,60-64 years,Limerick City and County,Number,687.0
Population,2022,Female,Smoke daily,65-69 years,Limerick City and County,Number,525.0
Population,2022,Female,Smoke daily,70-74 years,Limerick City and County,Number,403.0
Population,2022,Female,Smoke daily,75-79 years,Limerick City and County,Number,248.0
Population,2022,Female,Smoke daily,80-84 years,Limerick City and County,Number,105.0
Population,2022,Female,Smoke daily,85-89 years,Limerick City and County,Number,53.0
Population,2022,Female,Smoke daily,95 years and over,Limerick City and County,Number,
Population,2022,Female,Smoke daily,All Ages,Tipperary,Number,7132.0
Population,2022,Female,Smoke daily,0 - 14 years,Tipperary,Number,
Population,2022,Female,Smoke daily,15-19 years,Tipperary,Number,133.0
Population,2022,Female,Smoke daily,20-24 years,Tipperary,Number,404.0
Population,2022,Female,Smoke daily,25-29 years,Tipperary,Number,551.0
Population,2022,Female,Smoke daily,30-34 years,Tipperary,Number,596.0
Population,2022,Female,Smoke daily,35-39 years,Tipperary,Number,783.0
Population,2022,Female,Smoke daily,40-44 years,Tipperary,Number,817.0
Population,2022,Female,Smoke daily,45-49 years,Tipperary,Number,780.0
Population,2022,Female,Smoke daily,50-54 years,Tipperary,Number,688.0
Population,2022,Female,Smoke daily,55-59 years,Tipperary,Number,699.0
Population,2022,Female,Smoke daily,60-64 years,Tipperary,Number,612.0
Population,2022,Female,Smoke daily,65-69 years,Tipperary,Number,427.0
Population,2022,Female,Smoke daily,70-74 years,Tipperary,Number,289.0
Population,2022,Female,Smoke daily,75-79 years,Tipperary,Number,195.0
Population,2022,Female,Smoke daily,80-84 years,Tipperary,Number,93.0
Population,2022,Female,Smoke daily,85-89 years,Tipperary,Number,52.0
Population,2022,Female,Smoke daily,95 years and over,Tipperary,Number,
Population,2022,Female,Smoke daily,All Ages,Waterford City and County,Number,5135.0
Population,2022,Female,Smoke daily,0 - 14 years,Waterford City and County,Number,
Population,2022,Female,Smoke daily,15-19 years,Waterford City and County,Number,98.0
Population,2022,Female,Smoke daily,20-24 years,Waterford City and County,Number,350.0
Population,2022,Female,Smoke daily,25-29 years,Waterford City and County,Number,404.0
Population,2022,Female,Smoke daily,30-34 years,Waterford City and County,Number,442.0
Population,2022,Female,Smoke daily,35-39 years,Waterford City and County,Number,540.0
Population,2022,Female,Smoke daily,40-44 years,Waterford City and County,Number,569.0
Population,2022,Female,Smoke daily,45-49 years,Waterford City and County,Number,528.0
Population,2022,Female,Smoke daily,50-54 years,Waterford City and County,Number,546.0
Population,2022,Female,Smoke daily,55-59 years,Waterford City and County,Number,474.0
Population,2022,Female,Smoke daily,60-64 years,Waterford City and County,Number,412.0
Population,2022,Female,Smoke daily,65-69 years,Waterford City and County,Number,310.0
Population,2022,Female,Smoke daily,70-74 years,Waterford City and County,Number,218.0
Population,2022,Female,Smoke daily,75-79 years,Waterford City and County,Number,140.0
Population,2022,Female,Smoke daily,80-84 years,Waterford City and County,Number,62.0
Population,2022,Female,Smoke daily,85-89 years,Waterford City and County,Number,
Population,2022,Female,Smoke daily,95 years and over,Waterford City and County,Number,0.0
Population,2022,Female,Smoke daily,All Ages,Galway City,Number,3522.0
Population,2022,Female,Smoke daily,0 - 14 years,Galway City,Number,
Population,2022,Female,Smoke daily,15-19 years,Galway City,Number,118.0
Population,2022,Female,Smoke daily,20-24 years,Galway City,Number,521.0
Population,2022,Female,Smoke daily,25-29 years,Galway City,Number,413.0
Population,2022,Female,Smoke daily,30-34 years,Galway City,Number,354.0
Population,2022,Female,Smoke daily,35-39 years,Galway City,Number,370.0
Population,2022,Female,Smoke daily,40-44 years,Galway City,Number,314.0
Population,2022,Female,Smoke daily,45-49 years,Galway City,Number,313.0
Population,2022,Female,Smoke daily,50-54 years,Galway City,Number,275.0
Population,2022,Female,Smoke daily,55-59 years,Galway City,Number,245.0
Population,2022,Female,Smoke daily,60-64 years,Galway City,Number,227.0
Population,2022,Female,Smoke daily,65-69 years,Galway City,Number,166.0
Population,2022,Female,Smoke daily,70-74 years,Galway City,Number,99.0
Population,2022,Female,Smoke daily,75-79 years,Galway City,Number,50.0
Population,2022,Female,Smoke daily,80-84 years,Galway City,Number,34.0
Population,2022,Female,Smoke daily,85-89 years,Galway City,Number,19.0
Population,2022,Female,Smoke daily,95 years and over,Galway City,Number,
Population,2022,Female,Smoke daily,All Ages,Galway County,Number,6013.0
Population,2022,Female,Smoke daily,0 - 14 years,Galway County,Number,
Population,2022,Female,Smoke daily,15-19 years,Galway County,Number,106.0
Population,2022,Female,Smoke daily,20-24 years,Galway County,Number,299.0
Population,2022,Female,Smoke daily,25-29 years,Galway County,Number,400.0
Population,2022,Female,Smoke daily,30-34 years,Galway County,Number,502.0
Population,2022,Female,Smoke daily,35-39 years,Galway County,Number,612.0
Population,2022,Female,Smoke daily,40-44 years,Galway County,Number,661.0
Population,2022,Female,Smoke daily,45-49 years,Galway County,Number,631.0
Population,2022,Female,Smoke daily,50-54 years,Galway County,Number,691.0
Population,2022,Female,Smoke daily,55-59 years,Galway County,Number,568.0
Population,2022,Female,Smoke daily,60-64 years,Galway County,Number,556.0
Population,2022,Female,Smoke daily,65-69 years,Galway County,Number,376.0
Population,2022,Female,Smoke daily,70-74 years,Galway County,Number,291.0
Population,2022,Female,Smoke daily,75-79 years,Galway County,Number,172.0
Population,2022,Female,Smoke daily,80-84 years,Galway County,Number,75.0
Population,2022,Female,Smoke daily,85-89 years,Galway County,Number,60.0
Population,2022,Female,Smoke daily,95 years and over,Galway County,Number,
Population,2022,Female,Smoke daily,All Ages,Leitrim,Number,1275.0
Population,2022,Female,Smoke daily,0 - 14 years,Leitrim,Number,
Population,2022,Female,Smoke daily,15-19 years,Leitrim,Number,35.0
Population,2022,Female,Smoke daily,20-24 years,Leitrim,Number,58.0
Population,2022,Female,Smoke daily,25-29 years,Leitrim,Number,88.0
Population,2022,Female,Smoke daily,30-34 years,Leitrim,Number,113.0
Population,2022,Female,Smoke daily,35-39 years,Leitrim,Number,154.0
Population,2022,Female,Smoke daily,40-44 years,Leitrim,Number,137.0
Population,2022,Female,Smoke daily,45-49 years,Leitrim,Number,133.0
Population,2022,Female,Smoke daily,50-54 years,Leitrim,Number,138.0
Population,2022,Female,Smoke daily,55-59 years,Leitrim,Number,108.0
Population,2022,Female,Smoke daily,60-64 years,Leitrim,Number,89.0
Population,2022,Female,Smoke daily,65-69 years,Leitrim,Number,90.0
Population,2022,Female,Smoke daily,70-74 years,Leitrim,Number,56.0
Population,2022,Female,Smoke daily,75-79 years,Leitrim,Number,43.0
Population,2022,Female,Smoke daily,80-84 years,Leitrim,Number,
Population,2022,Female,Smoke daily,85-89 years,Leitrim,Number,17.0
Population,2022,Female,Smoke daily,95 years and over,Leitrim,Number,0.0
Population,2022,Female,Smoke daily,All Ages,Mayo,Number,4690.0
Population,2022,Female,Smoke daily,0 - 14 years,Mayo,Number,
Population,2022,Female,Smoke daily,15-19 years,Mayo,Number,66.0
Population,2022,Female,Smoke daily,20-24 years,Mayo,Number,248.0
Population,2022,Female,Smoke daily,25-29 years,Mayo,Number,305.0
Population,2022,Female,Smoke daily,30-34 years,Mayo,Number,432.0
Population,2022,Female,Smoke daily,35-39 years,Mayo,Number,454.0
Population,2022,Female,Smoke daily,40-44 years,Mayo,Number,496.0
Population,2022,Female,Smoke daily,45-49 years,Mayo,Number,472.0
Population,2022,Female,Smoke daily,50-54 years,Mayo,Number,472.0
Population,2022,Female,Smoke daily,55-59 years,Mayo,Number,440.0
Population,2022,Female,Smoke daily,60-64 years,Mayo,Number,391.0
Population,2022,Female,Smoke daily,65-69 years,Mayo,Number,353.0
Population,2022,Female,Smoke daily,70-74 years,Mayo,Number,257.0
Population,2022,Female,Smoke daily,75-79 years,Mayo,Number,163.0
Population,2022,Female,Smoke daily,80-84 years,Mayo,Number,77.0
Population,2022,Female,Smoke daily,85-89 years,Mayo,Number,58.0
Population,2022,Female,Smoke daily,95 years and over,Mayo,Number,
Population,2022,Female,Smoke daily,All Ages,Roscommon,Number,2627.0
Population,2022,Female,Smoke daily,0 - 14 years,Roscommon,Number,
Population,2022,Female,Smoke daily,15-19 years,Roscommon,Number,45.0
Population,2022,Female,Smoke daily,20-24 years,Roscommon,Number,115.0
Population,2022,Female,Smoke daily,25-29 years,Roscommon,Number,182.0
Population,2022,Female,Smoke daily,30-34 years,Roscommon,Number,235.0
Population,2022,Female,Smoke daily,35-39 years,Roscommon,Number,291.0
Population,2022,Female,Smoke daily,40-44 years,Roscommon,Number,279.0
Population,2022,Female,Smoke daily,45-49 years,Roscommon,Number,245.0
Population,2022,Female,Smoke daily,50-54 years,Roscommon,Number,253.0
Population,2022,Female,Smoke daily,55-59 years,Roscommon,Number,257.0
Population,2022,Female,Smoke daily,60-64 years,Roscommon,Number,246.0
Population,2022,Female,Smoke daily,65-69 years,Roscommon,Number,182.0
Population,2022,Female,Smoke daily,70-74 years,Roscommon,Number,133.0
Population,2022,Female,Smoke daily,75-79 years,Roscommon,Number,83.0
Population,2022,Female,Smoke daily,80-84 years,Roscommon,Number,43.0
Population,2022,Female,Smoke daily,85-89 years,Roscommon,Number,31.0
Population,2022,Female,Smoke daily,95 years and over,Roscommon,Number,
Population,2022,Female,Smoke daily,All Ages,Sligo,Number,2537.0
Population,2022,Female,Smoke daily,0 - 14 years,Sligo,Number,
Population,2022,Female,Smoke daily,15-19 years,Sligo,Number,66.0
Population,2022,Female,Smoke daily,20-24 years,Sligo,Number,214.0
Population,2022,Female,Smoke daily,25-29 years,Sligo,Number,220.0
Population,2022,Female,Smoke daily,30-34 years,Sligo,Number,196.0
Population,2022,Female,Smoke daily,35-39 years,Sligo,Number,255.0
Population,2022,Female,Smoke daily,40-44 years,Sligo,Number,229.0
Population,2022,Female,Smoke daily,45-49 years,Sligo,Number,240.0
Population,2022,Female,Smoke daily,50-54 years,Sligo,Number,216.0
Population,2022,Female,Smoke daily,55-59 years,Sligo,Number,230.0
Population,2022,Female,Smoke daily,60-64 years,Sligo,Number,240.0
Population,2022,Female,Smoke daily,65-69 years,Sligo,Number,179.0
Population,2022,Female,Smoke daily,70-74 years,Sligo,Number,107.0
Population,2022,Female,Smoke daily,75-79 years,Sligo,Number,84.0
Population,2022,Female,Smoke daily,80-84 years,Sligo,Number,42.0
Population,2022,Female,Smoke daily,85-89 years,Sligo,Number,
Population,2022,Female,Smoke daily,95 years and over,Sligo,Number,0.0
Population,2022,Female,Smoke daily,All Ages,Cavan,Number,3251.0
Population,2022,Female,Smoke daily,0 - 14 years,Cavan,Number,
Population,2022,Female,Smoke daily,15-19 years,Cavan,Number,50.0
Population,2022,Female,Smoke daily,20-24 years,Cavan,Number,207.0
Population,2022,Female,Smoke daily,25-29 years,Cavan,Number,254.0
Population,2022,Female,Smoke daily,30-34 years,Cavan,Number,331.0
Population,2022,Female,Smoke daily,35-39 years,Cavan,Number,386.0
Population,2022,Female,Smoke daily,40-44 years,Cavan,Number,375.0
Population,2022,Female,Smoke daily,45-49 years,Cavan,Number,333.0
Population,2022,Female,Smoke daily,50-54 years,Cavan,Number,324.0
Population,2022,Female,Smoke daily,55-59 years,Cavan,Number,279.0
Population,2022,Female,Smoke daily,60-64 years,Cavan,Number,255.0
Population,2022,Female,Smoke daily,65-69 years,Cavan,Number,192.0
Population,2022,Female,Smoke daily,70-74 years,Cavan,Number,121.0
Population,2022,Female,Smoke daily,75-79 years,Cavan,Number,86.0
Population,2022,Female,Smoke daily,80-84 years,Cavan,Number,30.0
Population,2022,Female,Smoke daily,85-89 years,Cavan,Number,22.0
Population,2022,Female,Smoke daily,95 years and over,Cavan,Number,
Population,2022,Female,Smoke daily,All Ages,Donegal,Number,5939.0
Population,2022,Female,Smoke daily,0 - 14 years,Donegal,Number,
Population,2022,Female,Smoke daily,15-19 years,Donegal,Number,82.0
Population,2022,Female,Smoke daily,20-24 years,Donegal,Number,289.0
Population,2022,Female,Smoke daily,25-29 years,Donegal,Number,458.0
Population,2022,Female,Smoke daily,30-34 years,Donegal,Number,496.0
Population,2022,Female,Smoke daily,35-39 years,Donegal,Number,566.0
Population,2022,Female,Smoke daily,40-44 years,Donegal,Number,657.0
Population,2022,Female,Smoke daily,45-49 years,Donegal,Number,601.0
Population,2022,Female,Smoke daily,50-54 years,Donegal,Number,634.0
Population,2022,Female,Smoke daily,55-59 years,Donegal,Number,568.0
Population,2022,Female,Smoke daily,60-64 years,Donegal,Number,498.0
Population,2022,Female,Smoke daily,65-69 years,Donegal,Number,402.0
Population,2022,Female,Smoke daily,70-74 years,Donegal,Number,315.0
Population,2022,Female,Smoke daily,75-79 years,Donegal,Number,221.0
Population,2022,Female,Smoke daily,80-84 years,Donegal,Number,100.0
Population,2022,Female,Smoke daily,85-89 years,Donegal,Number,47.0
Population,2022,Female,Smoke daily,95 years and over,Donegal,Number,
Population,2022,Female,Smoke daily,All Ages,Monaghan,Number,2293.0
Population,2022,Female,Smoke daily,0 - 14 years,Monaghan,Number,
Population,2022,Female,Smoke daily,15-19 years,Monaghan,Number,41.0
Population,2022,Female,Smoke daily,20-24 years,Monaghan,Number,100.0
Population,2022,Female,Smoke daily,25-29 years,Monaghan,Number,180.0
Population,2022,Female,Smoke daily,30-34 years,Monaghan,Number,204.0
Population,2022,Female,Smoke daily,35-39 years,Monaghan,Number,266.0
Population,2022,Female,Smoke daily,40-44 years,Monaghan,Number,252.0
Population,2022,Female,Smoke daily,45-49 years,Monaghan,Number,252.0
Population,2022,Female,Smoke daily,50-54 years,Monaghan,Number,226.0
Population,2022,Female,Smoke daily,55-59 years,Monaghan,Number,232.0
Population,2022,Female,Smoke daily,60-64 years,Monaghan,Number,191.0
Population,2022,Female,Smoke daily,65-69 years,Monaghan,Number,152.0
Population,2022,Female,Smoke daily,70-74 years,Monaghan,Number,95.0
Population,2022,Female,Smoke daily,75-79 years,Monaghan,Number,68.0
Population,2022,Female,Smoke daily,80-84 years,Monaghan,Number,18.0
Population,2022,Female,Smoke daily,85-89 years,Monaghan,Number,
Population,2022,Female,Smoke daily,95 years and over,Monaghan,Number,0.0
Population,2022,Female,Smoke occasionally,All Ages,State,Number,100370.0
Population,2022,Female,Smoke occasionally,0 - 14 years,State,Number,131.0
Population,2022,Female,Smoke occasionally,15-19 years,State,Number,5022.0
Population,2022,Female,Smoke occasionally,20-24 years,State,Number,13561.0
Population,2022,Female,Smoke occasionally,25-29 years,State,Number,12980.0
Population,2022,Female,Smoke occasionally,30-34 years,State,Number,12084.0
Population,2022,Female,Smoke occasionally,35-39 years,State,Number,11840.0
Population,2022,Female,Smoke occasionally,40-44 years,State,Number,10655.0
Population,2022,Female,Smoke occasionally,45-49 years,State,Number,8156.0
Population,2022,Female,Smoke occasionally,50-54 years,State,Number,6920.0
Population,2022,Female,Smoke occasionally,55-59 years,State,Number,5674.0
Population,2022,Female,Smoke occasionally,60-64 years,State,Number,4762.0
Population,2022,Female,Smoke occasionally,65-69 years,State,Number,3522.0
Population,2022,Female,Smoke occasionally,70-74 years,State,Number,2447.0
Population,2022,Female,Smoke occasionally,75-79 years,State,Number,1457.0
Population,2022,Female,Smoke occasionally,80-84 years,State,Number,705.0
Population,2022,Female,Smoke occasionally,85-89 years,State,Number,419.0
Population,2022,Female,Smoke occasionally,95 years and over,State,Number,35.0
Population,2022,Female,Smoke occasionally,All Ages,Carlow,Number,1122.0
Population,2022,Female,Smoke occasionally,0 - 14 years,Carlow,Number,
Population,2022,Female,Smoke occasionally,15-19 years,Carlow,Number,60.0
Population,2022,Female,Smoke occasionally,20-24 years,Carlow,Number,149.0
Population,2022,Female,Smoke occasionally,25-29 years,Carlow,Number,127.0
Population,2022,Female,Smoke occasionally,30-34 years,Carlow,Number,129.0
Population,2022,Female,Smoke occasionally,35-39 years,Carlow,Number,132.0
Population,2022,Female,Smoke occasionally,40-44 years,Carlow,Number,109.0
Population,2022,Female,Smoke occasionally,45-49 years,Carlow,Number,103.0
Population,2022,Female,Smoke occasionally,50-54 years,Carlow,Number,100.0
Population,2022,Female,Smoke occasionally,55-59 years,Carlow,Number,82.0
Population,2022,Female,Smoke occasionally,60-64 years,Carlow,Number,52.0
Population,2022,Female,Smoke occasionally,65-69 years,Carlow,Number,32.0
Population,2022,Female,Smoke occasionally,70-74 years,Carlow,Number,28.0
Population,2022,Female,Smoke occasionally,75-79 years,Carlow,Number,8.0
Population,2022,Female,Smoke occasionally,80-84 years,Carlow,Number,6.0
Population,2022,Female,Smoke occasionally,85-89 years,Carlow,Number,
Population,2022,Female,Smoke occasionally,95 years and over,Carlow,Number,0.0
Population,2022,Female,Smoke occasionally,All Ages,Dublin City,Number,14958.0
Population,2022,Female,Smoke occasionally,0 - 14 years,Dublin City,Number,
Population,2022,Female,Smoke occasionally,15-19 years,Dublin City,Number,610.0
Population,2022,Female,Smoke occasionally,20-24 years,Dublin City,Number,2619.0
Population,2022,Female,Smoke occasionally,25-29 years,Dublin City,Number,3032.0
Population,2022,Female,Smoke occasionally,30-34 years,Dublin City,Number,2328.0
Population,2022,Female,Smoke occasionally,35-39 years,Dublin City,Number,1536.0
Population,2022,Female,Smoke occasionally,40-44 years,Dublin City,Number,1199.0
Population,2022,Female,Smoke occasionally,45-49 years,Dublin City,Number,834.0
Population,2022,Female,Smoke occasionally,50-54 years,Dublin City,Number,758.0
Population,2022,Female,Smoke occasionally,55-59 years,Dublin City,Number,602.0
Population,2022,Female,Smoke occasionally,60-64 years,Dublin City,Number,469.0
Population,2022,Female,Smoke occasionally,65-69 years,Dublin City,Number,387.0
Population,2022,Female,Smoke occasionally,70-74 years,Dublin City,Number,266.0
Population,2022,Female,Smoke occasionally,75-79 years,Dublin City,Number,153.0
Population,2022,Female,Smoke occasionally,80-84 years,Dublin City,Number,87.0
Population,2022,Female,Smoke occasionally,85-89 years,Dublin City,Number,55.0
Population,2022,Female,Smoke occasionally,95 years and over,Dublin City,Number,
Population,2022,Female,Smoke occasionally,All Ages,Dun Laoghaire-Rathdown,Number,4531.0
Population,2022,Female,Smoke occasionally,0 - 14 years,Dun Laoghaire-Rathdown,Number,
Population,2022,Female,Smoke occasionally,15-19 years,Dun Laoghaire-Rathdown,Number,297.0
Population,2022,Female,Smoke occasionally,20-24 years,Dun Laoghaire-Rathdown,Number,833.0
Population,2022,Female,Smoke occasionally,25-29 years,Dun Laoghaire-Rathdown,Number,687.0
Population,2022,Female,Smoke occasionally,30-34 years,Dun Laoghaire-Rathdown,Number,504.0
Population,2022,Female,Smoke occasionally,35-39 years,Dun Laoghaire-Rathdown,Number,440.0
Population,2022,Female,Smoke occasionally,40-44 years,Dun Laoghaire-Rathdown,Number,388.0
Population,2022,Female,Smoke occasionally,45-49 years,Dun Laoghaire-Rathdown,Number,314.0
Population,2022,Female,Smoke occasionally,50-54 years,Dun Laoghaire-Rathdown,Number,279.0
Population,2022,Female,Smoke occasionally,55-59 years,Dun Laoghaire-Rathdown,Number,267.0
Population,2022,Female,Smoke occasionally,60-64 years,Dun Laoghaire-Rathdown,Number,180.0
Population,2022,Female,Smoke occasionally,65-69 years,Dun Laoghaire-Rathdown,Number,133.0
Population,2022,Female,Smoke occasionally,70-74 years,Dun Laoghaire-Rathdown,Number,75.0
Population,2022,Female,Smoke occasionally,75-79 years,Dun Laoghaire-Rathdown,Number,70.0
Population,2022,Female,Smoke occasionally,80-84 years,Dun Laoghaire-Rathdown,Number,30.0
Population,2022,Female,Smoke occasionally,85-89 years,Dun Laoghaire-Rathdown,Number,24.0
Population,2022,Female,Smoke occasionally,95 years and over,Dun Laoghaire-Rathdown,Number,
Population,2022,Female,Smoke occasionally,All Ages,Fingal,Number,5828.0
Population,2022,Female,Smoke occasionally,0 - 14 years,Fingal,Number,
Population,2022,Female,Smoke occasionally,15-19 years,Fingal,Number,266.0
Population,2022,Female,Smoke occasionally,20-24 years,Fingal,Number,671.0
Population,2022,Female,Smoke occasionally,25-29 years,Fingal,Number,687.0
Population,2022,Female,Smoke occasionally,30-34 years,Fingal,Number,766.0
Population,2022,Female,Smoke occasionally,35-39 years,Fingal,Number,807.0
Population,2022,Female,Smoke occasionally,40-44 years,Fingal,Number,728.0
Population,2022,Female,Smoke occasionally,45-49 years,Fingal,Number,514.0
Population,2022,Female,Smoke occasionally,50-54 years,Fingal,Number,407.0
Population,2022,Female,Smoke occasionally,55-59 years,Fingal,Number,318.0
Population,2022,Female,Smoke occasionally,60-64 years,Fingal,Number,262.0
Population,2022,Female,Smoke occasionally,65-69 years,Fingal,Number,170.0
Population,2022,Female,Smoke occasionally,70-74 years,Fingal,Number,113.0
Population,2022,Female,Smoke occasionally,75-79 years,Fingal,Number,69.0
Population,2022,Female,Smoke occasionally,80-84 years,Fingal,Number,28.0
Population,2022,Female,Smoke occasionally,85-89 years,Fingal,Number,
Population,2022,Female,Smoke occasionally,95 years and over,Fingal,Number,0.0
Population,2022,Female,Smoke occasionally,All Ages,South Dublin,Number,5394.0
Population,2022,Female,Smoke occasionally,0 - 14 years,South Dublin,Number,
Population,2022,Female,Smoke occasionally,15-19 years,South Dublin,Number,246.0
Population,2022,Female,Smoke occasionally,20-24 years,South Dublin,Number,643.0
Population,2022,Female,Smoke occasionally,25-29 years,South Dublin,Number,662.0
Population,2022,Female,Smoke occasionally,30-34 years,South Dublin,Number,714.0
Population,2022,Female,Smoke occasionally,35-39 years,South Dublin,Number,713.0
Population,2022,Female,Smoke occasionally,40-44 years,South Dublin,Number,641.0
Population,2022,Female,Smoke occasionally,45-49 years,South Dublin,Number,446.0
Population,2022,Female,Smoke occasionally,50-54 years,South Dublin,Number,322.0
Population,2022,Female,Smoke occasionally,55-59 years,South Dublin,Number,281.0
Population,2022,Female,Smoke occasionally,60-64 years,South Dublin,Number,253.0
Population,2022,Female,Smoke occasionally,65-69 years,South Dublin,Number,206.0
Population,2022,Female,Smoke occasionally,70-74 years,South Dublin,Number,133.0
Population,2022,Female,Smoke occasionally,75-79 years,South Dublin,Number,75.0
Population,2022,Female,Smoke occasionally,80-84 years,South Dublin,Number,35.0
Population,2022,Female,Smoke occasionally,85-89 years,South Dublin,Number,
Population,2022,Female,Smoke occasionally,95 years and over,South Dublin,Number,0.0
Population,2022,Female,Smoke occasionally,All Ages,Kildare,Number,4334.0
Population,2022,Female,Smoke occasionally,0 - 14 years,Kildare,Number,
Population,2022,Female,Smoke occasionally,15-19 years,Kildare,Number,259.0
Population,2022,Female,Smoke occasionally,20-24 years,Kildare,Number,594.0
Population,2022,Female,Smoke occasionally,25-29 years,Kildare,Number,525.0
Population,2022,Female,Smoke occasionally,30-34 years,Kildare,Number,527.0
Population,2022,Female,Smoke occasionally,35-39 years,Kildare,Number,548.0
Population,2022,Female,Smoke occasionally,40-44 years,Kildare,Number,488.0
Population,2022,Female,Smoke occasionally,45-49 years,Kildare,Number,369.0
Population,2022,Female,Smoke occasionally,50-54 years,Kildare,Number,319.0
Population,2022,Female,Smoke occasionally,55-59 years,Kildare,Number,209.0
Population,2022,Female,Smoke occasionally,60-64 years,Kildare,Number,182.0
Population,2022,Female,Smoke occasionally,65-69 years,Kildare,Number,128.0
Population,2022,Female,Smoke occasionally,70-74 years,Kildare,Number,94.0
Population,2022,Female,Smoke occasionally,75-79 years,Kildare,Number,55.0
Population,2022,Female,Smoke occasionally,80-84 years,Kildare,Number,21.0
Population,2022,Female,Smoke occasionally,85-89 years,Kildare,Number,
Population,2022,Female,Smoke occasionally,95 years and over,Kildare,Number,0.0
Population,2022,Female,Smoke occasionally,All Ages,Kilkenny,Number,1814.0
Population,2022,Female,Smoke occasionally,0 - 14 years,Kilkenny,Number,
Population,2022,Female,Smoke occasionally,15-19 years,Kilkenny,Number,85.0
Population,2022,Female,Smoke occasionally,20-24 years,Kilkenny,Number,179.0
Population,2022,Female,Smoke occasionally,25-29 years,Kilkenny,Number,214.0
Population,2022,Female,Smoke occasionally,30-34 years,Kilkenny,Number,210.0
Population,2022,Female,Smoke occasionally,35-39 years,Kilkenny,Number,223.0
Population,2022,Female,Smoke occasionally,40-44 years,Kilkenny,Number,198.0
Population,2022,Female,Smoke occasionally,45-49 years,Kilkenny,Number,172.0
Population,2022,Female,Smoke occasionally,50-54 years,Kilkenny,Number,125.0
Population,2022,Female,Smoke occasionally,55-59 years,Kilkenny,Number,124.0
Population,2022,Female,Smoke occasionally,60-64 years,Kilkenny,Number,102.0
Population,2022,Female,Smoke occasionally,65-69 years,Kilkenny,Number,74.0
Population,2022,Female,Smoke occasionally,70-74 years,Kilkenny,Number,45.0
Population,2022,Female,Smoke occasionally,75-79 years,Kilkenny,Number,31.0
Population,2022,Female,Smoke occasionally,80-84 years,Kilkenny,Number,19.0
Population,2022,Female,Smoke occasionally,85-89 years,Kilkenny,Number,
Population,2022,Female,Smoke occasionally,95 years and over,Kilkenny,Number,0.0
Population,2022,Female,Smoke occasionally,All Ages,Laois,Number,1623.0
Population,2022,Female,Smoke occasionally,0 - 14 years,Laois,Number,
Population,2022,Female,Smoke occasionally,15-19 years,Laois,Number,87.0
Population,2022,Female,Smoke occasionally,20-24 years,Laois,Number,183.0
Population,2022,Female,Smoke occasionally,25-29 years,Laois,Number,174.0
Population,2022,Female,Smoke occasionally,30-34 years,Laois,Number,213.0
Population,2022,Female,Smoke occasionally,35-39 years,Laois,Number,240.0
Population,2022,Female,Smoke occasionally,40-44 years,Laois,Number,173.0
Population,2022,Female,Smoke occasionally,45-49 years,Laois,Number,168.0
Population,2022,Female,Smoke occasionally,50-54 years,Laois,Number,109.0
Population,2022,Female,Smoke occasionally,55-59 years,Laois,Number,80.0
Population,2022,Female,Smoke occasionally,60-64 years,Laois,Number,67.0
Population,2022,Female,Smoke occasionally,65-69 years,Laois,Number,56.0
Population,2022,Female,Smoke occasionally,70-74 years,Laois,Number,39.0
Population,2022,Female,Smoke occasionally,75-79 years,Laois,Number,16.0
Population,2022,Female,Smoke occasionally,80-84 years,Laois,Number,10.0
Population,2022,Female,Smoke occasionally,85-89 years,Laois,Number,
Population,2022,Female,Smoke occasionally,95 years and over,Laois,Number,
Population,2022,Female,Smoke occasionally,All Ages,Longford,Number,892.0
Population,2022,Female,Smoke occasionally,0 - 14 years,Longford,Number,
Population,2022,Female,Smoke occasionally,15-19 years,Longford,Number,58.0
Population,2022,Female,Smoke occasionally,20-24 years,Longford,Number,77.0
Population,2022,Female,Smoke occasionally,25-29 years,Longford,Number,85.0
Population,2022,Female,Smoke occasionally,30-34 years,Longford,Number,96.0
Population,2022,Female,Smoke occasionally,35-39 years,Longford,Number,102.0
Population,2022,Female,Smoke occasionally,40-44 years,Longford,Number,111.0
Population,2022,Female,Smoke occasionally,45-49 years,Longford,Number,72.0
Population,2022,Female,Smoke occasionally,50-54 years,Longford,Number,82.0
Population,2022,Female,Smoke occasionally,55-59 years,Longford,Number,57.0
Population,2022,Female,Smoke occasionally,60-64 years,Longford,Number,53.0
Population,2022,Female,Smoke occasionally,65-69 years,Longford,Number,47.0
Population,2022,Female,Smoke occasionally,70-74 years,Longford,Number,25.0
Population,2022,Female,Smoke occasionally,75-79 years,Longford,Number,12.0
Population,2022,Female,Smoke occasionally,80-84 years,Longford,Number,8.0
Population,2022,Female,Smoke occasionally,85-89 years,Longford,Number,
Population,2022,Female,Smoke occasionally,95 years and over,Longford,Number,
Population,2022,Female,Smoke occasionally,All Ages,Louth,Number,2587.0
Population,2022,Female,Smoke occasionally,0 - 14 years,Louth,Number,8.0
Population,2022,Female,Smoke occasionally,15-19 years,Louth,Number,127.0
Population,2022,Female,Smoke occasionally,20-24 years,Louth,Number,305.0
Population,2022,Female,Smoke occasionally,25-29 years,Louth,Number,290.0
Population,2022,Female,Smoke occasionally,30-34 years,Louth,Number,304.0
Population,2022,Female,Smoke occasionally,35-39 years,Louth,Number,317.0
Population,2022,Female,Smoke occasionally,40-44 years,Louth,Number,274.0
Population,2022,Female,Smoke occasionally,45-49 years,Louth,Number,230.0
Population,2022,Female,Smoke occasionally,50-54 years,Louth,Number,219.0
Population,2022,Female,Smoke occasionally,55-59 years,Louth,Number,164.0
Population,2022,Female,Smoke occasionally,60-64 years,Louth,Number,107.0
Population,2022,Female,Smoke occasionally,65-69 years,Louth,Number,103.0
Population,2022,Female,Smoke occasionally,70-74 years,Louth,Number,71.0
Population,2022,Female,Smoke occasionally,75-79 years,Louth,Number,38.0
Population,2022,Female,Smoke occasionally,80-84 years,Louth,Number,21.0
Population,2022,Female,Smoke occasionally,85-89 years,Louth,Number,9.0
Population,2022,Female,Smoke occasionally,95 years and over,Louth,Number,0.0
Population,2022,Female,Smoke occasionally,All Ages,Meath,Number,3734.0
Population,2022,Female,Smoke occasionally,0 - 14 years,Meath,Number,
Population,2022,Female,Smoke occasionally,15-19 years,Meath,Number,163.0
Population,2022,Female,Smoke occasionally,20-24 years,Meath,Number,394.0
Population,2022,Female,Smoke occasionally,25-29 years,Meath,Number,428.0
Population,2022,Female,Smoke occasionally,30-34 years,Meath,Number,438.0
Population,2022,Female,Smoke occasionally,35-39 years,Meath,Number,493.0
Population,2022,Female,Smoke occasionally,40-44 years,Meath,Number,486.0
Population,2022,Female,Smoke occasionally,45-49 years,Meath,Number,362.0
Population,2022,Female,Smoke occasionally,50-54 years,Meath,Number,281.0
Population,2022,Female,Smoke occasionally,55-59 years,Meath,Number,216.0
Population,2022,Female,Smoke occasionally,60-64 years,Meath,Number,164.0
Population,2022,Female,Smoke occasionally,65-69 years,Meath,Number,130.0
Population,2022,Female,Smoke occasionally,70-74 years,Meath,Number,93.0
Population,2022,Female,Smoke occasionally,75-79 years,Meath,Number,48.0
Population,2022,Female,Smoke occasionally,80-84 years,Meath,Number,20.0
Population,2022,Female,Smoke occasionally,85-89 years,Meath,Number,
Population,2022,Female,Smoke occasionally,95 years and over,Meath,Number,0.0
Population,2022,Female,Smoke occasionally,All Ages,Offaly,Number,1491.0
Population,2022,Female,Smoke occasionally,0 - 14 years,Offaly,Number,
Population,2022,Female,Smoke occasionally,15-19 years,Offaly,Number,69.0
Population,2022,Female,Smoke occasionally,20-24 years,Offaly,Number,166.0
Population,2022,Female,Smoke occasionally,25-29 years,Offaly,Number,169.0
Population,2022,Female,Smoke occasionally,30-34 years,Offaly,Number,168.0
Population,2022,Female,Smoke occasionally,35-39 years,Offaly,Number,196.0
Population,2022,Female,Smoke occasionally,40-44 years,Offaly,Number,182.0
Population,2022,Female,Smoke occasionally,45-49 years,Offaly,Number,121.0
Population,2022,Female,Smoke occasionally,50-54 years,Offaly,Number,105.0
Population,2022,Female,Smoke occasionally,55-59 years,Offaly,Number,91.0
Population,2022,Female,Smoke occasionally,60-64 years,Offaly,Number,77.0
Population,2022,Female,Smoke occasionally,65-69 years,Offaly,Number,53.0
Population,2022,Female,Smoke occasionally,70-74 years,Offaly,Number,46.0
Population,2022,Female,Smoke occasionally,75-79 years,Offaly,Number,32.0
Population,2022,Female,Smoke occasionally,80-84 years,Offaly,Number,6.0
Population,2022,Female,Smoke occasionally,85-89 years,Offaly,Number,
Population,2022,Female,Smoke occasionally,95 years and over,Offaly,Number,0.0
Population,2022,Female,Smoke occasionally,All Ages,Westmeath,Number,1811.0
Population,2022,Female,Smoke occasionally,0 - 14 years,Westmeath,Number,
Population,2022,Female,Smoke occasionally,15-19 years,Westmeath,Number,92.0
Population,2022,Female,Smoke occasionally,20-24 years,Westmeath,Number,201.0
Population,2022,Female,Smoke occasionally,25-29 years,Westmeath,Number,207.0
Population,2022,Female,Smoke occasionally,30-34 years,Westmeath,Number,214.0
Population,2022,Female,Smoke occasionally,35-39 years,Westmeath,Number,213.0
Population,2022,Female,Smoke occasionally,40-44 years,Westmeath,Number,194.0
Population,2022,Female,Smoke occasionally,45-49 years,Westmeath,Number,176.0
Population,2022,Female,Smoke occasionally,50-54 years,Westmeath,Number,135.0
Population,2022,Female,Smoke occasionally,55-59 years,Westmeath,Number,114.0
Population,2022,Female,Smoke occasionally,60-64 years,Westmeath,Number,91.0
Population,2022,Female,Smoke occasionally,65-69 years,Westmeath,Number,72.0
Population,2022,Female,Smoke occasionally,70-74 years,Westmeath,Number,40.0
Population,2022,Female,Smoke occasionally,75-79 years,Westmeath,Number,30.0
Population,2022,Female,Smoke occasionally,80-84 years,Westmeath,Number,13.0
Population,2022,Female,Smoke occasionally,85-89 years,Westmeath,Number,
Population,2022,Female,Smoke occasionally,95 years and over,Westmeath,Number,
Population,2022,Female,Smoke occasionally,All Ages,Wexford,Number,3129.0
Population,2022,Female,Smoke occasionally,0 - 14 years,Wexford,Number,
Population,2022,Female,Smoke occasionally,15-19 years,Wexford,Number,152.0
Population,2022,Female,Smoke occasionally,20-24 years,Wexford,Number,356.0
Population,2022,Female,Smoke occasionally,25-29 years,Wexford,Number,332.0
Population,2022,Female,Smoke occasionally,30-34 years,Wexford,Number,355.0
Population,2022,Female,Smoke occasionally,35-39 years,Wexford,Number,359.0
Population,2022,Female,Smoke occasionally,40-44 years,Wexford,Number,359.0
Population,2022,Female,Smoke occasionally,45-49 years,Wexford,Number,285.0
Population,2022,Female,Smoke occasionally,50-54 years,Wexford,Number,250.0
Population,2022,Female,Smoke occasionally,55-59 years,Wexford,Number,215.0
Population,2022,Female,Smoke occasionally,60-64 years,Wexford,Number,181.0
Population,2022,Female,Smoke occasionally,65-69 years,Wexford,Number,119.0
Population,2022,Female,Smoke occasionally,70-74 years,Wexford,Number,81.0
Population,2022,Female,Smoke occasionally,75-79 years,Wexford,Number,47.0
Population,2022,Female,Smoke occasionally,80-84 years,Wexford,Number,20.0
Population,2022,Female,Smoke occasionally,85-89 years,Wexford,Number,
Population,2022,Female,Smoke occasionally,95 years and over,Wexford,Number,0.0
Population,2022,Female,Smoke occasionally,All Ages,Wicklow,Number,2868.0
Population,2022,Female,Smoke occasionally,0 - 14 years,Wicklow,Number,
Population,2022,Female,Smoke occasionally,15-19 years,Wicklow,Number,165.0
Population,2022,Female,Smoke occasionally,20-24 years,Wicklow,Number,330.0
Population,2022,Female,Smoke occasionally,25-29 years,Wicklow,Number,268.0
Population,2022,Female,Smoke occasionally,30-34 years,Wicklow,Number,332.0
Population,2022,Female,Smoke occasionally,35-39 years,Wicklow,Number,359.0
Population,2022,Female,Smoke occasionally,40-44 years,Wicklow,Number,345.0
Population,2022,Female,Smoke occasionally,45-49 years,Wicklow,Number,270.0
Population,2022,Female,Smoke occasionally,50-54 years,Wicklow,Number,214.0
Population,2022,Female,Smoke occasionally,55-59 years,Wicklow,Number,193.0
Population,2022,Female,Smoke occasionally,60-64 years,Wicklow,Number,139.0
Population,2022,Female,Smoke occasionally,65-69 years,Wicklow,Number,109.0
Population,2022,Female,Smoke occasionally,70-74 years,Wicklow,Number,66.0
Population,2022,Female,Smoke occasionally,75-79 years,Wicklow,Number,42.0
Population,2022,Female,Smoke occasionally,80-84 years,Wicklow,Number,20.0
Population,2022,Female,Smoke occasionally,85-89 years,Wicklow,Number,11.0
Population,2022,Female,Smoke occasionally,95 years and over,Wicklow,Number,
Population,2022,Female,Smoke occasionally,All Ages,Clare,Number,2491.0
Population,2022,Female,Smoke occasionally,0 - 14 years,Clare,Number,6.0
Population,2022,Female,Smoke occasionally,15-19 years,Clare,Number,134.0
Population,2022,Female,Smoke occasionally,20-24 years,Clare,Number,265.0
Population,2022,Female,Smoke occasionally,25-29 years,Clare,Number,287.0
Population,2022,Female,Smoke occasionally,30-34 years,Clare,Number,244.0
Population,2022,Female,Smoke occasionally,35-39 years,Clare,Number,284.0
Population,2022,Female,Smoke occasionally,40-44 years,Clare,Number,272.0
Population,2022,Female,Smoke occasionally,45-49 years,Clare,Number,224.0
Population,2022,Female,Smoke occasionally,50-54 years,Clare,Number,193.0
Population,2022,Female,Smoke occasionally,55-59 years,Clare,Number,170.0
Population,2022,Female,Smoke occasionally,60-64 years,Clare,Number,155.0
Population,2022,Female,Smoke occasionally,65-69 years,Clare,Number,113.0
Population,2022,Female,Smoke occasionally,70-74 years,Clare,Number,62.0
Population,2022,Female,Smoke occasionally,75-79 years,Clare,Number,49.0
Population,2022,Female,Smoke occasionally,80-84 years,Clare,Number,20.0
Population,2022,Female,Smoke occasionally,85-89 years,Clare,Number,13.0
Population,2022,Female,Smoke occasionally,95 years and over,Clare,Number,0.0
Population,2022,Female,Smoke occasionally,All Ages,Cork City,Number,5443.0
Population,2022,Female,Smoke occasionally,0 - 14 years,Cork City,Number,
Population,2022,Female,Smoke occasionally,15-19 years,Cork City,Number,278.0
Population,2022,Female,Smoke occasionally,20-24 years,Cork City,Number,1051.0
Population,2022,Female,Smoke occasionally,25-29 years,Cork City,Number,882.0
Population,2022,Female,Smoke occasionally,30-34 years,Cork City,Number,674.0
Population,2022,Female,Smoke occasionally,35-39 years,Cork City,Number,603.0
Population,2022,Female,Smoke occasionally,40-44 years,Cork City,Number,466.0
Population,2022,Female,Smoke occasionally,45-49 years,Cork City,Number,349.0
Population,2022,Female,Smoke occasionally,50-54 years,Cork City,Number,292.0
Population,2022,Female,Smoke occasionally,55-59 years,Cork City,Number,255.0
Population,2022,Female,Smoke occasionally,60-64 years,Cork City,Number,220.0
Population,2022,Female,Smoke occasionally,65-69 years,Cork City,Number,151.0
Population,2022,Female,Smoke occasionally,70-74 years,Cork City,Number,97.0
Population,2022,Female,Smoke occasionally,75-79 years,Cork City,Number,58.0
Population,2022,Female,Smoke occasionally,80-84 years,Cork City,Number,34.0
Population,2022,Female,Smoke occasionally,85-89 years,Cork City,Number,23.0
Population,2022,Female,Smoke occasionally,95 years and over,Cork City,Number,
Population,2022,Female,Smoke occasionally,All Ages,Cork County,Number,6104.0
Population,2022,Female,Smoke occasionally,0 - 14 years,Cork County,Number,
Population,2022,Female,Smoke occasionally,15-19 years,Cork County,Number,313.0
Population,2022,Female,Smoke occasionally,20-24 years,Cork County,Number,670.0
Population,2022,Female,Smoke occasionally,25-29 years,Cork County,Number,629.0
Population,2022,Female,Smoke occasionally,30-34 years,Cork County,Number,650.0
Population,2022,Female,Smoke occasionally,35-39 years,Cork County,Number,794.0
Population,2022,Female,Smoke occasionally,40-44 years,Cork County,Number,731.0
Population,2022,Female,Smoke occasionally,45-49 years,Cork County,Number,593.0
Population,2022,Female,Smoke occasionally,50-54 years,Cork County,Number,495.0
Population,2022,Female,Smoke occasionally,55-59 years,Cork County,Number,361.0
Population,2022,Female,Smoke occasionally,60-64 years,Cork County,Number,318.0
Population,2022,Female,Smoke occasionally,65-69 years,Cork County,Number,221.0
Population,2022,Female,Smoke occasionally,70-74 years,Cork County,Number,149.0
Population,2022,Female,Smoke occasionally,75-79 years,Cork County,Number,93.0
Population,2022,Female,Smoke occasionally,80-84 years,Cork County,Number,50.0
Population,2022,Female,Smoke occasionally,85-89 years,Cork County,Number,
Population,2022,Female,Smoke occasionally,95 years and over,Cork County,Number,0.0
Population,2022,Female,Smoke occasionally,All Ages,Kerry,Number,3048.0
Population,2022,Female,Smoke occasionally,0 - 14 years,Kerry,Number,
Population,2022,Female,Smoke occasionally,15-19 years,Kerry,Number,154.0
Population,2022,Female,Smoke occasionally,20-24 years,Kerry,Number,325.0
Population,2022,Female,Smoke occasionally,25-29 years,Kerry,Number,307.0
Population,2022,Female,Smoke occasionally,30-34 years,Kerry,Number,289.0
Population,2022,Female,Smoke occasionally,35-39 years,Kerry,Number,386.0
Population,2022,Female,Smoke occasionally,40-44 years,Kerry,Number,350.0
Population,2022,Female,Smoke occasionally,45-49 years,Kerry,Number,279.0
Population,2022,Female,Smoke occasionally,50-54 years,Kerry,Number,243.0
Population,2022,Female,Smoke occasionally,55-59 years,Kerry,Number,208.0
Population,2022,Female,Smoke occasionally,60-64 years,Kerry,Number,166.0
Population,2022,Female,Smoke occasionally,65-69 years,Kerry,Number,148.0
Population,2022,Female,Smoke occasionally,70-74 years,Kerry,Number,96.0
Population,2022,Female,Smoke occasionally,75-79 years,Kerry,Number,62.0
Population,2022,Female,Smoke occasionally,80-84 years,Kerry,Number,20.0
Population,2022,Female,Smoke occasionally,85-89 years,Kerry,Number,
Population,2022,Female,Smoke occasionally,95 years and over,Kerry,Number,0.0
Population,2022,Female,Smoke occasionally,All Ages,Limerick City and County,Number,4254.0
Population,2022,Female,Smoke occasionally,0 - 14 years,Limerick City and County,Number,
Population,2022,Female,Smoke occasionally,15-19 years,Limerick City and County,Number,219.0
Population,2022,Female,Smoke occasionally,20-24 years,Limerick City and County,Number,639.0
Population,2022,Female,Smoke occasionally,25-29 years,Limerick City and County,Number,533.0
Population,2022,Female,Smoke occasionally,30-34 years,Limerick City and County,Number,471.0
Population,2022,Female,Smoke occasionally,35-39 years,Limerick City and County,Number,471.0
Population,2022,Female,Smoke occasionally,40-44 years,Limerick City and County,Number,419.0
Population,2022,Female,Smoke occasionally,45-49 years,Limerick City and County,Number,319.0
Population,2022,Female,Smoke occasionally,50-54 years,Limerick City and County,Number,274.0
Population,2022,Female,Smoke occasionally,55-59 years,Limerick City and County,Number,271.0
Population,2022,Female,Smoke occasionally,60-64 years,Limerick City and County,Number,216.0
Population,2022,Female,Smoke occasionally,65-69 years,Limerick City and County,Number,142.0
Population,2022,Female,Smoke occasionally,70-74 years,Limerick City and County,Number,146.0
Population,2022,Female,Smoke occasionally,75-79 years,Limerick City and County,Number,74.0
Population,2022,Female,Smoke occasionally,80-84 years,Limerick City and County,Number,40.0
Population,2022,Female,Smoke occasionally,85-89 years,Limerick City and County,Number,15.0
Population,2022,Female,Smoke occasionally,95 years and over,Limerick City and County,Number,
Population,2022,Female,Smoke occasionally,All Ages,Tipperary,Number,3202.0
Population,2022,Female,Smoke occasionally,0 - 14 years,Tipperary,Number,
Population,2022,Female,Smoke occasionally,15-19 years,Tipperary,Number,150.0
Population,2022,Female,Smoke occasionally,20-24 years,Tipperary,Number,309.0
Population,2022,Female,Smoke occasionally,25-29 years,Tipperary,Number,354.0
Population,2022,Female,Smoke occasionally,30-34 years,Tipperary,Number,315.0
Population,2022,Female,Smoke occasionally,35-39 years,Tipperary,Number,408.0
Population,2022,Female,Smoke occasionally,40-44 years,Tipperary,Number,369.0
Population,2022,Female,Smoke occasionally,45-49 years,Tipperary,Number,284.0
Population,2022,Female,Smoke occasionally,50-54 years,Tipperary,Number,242.0
Population,2022,Female,Smoke occasionally,55-59 years,Tipperary,Number,215.0
Population,2022,Female,Smoke occasionally,60-64 years,Tipperary,Number,205.0
Population,2022,Female,Smoke occasionally,65-69 years,Tipperary,Number,151.0
Population,2022,Female,Smoke occasionally,70-74 years,Tipperary,Number,88.0
Population,2022,Female,Smoke occasionally,75-79 years,Tipperary,Number,57.0
Population,2022,Female,Smoke occasionally,80-84 years,Tipperary,Number,33.0
Population,2022,Female,Smoke occasionally,85-89 years,Tipperary,Number,16.0
Population,2022,Female,Smoke occasionally,95 years and over,Tipperary,Number,
Population,2022,Female,Smoke occasionally,All Ages,Waterford City and County,Number,2496.0
Population,2022,Female,Smoke occasionally,0 - 14 years,Waterford City and County,Number,
Population,2022,Female,Smoke occasionally,15-19 years,Waterford City and County,Number,129.0
Population,2022,Female,Smoke occasionally,20-24 years,Waterford City and County,Number,327.0
Population,2022,Female,Smoke occasionally,25-29 years,Waterford City and County,Number,253.0
Population,2022,Female,Smoke occasionally,30-34 years,Waterford City and County,Number,275.0
Population,2022,Female,Smoke occasionally,35-39 years,Waterford City and County,Number,275.0
Population,2022,Female,Smoke occasionally,40-44 years,Waterford City and County,Number,295.0
Population,2022,Female,Smoke occasionally,45-49 years,Waterford City and County,Number,220.0
Population,2022,Female,Smoke occasionally,50-54 years,Waterford City and County,Number,200.0
Population,2022,Female,Smoke occasionally,55-59 years,Waterford City and County,Number,166.0
Population,2022,Female,Smoke occasionally,60-64 years,Waterford City and County,Number,127.0
Population,2022,Female,Smoke occasionally,65-69 years,Waterford City and County,Number,88.0
Population,2022,Female,Smoke occasionally,70-74 years,Waterford City and County,Number,77.0
Population,2022,Female,Smoke occasionally,75-79 years,Waterford City and County,Number,34.0
Population,2022,Female,Smoke occasionally,80-84 years,Waterford City and County,Number,
Population,2022,Female,Smoke occasionally,85-89 years,Waterford City and County,Number,
Population,2022,Female,Smoke occasionally,95 years and over,Waterford City and County,Number,0.0
Population,2022,Female,Smoke occasionally,All Ages,Galway City,Number,2665.0
Population,2022,Female,Smoke occasionally,0 - 14 years,Galway City,Number,
Population,2022,Female,Smoke occasionally,15-19 years,Galway City,Number,226.0
Population,2022,Female,Smoke occasionally,20-24 years,Galway City,Number,789.0
Population,2022,Female,Smoke occasionally,25-29 years,Galway City,Number,432.0
Population,2022,Female,Smoke occasionally,30-34 years,Galway City,Number,284.0
Population,2022,Female,Smoke occasionally,35-39 years,Galway City,Number,237.0
Population,2022,Female,Smoke occasionally,40-44 years,Galway City,Number,180.0
Population,2022,Female,Smoke occasionally,45-49 years,Galway City,Number,148.0
Population,2022,Female,Smoke occasionally,50-54 years,Galway City,Number,91.0
Population,2022,Female,Smoke occasionally,55-59 years,Galway City,Number,74.0
Population,2022,Female,Smoke occasionally,60-64 years,Galway City,Number,76.0
Population,2022,Female,Smoke occasionally,65-69 years,Galway City,Number,52.0
Population,2022,Female,Smoke occasionally,70-74 years,Galway City,Number,34.0
Population,2022,Female,Smoke occasionally,75-79 years,Galway City,Number,23.0
Population,2022,Female,Smoke occasionally,80-84 years,Galway City,Number,
Population,2022,Female,Smoke occasionally,85-89 years,Galway City,Number,
Population,2022,Female,Smoke occasionally,95 years and over,Galway City,Number,
Population,2022,Female,Smoke occasionally,All Ages,Galway County,Number,3313.0
Population,2022,Female,Smoke occasionally,0 - 14 years,Galway County,Number,
Population,2022,Female,Smoke occasionally,15-19 years,Galway County,Number,176.0
Population,2022,Female,Smoke occasionally,20-24 years,Galway County,Number,294.0
Population,2022,Female,Smoke occasionally,25-29 years,Galway County,Number,310.0
Population,2022,Female,Smoke occasionally,30-34 years,Galway County,Number,367.0
Population,2022,Female,Smoke occasionally,35-39 years,Galway County,Number,414.0
Population,2022,Female,Smoke occasionally,40-44 years,Galway County,Number,420.0
Population,2022,Female,Smoke occasionally,45-49 years,Galway County,Number,292.0
Population,2022,Female,Smoke occasionally,50-54 years,Galway County,Number,274.0
Population,2022,Female,Smoke occasionally,55-59 years,Galway County,Number,192.0
Population,2022,Female,Smoke occasionally,60-64 years,Galway County,Number,237.0
Population,2022,Female,Smoke occasionally,65-69 years,Galway County,Number,126.0
Population,2022,Female,Smoke occasionally,70-74 years,Galway County,Number,106.0
Population,2022,Female,Smoke occasionally,75-79 years,Galway County,Number,50.0
Population,2022,Female,Smoke occasionally,80-84 years,Galway County,Number,25.0
Population,2022,Female,Smoke occasionally,85-89 years,Galway County,Number,
Population,2022,Female,Smoke occasionally,95 years and over,Galway County,Number,
Population,2022,Female,Smoke occasionally,All Ages,Leitrim,Number,656.0
Population,2022,Female,Smoke occasionally,0 - 14 years,Leitrim,Number,
Population,2022,Female,Smoke occasionally,15-19 years,Leitrim,Number,26.0
Population,2022,Female,Smoke occasionally,20-24 years,Leitrim,Number,54.0
Population,2022,Female,Smoke occasionally,25-29 years,Leitrim,Number,58.0
Population,2022,Female,Smoke occasionally,30-34 years,Leitrim,Number,61.0
Population,2022,Female,Smoke occasionally,35-39 years,Leitrim,Number,81.0
Population,2022,Female,Smoke occasionally,40-44 years,Leitrim,Number,78.0
Population,2022,Female,Smoke occasionally,45-49 years,Leitrim,Number,57.0
Population,2022,Female,Smoke occasionally,50-54 years,Leitrim,Number,71.0
Population,2022,Female,Smoke occasionally,55-59 years,Leitrim,Number,42.0
Population,2022,Female,Smoke occasionally,60-64 years,Leitrim,Number,43.0
Population,2022,Female,Smoke occasionally,65-69 years,Leitrim,Number,29.0
Population,2022,Female,Smoke occasionally,70-74 years,Leitrim,Number,31.0
Population,2022,Female,Smoke occasionally,75-79 years,Leitrim,Number,14.0
Population,2022,Female,Smoke occasionally,80-84 years,Leitrim,Number,
Population,2022,Female,Smoke occasionally,85-89 years,Leitrim,Number,
Population,2022,Female,Smoke occasionally,95 years and over,Leitrim,Number,0.0
Population,2022,Female,Smoke occasionally,All Ages,Mayo,Number,2624.0
Population,2022,Female,Smoke occasionally,0 - 14 years,Mayo,Number,
Population,2022,Female,Smoke occasionally,15-19 years,Mayo,Number,110.0
Population,2022,Female,Smoke occasionally,20-24 years,Mayo,Number,243.0
Population,2022,Female,Smoke occasionally,25-29 years,Mayo,Number,264.0
Population,2022,Female,Smoke occasionally,30-34 years,Mayo,Number,297.0
Population,2022,Female,Smoke occasionally,35-39 years,Mayo,Number,317.0
Population,2022,Female,Smoke occasionally,40-44 years,Mayo,Number,307.0
Population,2022,Female,Smoke occasionally,45-49 years,Mayo,Number,234.0
Population,2022,Female,Smoke occasionally,50-54 years,Mayo,Number,188.0
Population,2022,Female,Smoke occasionally,55-59 years,Mayo,Number,179.0
Population,2022,Female,Smoke occasionally,60-64 years,Mayo,Number,158.0
Population,2022,Female,Smoke occasionally,65-69 years,Mayo,Number,123.0
Population,2022,Female,Smoke occasionally,70-74 years,Mayo,Number,103.0
Population,2022,Female,Smoke occasionally,75-79 years,Mayo,Number,55.0
Population,2022,Female,Smoke occasionally,80-84 years,Mayo,Number,22.0
Population,2022,Female,Smoke occasionally,85-89 years,Mayo,Number,15.0
Population,2022,Female,Smoke occasionally,95 years and over,Mayo,Number,
Population,2022,Female,Smoke occasionally,All Ages,Roscommon,Number,1245.0
Population,2022,Female,Smoke occasionally,0 - 14 years,Roscommon,Number,
Population,2022,Female,Smoke occasionally,15-19 years,Roscommon,Number,43.0
Population,2022,Female,Smoke occasionally,20-24 years,Roscommon,Number,115.0
Population,2022,Female,Smoke occasionally,25-29 years,Roscommon,Number,98.0
Population,2022,Female,Smoke occasionally,30-34 years,Roscommon,Number,146.0
Population,2022,Female,Smoke occasionally,35-39 years,Roscommon,Number,155.0
Population,2022,Female,Smoke occasionally,40-44 years,Roscommon,Number,131.0
Population,2022,Female,Smoke occasionally,45-49 years,Roscommon,Number,116.0
Population,2022,Female,Smoke occasionally,50-54 years,Roscommon,Number,95.0
Population,2022,Female,Smoke occasionally,55-59 years,Roscommon,Number,86.0
Population,2022,Female,Smoke occasionally,60-64 years,Roscommon,Number,95.0
Population,2022,Female,Smoke occasionally,65-69 years,Roscommon,Number,63.0
Population,2022,Female,Smoke occasionally,70-74 years,Roscommon,Number,50.0
Population,2022,Female,Smoke occasionally,75-79 years,Roscommon,Number,28.0
Population,2022,Female,Smoke occasionally,80-84 years,Roscommon,Number,14.0
Population,2022,Female,Smoke occasionally,85-89 years,Roscommon,Number,
Population,2022,Female,Smoke occasionally,95 years and over,Roscommon,Number,
Population,2022,Female,Smoke occasionally,All Ages,Sligo,Number,1307.0
Population,2022,Female,Smoke occasionally,0 - 14 years,Sligo,Number,
Population,2022,Female,Smoke occasionally,15-19 years,Sligo,Number,87.0
Population,2022,Female,Smoke occasionally,20-24 years,Sligo,Number,212.0
Population,2022,Female,Smoke occasionally,25-29 years,Sligo,Number,132.0
Population,2022,Female,Smoke occasionally,30-34 years,Sligo,Number,126.0
Population,2022,Female,Smoke occasionally,35-39 years,Sligo,Number,142.0
Population,2022,Female,Smoke occasionally,40-44 years,Sligo,Number,115.0
Population,2022,Female,Smoke occasionally,45-49 years,Sligo,Number,104.0
Population,2022,Female,Smoke occasionally,50-54 years,Sligo,Number,98.0
Population,2022,Female,Smoke occasionally,55-59 years,Sligo,Number,97.0
Population,2022,Female,Smoke occasionally,60-64 years,Sligo,Number,61.0
Population,2022,Female,Smoke occasionally,65-69 years,Sligo,Number,58.0
Population,2022,Female,Smoke occasionally,70-74 years,Sligo,Number,20.0
Population,2022,Female,Smoke occasionally,75-79 years,Sligo,Number,29.0
Population,2022,Female,Smoke occasionally,80-84 years,Sligo,Number,13.0
Population,2022,Female,Smoke occasionally,85-89 years,Sligo,Number,7.0
Population,2022,Female,Smoke occasionally,95 years and over,Sligo,Number,
Population,2022,Female,Smoke occasionally,All Ages,Cavan,Number,1445.0
Population,2022,Female,Smoke occasionally,0 - 14 years,Cavan,Number,0.0
Population,2022,Female,Smoke occasionally,15-19 years,Cavan,Number,65.0
Population,2022,Female,Smoke occasionally,20-24 years,Cavan,Number,158.0
Population,2022,Female,Smoke occasionally,25-29 years,Cavan,Number,140.0
Population,2022,Female,Smoke occasionally,30-34 years,Cavan,Number,154.0
Population,2022,Female,Smoke occasionally,35-39 years,Cavan,Number,153.0
Population,2022,Female,Smoke occasionally,40-44 years,Cavan,Number,189.0
Population,2022,Female,Smoke occasionally,45-49 years,Cavan,Number,140.0
Population,2022,Female,Smoke occasionally,50-54 years,Cavan,Number,138.0
Population,2022,Female,Smoke occasionally,55-59 years,Cavan,Number,87.0
Population,2022,Female,Smoke occasionally,60-64 years,Cavan,Number,78.0
Population,2022,Female,Smoke occasionally,65-69 years,Cavan,Number,58.0
Population,2022,Female,Smoke occasionally,70-74 years,Cavan,Number,41.0
Population,2022,Female,Smoke occasionally,75-79 years,Cavan,Number,22.0
Population,2022,Female,Smoke occasionally,80-84 years,Cavan,Number,16.0
Population,2022,Female,Smoke occasionally,85-89 years,Cavan,Number,
Population,2022,Female,Smoke occasionally,95 years and over,Cavan,Number,
Population,2022,Female,Smoke occasionally,All Ages,Donegal,Number,2839.0
Population,2022,Female,Smoke occasionally,0 - 14 years,Donegal,Number,
Population,2022,Female,Smoke occasionally,15-19 years,Donegal,Number,124.0
Population,2022,Female,Smoke occasionally,20-24 years,Donegal,Number,297.0
Population,2022,Female,Smoke occasionally,25-29 years,Donegal,Number,314.0
Population,2022,Female,Smoke occasionally,30-34 years,Donegal,Number,293.0
Population,2022,Female,Smoke occasionally,35-39 years,Donegal,Number,304.0
Population,2022,Female,Smoke occasionally,40-44 years,Donegal,Number,327.0
Population,2022,Female,Smoke occasionally,45-49 years,Donegal,Number,267.0
Population,2022,Female,Smoke occasionally,50-54 years,Donegal,Number,238.0
Population,2022,Female,Smoke occasionally,55-59 years,Donegal,Number,186.0
Population,2022,Female,Smoke occasionally,60-64 years,Donegal,Number,154.0
Population,2022,Female,Smoke occasionally,65-69 years,Donegal,Number,133.0
Population,2022,Female,Smoke occasionally,70-74 years,Donegal,Number,100.0
Population,2022,Female,Smoke occasionally,75-79 years,Donegal,Number,58.0
Population,2022,Female,Smoke occasionally,80-84 years,Donegal,Number,25.0
Population,2022,Female,Smoke occasionally,85-89 years,Donegal,Number,
Population,2022,Female,Smoke occasionally,95 years and over,Donegal,Number,
Population,2022,Female,Smoke occasionally,All Ages,Monaghan,Number,1122.0
Population,2022,Female,Smoke occasionally,0 - 14 years,Monaghan,Number,
Population,2022,Female,Smoke occasionally,15-19 years,Monaghan,Number,52.0
Population,2022,Female,Smoke occasionally,20-24 years,Monaghan,Number,113.0
Population,2022,Female,Smoke occasionally,25-29 years,Monaghan,Number,100.0
Population,2022,Female,Smoke occasionally,30-34 years,Monaghan,Number,140.0
Population,2022,Female,Smoke occasionally,35-39 years,Monaghan,Number,138.0
Population,2022,Female,Smoke occasionally,40-44 years,Monaghan,Number,131.0
Population,2022,Female,Smoke occasionally,45-49 years,Monaghan,Number,94.0
Population,2022,Female,Smoke occasionally,50-54 years,Monaghan,Number,83.0
Population,2022,Female,Smoke occasionally,55-59 years,Monaghan,Number,72.0
Population,2022,Female,Smoke occasionally,60-64 years,Monaghan,Number,74.0
Population,2022,Female,Smoke occasionally,65-69 years,Monaghan,Number,47.0
Population,2022,Female,Smoke occasionally,70-74 years,Monaghan,Number,32.0
Population,2022,Female,Smoke occasionally,75-79 years,Monaghan,Number,25.0
Population,2022,Female,Smoke occasionally,80-84 years,Monaghan,Number,12.0
Population,2022,Female,Smoke occasionally,85-89 years,Monaghan,Number,
Population,2022,Female,Smoke occasionally,95 years and over,Monaghan,Number,0.0
Population,2022,Female,Dont smoke - gave up,All Ages,State,Number,464911.0
Population,2022,Female,Dont smoke - gave up,0 - 14 years,State,Number,3337.0
Population,2022,Female,Dont smoke - gave up,15-19 years,State,Number,4137.0
Population,2022,Female,Dont smoke - gave up,20-24 years,State,Number,9631.0
Population,2022,Female,Dont smoke - gave up,25-29 years,State,Number,17021.0
Population,2022,Female,Dont smoke - gave up,30-34 years,State,Number,29078.0
Population,2022,Female,Dont smoke - gave up,35-39 years,State,Number,44707.0
Population,2022,Female,Dont smoke - gave up,40-44 years,State,Number,53684.0
Population,2022,Female,Dont smoke - gave up,45-49 years,State,Number,49900.0
Population,2022,Female,Dont smoke - gave up,50-54 years,State,Number,46992.0
Population,2022,Female,Dont smoke - gave up,55-59 years,State,Number,43167.0
Population,2022,Female,Dont smoke - gave up,60-64 years,State,Number,42065.0
Population,2022,Female,Dont smoke - gave up,65-69 years,State,Number,38771.0
Population,2022,Female,Dont smoke - gave up,70-74 years,State,Number,32024.0
Population,2022,Female,Dont smoke - gave up,75-79 years,State,Number,24520.0
Population,2022,Female,Dont smoke - gave up,80-84 years,State,Number,14188.0
Population,2022,Female,Dont smoke - gave up,85-89 years,State,Number,10922.0
Population,2022,Female,Dont smoke - gave up,95 years and over,State,Number,767.0
Population,2022,Female,Dont smoke - gave up,All Ages,Carlow,Number,5655.0
Population,2022,Female,Dont smoke - gave up,0 - 14 years,Carlow,Number,31.0
Population,2022,Female,Dont smoke - gave up,15-19 years,Carlow,Number,68.0
Population,2022,Female,Dont smoke - gave up,20-24 years,Carlow,Number,131.0
Population,2022,Female,Dont smoke - gave up,25-29 years,Carlow,Number,233.0
Population,2022,Female,Dont smoke - gave up,30-34 years,Carlow,Number,379.0
Population,2022,Female,Dont smoke - gave up,35-39 years,Carlow,Number,554.0
Population,2022,Female,Dont smoke - gave up,40-44 years,Carlow,Number,606.0
Population,2022,Female,Dont smoke - gave up,45-49 years,Carlow,Number,640.0
Population,2022,Female,Dont smoke - gave up,50-54 years,Carlow,Number,587.0
Population,2022,Female,Dont smoke - gave up,55-59 years,Carlow,Number,516.0
Population,2022,Female,Dont smoke - gave up,60-64 years,Carlow,Number,516.0
Population,2022,Female,Dont smoke - gave up,65-69 years,Carlow,Number,445.0
Population,2022,Female,Dont smoke - gave up,70-74 years,Carlow,Number,351.0
Population,2022,Female,Dont smoke - gave up,75-79 years,Carlow,Number,276.0
Population,2022,Female,Dont smoke - gave up,80-84 years,Carlow,Number,179.0
Population,2022,Female,Dont smoke - gave up,85-89 years,Carlow,Number,129.0
Population,2022,Female,Dont smoke - gave up,95 years and over,Carlow,Number,14.0
Population,2022,Female,Dont smoke - gave up,All Ages,Dublin City,Number,48612.0
Population,2022,Female,Dont smoke - gave up,0 - 14 years,Dublin City,Number,308.0
Population,2022,Female,Dont smoke - gave up,15-19 years,Dublin City,Number,342.0
Population,2022,Female,Dont smoke - gave up,20-24 years,Dublin City,Number,1331.0
Population,2022,Female,Dont smoke - gave up,25-29 years,Dublin City,Number,2782.0
Population,2022,Female,Dont smoke - gave up,30-34 years,Dublin City,Number,4090.0
Population,2022,Female,Dont smoke - gave up,35-39 years,Dublin City,Number,4650.0
Population,2022,Female,Dont smoke - gave up,40-44 years,Dublin City,Number,4812.0
Population,2022,Female,Dont smoke - gave up,45-49 years,Dublin City,Number,4370.0
Population,2022,Female,Dont smoke - gave up,50-54 years,Dublin City,Number,4494.0
Population,2022,Female,Dont smoke - gave up,55-59 years,Dublin City,Number,4269.0
Population,2022,Female,Dont smoke - gave up,60-64 years,Dublin City,Number,4231.0
Population,2022,Female,Dont smoke - gave up,65-69 years,Dublin City,Number,3782.0
Population,2022,Female,Dont smoke - gave up,70-74 years,Dublin City,Number,3245.0
Population,2022,Female,Dont smoke - gave up,75-79 years,Dublin City,Number,2596.0
Population,2022,Female,Dont smoke - gave up,80-84 years,Dublin City,Number,1725.0
Population,2022,Female,Dont smoke - gave up,85-89 years,Dublin City,Number,1478.0
Population,2022,Female,Dont smoke - gave up,95 years and over,Dublin City,Number,107.0
Population,2022,Female,Dont smoke - gave up,All Ages,Dun Laoghaire-Rathdown,Number,22064.0
Population,2022,Female,Dont smoke - gave up,0 - 14 years,Dun Laoghaire-Rathdown,Number,123.0
Population,2022,Female,Dont smoke - gave up,15-19 years,Dun Laoghaire-Rathdown,Number,133.0
Population,2022,Female,Dont smoke - gave up,20-24 years,Dun Laoghaire-Rathdown,Number,430.0
Population,2022,Female,Dont smoke - gave up,25-29 years,Dun Laoghaire-Rathdown,Number,703.0
Population,2022,Female,Dont smoke - gave up,30-34 years,Dun Laoghaire-Rathdown,Number,1135.0
Population,2022,Female,Dont smoke - gave up,35-39 years,Dun Laoghaire-Rathdown,Number,1790.0
Population,2022,Female,Dont smoke - gave up,40-44 years,Dun Laoghaire-Rathdown,Number,2271.0
Population,2022,Female,Dont smoke - gave up,45-49 years,Dun Laoghaire-Rathdown,Number,2157.0
Population,2022,Female,Dont smoke - gave up,50-54 years,Dun Laoghaire-Rathdown,Number,2179.0
Population,2022,Female,Dont smoke - gave up,55-59 years,Dun Laoghaire-Rathdown,Number,2289.0
Population,2022,Female,Dont smoke - gave up,60-64 years,Dun Laoghaire-Rathdown,Number,2024.0
Population,2022,Female,Dont smoke - gave up,65-69 years,Dun Laoghaire-Rathdown,Number,1886.0
Population,2022,Female,Dont smoke - gave up,70-74 years,Dun Laoghaire-Rathdown,Number,1626.0
Population,2022,Female,Dont smoke - gave up,75-79 years,Dun Laoghaire-Rathdown,Number,1461.0
Population,2022,Female,Dont smoke - gave up,80-84 years,Dun Laoghaire-Rathdown,Number,1001.0
Population,2022,Female,Dont smoke - gave up,85-89 years,Dun Laoghaire-Rathdown,Number,799.0
Population,2022,Female,Dont smoke - gave up,95 years and over,Dun Laoghaire-Rathdown,Number,57.0
Population,2022,Female,Dont smoke - gave up,All Ages,Fingal,Number,26836.0
Population,2022,Female,Dont smoke - gave up,0 - 14 years,Fingal,Number,
Population,2022,Female,Dont smoke - gave up,15-19 years,Fingal,Number,220.0
Population,2022,Female,Dont smoke - gave up,20-24 years,Fingal,Number,544.0
Population,2022,Female,Dont smoke - gave up,25-29 years,Fingal,Number,981.0
Population,2022,Female,Dont smoke - gave up,30-34 years,Fingal,Number,1814.0
Population,2022,Female,Dont smoke - gave up,35-39 years,Fingal,Number,3029.0
Population,2022,Female,Dont smoke - gave up,40-44 years,Fingal,Number,3680.0
Population,2022,Female,Dont smoke - gave up,45-49 years,Fingal,Number,3386.0
Population,2022,Female,Dont smoke - gave up,50-54 years,Fingal,Number,2721.0
Population,2022,Female,Dont smoke - gave up,55-59 years,Fingal,Number,2267.0
Population,2022,Female,Dont smoke - gave up,60-64 years,Fingal,Number,2157.0
Population,2022,Female,Dont smoke - gave up,65-69 years,Fingal,Number,2009.0
Population,2022,Female,Dont smoke - gave up,70-74 years,Fingal,Number,1603.0
Population,2022,Female,Dont smoke - gave up,75-79 years,Fingal,Number,1239.0
Population,2022,Female,Dont smoke - gave up,80-84 years,Fingal,Number,606.0
Population,2022,Female,Dont smoke - gave up,85-89 years,Fingal,Number,370.0
Population,2022,Female,Dont smoke - gave up,95 years and over,Fingal,Number,
Population,2022,Female,Dont smoke - gave up,All Ages,South Dublin,Number,25476.0
Population,2022,Female,Dont smoke - gave up,0 - 14 years,South Dublin,Number,213.0
Population,2022,Female,Dont smoke - gave up,15-19 years,South Dublin,Number,228.0
Population,2022,Female,Dont smoke - gave up,20-24 years,South Dublin,Number,537.0
Population,2022,Female,Dont smoke - gave up,25-29 years,South Dublin,Number,975.0
Population,2022,Female,Dont smoke - gave up,30-34 years,South Dublin,Number,1740.0
Population,2022,Female,Dont smoke - gave up,35-39 years,South Dublin,Number,2616.0
Population,2022,Female,Dont smoke - gave up,40-44 years,South Dublin,Number,3190.0
Population,2022,Female,Dont smoke - gave up,45-49 years,South Dublin,Number,2720.0
Population,2022,Female,Dont smoke - gave up,50-54 years,South Dublin,Number,2273.0
Population,2022,Female,Dont smoke - gave up,55-59 years,South Dublin,Number,2145.0
Population,2022,Female,Dont smoke - gave up,60-64 years,South Dublin,Number,2254.0
Population,2022,Female,Dont smoke - gave up,65-69 years,South Dublin,Number,2288.0
Population,2022,Female,Dont smoke - gave up,70-74 years,South Dublin,Number,1923.0
Population,2022,Female,Dont smoke - gave up,75-79 years,South Dublin,Number,1260.0
Population,2022,Female,Dont smoke - gave up,80-84 years,South Dublin,Number,656.0
Population,2022,Female,Dont smoke - gave up,85-89 years,South Dublin,Number,428.0
Population,2022,Female,Dont smoke - gave up,95 years and over,South Dublin,Number,30.0
Population,2022,Female,Dont smoke - gave up,All Ages,Kildare,Number,21546.0
Population,2022,Female,Dont smoke - gave up,0 - 14 years,Kildare,Number,
Population,2022,Female,Dont smoke - gave up,15-19 years,Kildare,Number,230.0
Population,2022,Female,Dont smoke - gave up,20-24 years,Kildare,Number,467.0
Population,2022,Female,Dont smoke - gave up,25-29 years,Kildare,Number,810.0
Population,2022,Female,Dont smoke - gave up,30-34 years,Kildare,Number,1422.0
Population,2022,Female,Dont smoke - gave up,35-39 years,Kildare,Number,2424.0
Population,2022,Female,Dont smoke - gave up,40-44 years,Kildare,Number,2858.0
Population,2022,Female,Dont smoke - gave up,45-49 years,Kildare,Number,2624.0
Population,2022,Female,Dont smoke - gave up,50-54 years,Kildare,Number,2292.0
Population,2022,Female,Dont smoke - gave up,55-59 years,Kildare,Number,1999.0
Population,2022,Female,Dont smoke - gave up,60-64 years,Kildare,Number,1733.0
Population,2022,Female,Dont smoke - gave up,65-69 years,Kildare,Number,1620.0
Population,2022,Female,Dont smoke - gave up,70-74 years,Kildare,Number,1273.0
Population,2022,Female,Dont smoke - gave up,75-79 years,Kildare,Number,869.0
Population,2022,Female,Dont smoke - gave up,80-84 years,Kildare,Number,433.0
Population,2022,Female,Dont smoke - gave up,85-89 years,Kildare,Number,314.0
Population,2022,Female,Dont smoke - gave up,95 years and over,Kildare,Number,
Population,2022,Female,Dont smoke - gave up,All Ages,Kilkenny,Number,9781.0
Population,2022,Female,Dont smoke - gave up,0 - 14 years,Kilkenny,Number,
Population,2022,Female,Dont smoke - gave up,15-19 years,Kilkenny,Number,100.0
Population,2022,Female,Dont smoke - gave up,20-24 years,Kilkenny,Number,170.0
Population,2022,Female,Dont smoke - gave up,25-29 years,Kilkenny,Number,321.0
Population,2022,Female,Dont smoke - gave up,30-34 years,Kilkenny,Number,557.0
Population,2022,Female,Dont smoke - gave up,35-39 years,Kilkenny,Number,902.0
Population,2022,Female,Dont smoke - gave up,40-44 years,Kilkenny,Number,1116.0
Population,2022,Female,Dont smoke - gave up,45-49 years,Kilkenny,Number,1091.0
Population,2022,Female,Dont smoke - gave up,50-54 years,Kilkenny,Number,1050.0
Population,2022,Female,Dont smoke - gave up,55-59 years,Kilkenny,Number,969.0
Population,2022,Female,Dont smoke - gave up,60-64 years,Kilkenny,Number,947.0
Population,2022,Female,Dont smoke - gave up,65-69 years,Kilkenny,Number,810.0
Population,2022,Female,Dont smoke - gave up,70-74 years,Kilkenny,Number,653.0
Population,2022,Female,Dont smoke - gave up,75-79 years,Kilkenny,Number,490.0
Population,2022,Female,Dont smoke - gave up,80-84 years,Kilkenny,Number,276.0
Population,2022,Female,Dont smoke - gave up,85-89 years,Kilkenny,Number,226.0
Population,2022,Female,Dont smoke - gave up,95 years and over,Kilkenny,Number,
Population,2022,Female,Dont smoke - gave up,All Ages,Laois,Number,7991.0
Population,2022,Female,Dont smoke - gave up,0 - 14 years,Laois,Number,90.0
Population,2022,Female,Dont smoke - gave up,15-19 years,Laois,Number,96.0
Population,2022,Female,Dont smoke - gave up,20-24 years,Laois,Number,169.0
Population,2022,Female,Dont smoke - gave up,25-29 years,Laois,Number,306.0
Population,2022,Female,Dont smoke - gave up,30-34 years,Laois,Number,531.0
Population,2022,Female,Dont smoke - gave up,35-39 years,Laois,Number,928.0
Population,2022,Female,Dont smoke - gave up,40-44 years,Laois,Number,986.0
Population,2022,Female,Dont smoke - gave up,45-49 years,Laois,Number,923.0
Population,2022,Female,Dont smoke - gave up,50-54 years,Laois,Number,803.0
Population,2022,Female,Dont smoke - gave up,55-59 years,Laois,Number,744.0
Population,2022,Female,Dont smoke - gave up,60-64 years,Laois,Number,708.0
Population,2022,Female,Dont smoke - gave up,65-69 years,Laois,Number,604.0
Population,2022,Female,Dont smoke - gave up,70-74 years,Laois,Number,438.0
Population,2022,Female,Dont smoke - gave up,75-79 years,Laois,Number,312.0
Population,2022,Female,Dont smoke - gave up,80-84 years,Laois,Number,200.0
Population,2022,Female,Dont smoke - gave up,85-89 years,Laois,Number,145.0
Population,2022,Female,Dont smoke - gave up,95 years and over,Laois,Number,8.0
Population,2022,Female,Dont smoke - gave up,All Ages,Longford,Number,3836.0
Population,2022,Female,Dont smoke - gave up,0 - 14 years,Longford,Number,
Population,2022,Female,Dont smoke - gave up,15-19 years,Longford,Number,56.0
Population,2022,Female,Dont smoke - gave up,20-24 years,Longford,Number,67.0
Population,2022,Female,Dont smoke - gave up,25-29 years,Longford,Number,131.0
Population,2022,Female,Dont smoke - gave up,30-34 years,Longford,Number,207.0
Population,2022,Female,Dont smoke - gave up,35-39 years,Longford,Number,394.0
Population,2022,Female,Dont smoke - gave up,40-44 years,Longford,Number,433.0
Population,2022,Female,Dont smoke - gave up,45-49 years,Longford,Number,400.0
Population,2022,Female,Dont smoke - gave up,50-54 years,Longford,Number,383.0
Population,2022,Female,Dont smoke - gave up,55-59 years,Longford,Number,310.0
Population,2022,Female,Dont smoke - gave up,60-64 years,Longford,Number,331.0
Population,2022,Female,Dont smoke - gave up,65-69 years,Longford,Number,358.0
Population,2022,Female,Dont smoke - gave up,70-74 years,Longford,Number,292.0
Population,2022,Female,Dont smoke - gave up,75-79 years,Longford,Number,225.0
Population,2022,Female,Dont smoke - gave up,80-84 years,Longford,Number,114.0
Population,2022,Female,Dont smoke - gave up,85-89 years,Longford,Number,98.0
Population,2022,Female,Dont smoke - gave up,95 years and over,Longford,Number,
Population,2022,Female,Dont smoke - gave up,All Ages,Louth,Number,12829.0
Population,2022,Female,Dont smoke - gave up,0 - 14 years,Louth,Number,125.0
Population,2022,Female,Dont smoke - gave up,15-19 years,Louth,Number,119.0
Population,2022,Female,Dont smoke - gave up,20-24 years,Louth,Number,285.0
Population,2022,Female,Dont smoke - gave up,25-29 years,Louth,Number,511.0
Population,2022,Female,Dont smoke - gave up,30-34 years,Louth,Number,796.0
Population,2022,Female,Dont smoke - gave up,35-39 years,Louth,Number,1219.0
Population,2022,Female,Dont smoke - gave up,40-44 years,Louth,Number,1571.0
Population,2022,Female,Dont smoke - gave up,45-49 years,Louth,Number,1414.0
Population,2022,Female,Dont smoke - gave up,50-54 years,Louth,Number,1360.0
Population,2022,Female,Dont smoke - gave up,55-59 years,Louth,Number,1147.0
Population,2022,Female,Dont smoke - gave up,60-64 years,Louth,Number,1118.0
Population,2022,Female,Dont smoke - gave up,65-69 years,Louth,Number,992.0
Population,2022,Female,Dont smoke - gave up,70-74 years,Louth,Number,845.0
Population,2022,Female,Dont smoke - gave up,75-79 years,Louth,Number,670.0
Population,2022,Female,Dont smoke - gave up,80-84 years,Louth,Number,396.0
Population,2022,Female,Dont smoke - gave up,85-89 years,Louth,Number,247.0
Population,2022,Female,Dont smoke - gave up,95 years and over,Louth,Number,14.0
Population,2022,Female,Dont smoke - gave up,All Ages,Meath,Number,19416.0
Population,2022,Female,Dont smoke - gave up,0 - 14 years,Meath,Number,
Population,2022,Female,Dont smoke - gave up,15-19 years,Meath,Number,173.0
Population,2022,Female,Dont smoke - gave up,20-24 years,Meath,Number,375.0
Population,2022,Female,Dont smoke - gave up,25-29 years,Meath,Number,615.0
Population,2022,Female,Dont smoke - gave up,30-34 years,Meath,Number,1313.0
Population,2022,Female,Dont smoke - gave up,35-39 years,Meath,Number,2188.0
Population,2022,Female,Dont smoke - gave up,40-44 years,Meath,Number,2630.0
Population,2022,Female,Dont smoke - gave up,45-49 years,Meath,Number,2337.0
Population,2022,Female,Dont smoke - gave up,50-54 years,Meath,Number,2105.0
Population,2022,Female,Dont smoke - gave up,55-59 years,Meath,Number,1684.0
Population,2022,Female,Dont smoke - gave up,60-64 years,Meath,Number,1533.0
Population,2022,Female,Dont smoke - gave up,65-69 years,Meath,Number,1405.0
Population,2022,Female,Dont smoke - gave up,70-74 years,Meath,Number,1184.0
Population,2022,Female,Dont smoke - gave up,75-79 years,Meath,Number,876.0
Population,2022,Female,Dont smoke - gave up,80-84 years,Meath,Number,461.0
Population,2022,Female,Dont smoke - gave up,85-89 years,Meath,Number,358.0
Population,2022,Female,Dont smoke - gave up,95 years and over,Meath,Number,
Population,2022,Female,Dont smoke - gave up,All Ages,Offaly,Number,7472.0
Population,2022,Female,Dont smoke - gave up,0 - 14 years,Offaly,Number,60.0
Population,2022,Female,Dont smoke - gave up,15-19 years,Offaly,Number,81.0
Population,2022,Female,Dont smoke - gave up,20-24 years,Offaly,Number,156.0
Population,2022,Female,Dont smoke - gave up,25-29 years,Offaly,Number,309.0
Population,2022,Female,Dont smoke - gave up,30-34 years,Offaly,Number,496.0
Population,2022,Female,Dont smoke - gave up,35-39 years,Offaly,Number,710.0
Population,2022,Female,Dont smoke - gave up,40-44 years,Offaly,Number,839.0
Population,2022,Female,Dont smoke - gave up,45-49 years,Offaly,Number,783.0
Population,2022,Female,Dont smoke - gave up,50-54 years,Offaly,Number,766.0
Population,2022,Female,Dont smoke - gave up,55-59 years,Offaly,Number,653.0
Population,2022,Female,Dont smoke - gave up,60-64 years,Offaly,Number,687.0
Population,2022,Female,Dont smoke - gave up,65-69 years,Offaly,Number,649.0
Population,2022,Female,Dont smoke - gave up,70-74 years,Offaly,Number,518.0
Population,2022,Female,Dont smoke - gave up,75-79 years,Offaly,Number,348.0
Population,2022,Female,Dont smoke - gave up,80-84 years,Offaly,Number,230.0
Population,2022,Female,Dont smoke - gave up,85-89 years,Offaly,Number,
Population,2022,Female,Dont smoke - gave up,95 years and over,Offaly,Number,
Population,2022,Female,Dont smoke - gave up,All Ages,Westmeath,Number,8656.0
Population,2022,Female,Dont smoke - gave up,0 - 14 years,Westmeath,Number,
Population,2022,Female,Dont smoke - gave up,15-19 years,Westmeath,Number,64.0
Population,2022,Female,Dont smoke - gave up,20-24 years,Westmeath,Number,181.0
Population,2022,Female,Dont smoke - gave up,25-29 years,Westmeath,Number,342.0
Population,2022,Female,Dont smoke - gave up,30-34 years,Westmeath,Number,531.0
Population,2022,Female,Dont smoke - gave up,35-39 years,Westmeath,Number,881.0
Population,2022,Female,Dont smoke - gave up,40-44 years,Westmeath,Number,954.0
Population,2022,Female,Dont smoke - gave up,45-49 years,Westmeath,Number,928.0
Population,2022,Female,Dont smoke - gave up,50-54 years,Westmeath,Number,921.0
Population,2022,Female,Dont smoke - gave up,55-59 years,Westmeath,Number,826.0
Population,2022,Female,Dont smoke - gave up,60-64 years,Westmeath,Number,802.0
Population,2022,Female,Dont smoke - gave up,65-69 years,Westmeath,Number,734.0
Population,2022,Female,Dont smoke - gave up,70-74 years,Westmeath,Number,563.0
Population,2022,Female,Dont smoke - gave up,75-79 years,Westmeath,Number,457.0
Population,2022,Female,Dont smoke - gave up,80-84 years,Westmeath,Number,220.0
Population,2022,Female,Dont smoke - gave up,85-89 years,Westmeath,Number,185.0
Population,2022,Female,Dont smoke - gave up,95 years and over,Westmeath,Number,
Population,2022,Female,Dont smoke - gave up,All Ages,Wexford,Number,16718.0
Population,2022,Female,Dont smoke - gave up,0 - 14 years,Wexford,Number,142.0
Population,2022,Female,Dont smoke - gave up,15-19 years,Wexford,Number,161.0
Population,2022,Female,Dont smoke - gave up,20-24 years,Wexford,Number,337.0
Population,2022,Female,Dont smoke - gave up,25-29 years,Wexford,Number,572.0
Population,2022,Female,Dont smoke - gave up,30-34 years,Wexford,Number,1010.0
Population,2022,Female,Dont smoke - gave up,35-39 years,Wexford,Number,1434.0
Population,2022,Female,Dont smoke - gave up,40-44 years,Wexford,Number,1852.0
Population,2022,Female,Dont smoke - gave up,45-49 years,Wexford,Number,1751.0
Population,2022,Female,Dont smoke - gave up,50-54 years,Wexford,Number,1762.0
Population,2022,Female,Dont smoke - gave up,55-59 years,Wexford,Number,1765.0
Population,2022,Female,Dont smoke - gave up,60-64 years,Wexford,Number,1645.0
Population,2022,Female,Dont smoke - gave up,65-69 years,Wexford,Number,1440.0
Population,2022,Female,Dont smoke - gave up,70-74 years,Wexford,Number,1114.0
Population,2022,Female,Dont smoke - gave up,75-79 years,Wexford,Number,873.0
Population,2022,Female,Dont smoke - gave up,80-84 years,Wexford,Number,465.0
Population,2022,Female,Dont smoke - gave up,85-89 years,Wexford,Number,365.0
Population,2022,Female,Dont smoke - gave up,95 years and over,Wexford,Number,30.0
Population,2022,Female,Dont smoke - gave up,All Ages,Wicklow,Number,15269.0
Population,2022,Female,Dont smoke - gave up,0 - 14 years,Wicklow,Number,99.0
Population,2022,Female,Dont smoke - gave up,15-19 years,Wicklow,Number,140.0
Population,2022,Female,Dont smoke - gave up,20-24 years,Wicklow,Number,255.0
Population,2022,Female,Dont smoke - gave up,25-29 years,Wicklow,Number,466.0
Population,2022,Female,Dont smoke - gave up,30-34 years,Wicklow,Number,889.0
Population,2022,Female,Dont smoke - gave up,35-39 years,Wicklow,Number,1482.0
Population,2022,Female,Dont smoke - gave up,40-44 years,Wicklow,Number,1861.0
Population,2022,Female,Dont smoke - gave up,45-49 years,Wicklow,Number,1728.0
Population,2022,Female,Dont smoke - gave up,50-54 years,Wicklow,Number,1660.0
Population,2022,Female,Dont smoke - gave up,55-59 years,Wicklow,Number,1560.0
Population,2022,Female,Dont smoke - gave up,60-64 years,Wicklow,Number,1370.0
Population,2022,Female,Dont smoke - gave up,65-69 years,Wicklow,Number,1278.0
Population,2022,Female,Dont smoke - gave up,70-74 years,Wicklow,Number,1016.0
Population,2022,Female,Dont smoke - gave up,75-79 years,Wicklow,Number,733.0
Population,2022,Female,Dont smoke - gave up,80-84 years,Wicklow,Number,445.0
Population,2022,Female,Dont smoke - gave up,85-89 years,Wicklow,Number,266.0
Population,2022,Female,Dont smoke - gave up,95 years and over,Wicklow,Number,21.0
Population,2022,Female,Dont smoke - gave up,All Ages,Clare,Number,12505.0
Population,2022,Female,Dont smoke - gave up,0 - 14 years,Clare,Number,
Population,2022,Female,Dont smoke - gave up,15-19 years,Clare,Number,117.0
Population,2022,Female,Dont smoke - gave up,20-24 years,Clare,Number,227.0
Population,2022,Female,Dont smoke - gave up,25-29 years,Clare,Number,395.0
Population,2022,Female,Dont smoke - gave up,30-34 years,Clare,Number,656.0
Population,2022,Female,Dont smoke - gave up,35-39 years,Clare,Number,1076.0
Population,2022,Female,Dont smoke - gave up,40-44 years,Clare,Number,1355.0
Population,2022,Female,Dont smoke - gave up,45-49 years,Clare,Number,1355.0
Population,2022,Female,Dont smoke - gave up,50-54 years,Clare,Number,1323.0
Population,2022,Female,Dont smoke - gave up,55-59 years,Clare,Number,1255.0
Population,2022,Female,Dont smoke - gave up,60-64 years,Clare,Number,1237.0
Population,2022,Female,Dont smoke - gave up,65-69 years,Clare,Number,1065.0
Population,2022,Female,Dont smoke - gave up,70-74 years,Clare,Number,957.0
Population,2022,Female,Dont smoke - gave up,75-79 years,Clare,Number,742.0
Population,2022,Female,Dont smoke - gave up,80-84 years,Clare,Number,387.0
Population,2022,Female,Dont smoke - gave up,85-89 years,Clare,Number,257.0
Population,2022,Female,Dont smoke - gave up,95 years and over,Clare,Number,
Population,2022,Female,Dont smoke - gave up,All Ages,Cork City,Number,19913.0
Population,2022,Female,Dont smoke - gave up,0 - 14 years,Cork City,Number,105.0
Population,2022,Female,Dont smoke - gave up,15-19 years,Cork City,Number,204.0
Population,2022,Female,Dont smoke - gave up,20-24 years,Cork City,Number,600.0
Population,2022,Female,Dont smoke - gave up,25-29 years,Cork City,Number,926.0
Population,2022,Female,Dont smoke - gave up,30-34 years,Cork City,Number,1379.0
Population,2022,Female,Dont smoke - gave up,35-39 years,Cork City,Number,1931.0
Population,2022,Female,Dont smoke - gave up,40-44 years,Cork City,Number,2157.0
Population,2022,Female,Dont smoke - gave up,45-49 years,Cork City,Number,1946.0
Population,2022,Female,Dont smoke - gave up,50-54 years,Cork City,Number,1925.0
Population,2022,Female,Dont smoke - gave up,55-59 years,Cork City,Number,1896.0
Population,2022,Female,Dont smoke - gave up,60-64 years,Cork City,Number,1866.0
Population,2022,Female,Dont smoke - gave up,65-69 years,Cork City,Number,1569.0
Population,2022,Female,Dont smoke - gave up,70-74 years,Cork City,Number,1277.0
Population,2022,Female,Dont smoke - gave up,75-79 years,Cork City,Number,1020.0
Population,2022,Female,Dont smoke - gave up,80-84 years,Cork City,Number,616.0
Population,2022,Female,Dont smoke - gave up,85-89 years,Cork City,Number,474.0
Population,2022,Female,Dont smoke - gave up,95 years and over,Cork City,Number,22.0
Population,2022,Female,Dont smoke - gave up,All Ages,Cork County,Number,33359.0
Population,2022,Female,Dont smoke - gave up,0 - 14 years,Cork County,Number,226.0
Population,2022,Female,Dont smoke - gave up,15-19 years,Cork County,Number,301.0
Population,2022,Female,Dont smoke - gave up,20-24 years,Cork County,Number,554.0
Population,2022,Female,Dont smoke - gave up,25-29 years,Cork County,Number,986.0
Population,2022,Female,Dont smoke - gave up,30-34 years,Cork County,Number,1951.0
Population,2022,Female,Dont smoke - gave up,35-39 years,Cork County,Number,3333.0
Population,2022,Female,Dont smoke - gave up,40-44 years,Cork County,Number,4310.0
Population,2022,Female,Dont smoke - gave up,45-49 years,Cork County,Number,3865.0
Population,2022,Female,Dont smoke - gave up,50-54 years,Cork County,Number,3665.0
Population,2022,Female,Dont smoke - gave up,55-59 years,Cork County,Number,3085.0
Population,2022,Female,Dont smoke - gave up,60-64 years,Cork County,Number,2912.0
Population,2022,Female,Dont smoke - gave up,65-69 years,Cork County,Number,2725.0
Population,2022,Female,Dont smoke - gave up,70-74 years,Cork County,Number,2181.0
Population,2022,Female,Dont smoke - gave up,75-79 years,Cork County,Number,1617.0
Population,2022,Female,Dont smoke - gave up,80-84 years,Cork County,Number,879.0
Population,2022,Female,Dont smoke - gave up,85-89 years,Cork County,Number,706.0
Population,2022,Female,Dont smoke - gave up,95 years and over,Cork County,Number,63.0
Population,2022,Female,Dont smoke - gave up,All Ages,Kerry,Number,15532.0
Population,2022,Female,Dont smoke - gave up,0 - 14 years,Kerry,Number,117.0
Population,2022,Female,Dont smoke - gave up,15-19 years,Kerry,Number,132.0
Population,2022,Female,Dont smoke - gave up,20-24 years,Kerry,Number,278.0
Population,2022,Female,Dont smoke - gave up,25-29 years,Kerry,Number,457.0
Population,2022,Female,Dont smoke - gave up,30-34 years,Kerry,Number,840.0
Population,2022,Female,Dont smoke - gave up,35-39 years,Kerry,Number,1371.0
Population,2022,Female,Dont smoke - gave up,40-44 years,Kerry,Number,1700.0
Population,2022,Female,Dont smoke - gave up,45-49 years,Kerry,Number,1670.0
Population,2022,Female,Dont smoke - gave up,50-54 years,Kerry,Number,1566.0
Population,2022,Female,Dont smoke - gave up,55-59 years,Kerry,Number,1542.0
Population,2022,Female,Dont smoke - gave up,60-64 years,Kerry,Number,1520.0
Population,2022,Female,Dont smoke - gave up,65-69 years,Kerry,Number,1357.0
Population,2022,Female,Dont smoke - gave up,70-74 years,Kerry,Number,1160.0
Population,2022,Female,Dont smoke - gave up,75-79 years,Kerry,Number,916.0
Population,2022,Female,Dont smoke - gave up,80-84 years,Kerry,Number,524.0
Population,2022,Female,Dont smoke - gave up,85-89 years,Kerry,Number,356.0
Population,2022,Female,Dont smoke - gave up,95 years and over,Kerry,Number,26.0
Population,2022,Female,Dont smoke - gave up,All Ages,Limerick City and County,Number,18206.0
Population,2022,Female,Dont smoke - gave up,0 - 14 years,Limerick City and County,Number,133.0
Population,2022,Female,Dont smoke - gave up,15-19 years,Limerick City and County,Number,163.0
Population,2022,Female,Dont smoke - gave up,20-24 years,Limerick City and County,Number,433.0
Population,2022,Female,Dont smoke - gave up,25-29 years,Limerick City and County,Number,711.0
Population,2022,Female,Dont smoke - gave up,30-34 years,Limerick City and County,Number,1088.0
Population,2022,Female,Dont smoke - gave up,35-39 years,Limerick City and County,Number,1702.0
Population,2022,Female,Dont smoke - gave up,40-44 years,Limerick City and County,Number,2020.0
Population,2022,Female,Dont smoke - gave up,45-49 years,Limerick City and County,Number,1966.0
Population,2022,Female,Dont smoke - gave up,50-54 years,Limerick City and County,Number,1797.0
Population,2022,Female,Dont smoke - gave up,55-59 years,Limerick City and County,Number,1624.0
Population,2022,Female,Dont smoke - gave up,60-64 years,Limerick City and County,Number,1637.0
Population,2022,Female,Dont smoke - gave up,65-69 years,Limerick City and County,Number,1601.0
Population,2022,Female,Dont smoke - gave up,70-74 years,Limerick City and County,Number,1293.0
Population,2022,Female,Dont smoke - gave up,75-79 years,Limerick City and County,Number,1027.0
Population,2022,Female,Dont smoke - gave up,80-84 years,Limerick City and County,Number,562.0
Population,2022,Female,Dont smoke - gave up,85-89 years,Limerick City and County,Number,422.0
Population,2022,Female,Dont smoke - gave up,95 years and over,Limerick City and County,Number,27.0
Population,2022,Female,Dont smoke - gave up,All Ages,Tipperary,Number,15855.0
Population,2022,Female,Dont smoke - gave up,0 - 14 years,Tipperary,Number,100.0
Population,2022,Female,Dont smoke - gave up,15-19 years,Tipperary,Number,151.0
Population,2022,Female,Dont smoke - gave up,20-24 years,Tipperary,Number,325.0
Population,2022,Female,Dont smoke - gave up,25-29 years,Tipperary,Number,505.0
Population,2022,Female,Dont smoke - gave up,30-34 years,Tipperary,Number,937.0
Population,2022,Female,Dont smoke - gave up,35-39 years,Tipperary,Number,1445.0
Population,2022,Female,Dont smoke - gave up,40-44 years,Tipperary,Number,1636.0
Population,2022,Female,Dont smoke - gave up,45-49 years,Tipperary,Number,1614.0
Population,2022,Female,Dont smoke - gave up,50-54 years,Tipperary,Number,1615.0
Population,2022,Female,Dont smoke - gave up,55-59 years,Tipperary,Number,1539.0
Population,2022,Female,Dont smoke - gave up,60-64 years,Tipperary,Number,1515.0
Population,2022,Female,Dont smoke - gave up,65-69 years,Tipperary,Number,1404.0
Population,2022,Female,Dont smoke - gave up,70-74 years,Tipperary,Number,1160.0
Population,2022,Female,Dont smoke - gave up,75-79 years,Tipperary,Number,934.0
Population,2022,Female,Dont smoke - gave up,80-84 years,Tipperary,Number,534.0
Population,2022,Female,Dont smoke - gave up,85-89 years,Tipperary,Number,416.0
Population,2022,Female,Dont smoke - gave up,95 years and over,Tipperary,Number,25.0
Population,2022,Female,Dont smoke - gave up,All Ages,Waterford City and County,Number,11882.0
Population,2022,Female,Dont smoke - gave up,0 - 14 years,Waterford City and County,Number,72.0
Population,2022,Female,Dont smoke - gave up,15-19 years,Waterford City and County,Number,112.0
Population,2022,Female,Dont smoke - gave up,20-24 years,Waterford City and County,Number,257.0
Population,2022,Female,Dont smoke - gave up,25-29 years,Waterford City and County,Number,415.0
Population,2022,Female,Dont smoke - gave up,30-34 years,Waterford City and County,Number,686.0
Population,2022,Female,Dont smoke - gave up,35-39 years,Waterford City and County,Number,1106.0
Population,2022,Female,Dont smoke - gave up,40-44 years,Waterford City and County,Number,1340.0
Population,2022,Female,Dont smoke - gave up,45-49 years,Waterford City and County,Number,1276.0
Population,2022,Female,Dont smoke - gave up,50-54 years,Waterford City and County,Number,1201.0
Population,2022,Female,Dont smoke - gave up,55-59 years,Waterford City and County,Number,1176.0
Population,2022,Female,Dont smoke - gave up,60-64 years,Waterford City and County,Number,1135.0
Population,2022,Female,Dont smoke - gave up,65-69 years,Waterford City and County,Number,988.0
Population,2022,Female,Dont smoke - gave up,70-74 years,Waterford City and County,Number,832.0
Population,2022,Female,Dont smoke - gave up,75-79 years,Waterford City and County,Number,623.0
Population,2022,Female,Dont smoke - gave up,80-84 years,Waterford City and County,Number,345.0
Population,2022,Female,Dont smoke - gave up,85-89 years,Waterford City and County,Number,302.0
Population,2022,Female,Dont smoke - gave up,95 years and over,Waterford City and County,Number,16.0
Population,2022,Female,Dont smoke - gave up,All Ages,Galway City,Number,7175.0
Population,2022,Female,Dont smoke - gave up,0 - 14 years,Galway City,Number,43.0
Population,2022,Female,Dont smoke - gave up,15-19 years,Galway City,Number,77.0
Population,2022,Female,Dont smoke - gave up,20-24 years,Galway City,Number,306.0
Population,2022,Female,Dont smoke - gave up,25-29 years,Galway City,Number,416.0
Population,2022,Female,Dont smoke - gave up,30-34 years,Galway City,Number,510.0
Population,2022,Female,Dont smoke - gave up,35-39 years,Galway City,Number,701.0
Population,2022,Female,Dont smoke - gave up,40-44 years,Galway City,Number,832.0
Population,2022,Female,Dont smoke - gave up,45-49 years,Galway City,Number,718.0
Population,2022,Female,Dont smoke - gave up,50-54 years,Galway City,Number,600.0
Population,2022,Female,Dont smoke - gave up,55-59 years,Galway City,Number,589.0
Population,2022,Female,Dont smoke - gave up,60-64 years,Galway City,Number,560.0
Population,2022,Female,Dont smoke - gave up,65-69 years,Galway City,Number,564.0
Population,2022,Female,Dont smoke - gave up,70-74 years,Galway City,Number,463.0
Population,2022,Female,Dont smoke - gave up,75-79 years,Galway City,Number,372.0
Population,2022,Female,Dont smoke - gave up,80-84 years,Galway City,Number,251.0
Population,2022,Female,Dont smoke - gave up,85-89 years,Galway City,Number,162.0
Population,2022,Female,Dont smoke - gave up,95 years and over,Galway City,Number,11.0
Population,2022,Female,Dont smoke - gave up,All Ages,Galway County,Number,18469.0
Population,2022,Female,Dont smoke - gave up,0 - 14 years,Galway County,Number,145.0
Population,2022,Female,Dont smoke - gave up,15-19 years,Galway County,Number,156.0
Population,2022,Female,Dont smoke - gave up,20-24 years,Galway County,Number,261.0
Population,2022,Female,Dont smoke - gave up,25-29 years,Galway County,Number,451.0
Population,2022,Female,Dont smoke - gave up,30-34 years,Galway County,Number,946.0
Population,2022,Female,Dont smoke - gave up,35-39 years,Galway County,Number,1632.0
Population,2022,Female,Dont smoke - gave up,40-44 years,Galway County,Number,2259.0
Population,2022,Female,Dont smoke - gave up,45-49 years,Galway County,Number,2214.0
Population,2022,Female,Dont smoke - gave up,50-54 years,Galway County,Number,1889.0
Population,2022,Female,Dont smoke - gave up,55-59 years,Galway County,Number,1694.0
Population,2022,Female,Dont smoke - gave up,60-64 years,Galway County,Number,1700.0
Population,2022,Female,Dont smoke - gave up,65-69 years,Galway County,Number,1641.0
Population,2022,Female,Dont smoke - gave up,70-74 years,Galway County,Number,1318.0
Population,2022,Female,Dont smoke - gave up,75-79 years,Galway County,Number,1007.0
Population,2022,Female,Dont smoke - gave up,80-84 years,Galway County,Number,599.0
Population,2022,Female,Dont smoke - gave up,85-89 years,Galway County,Number,509.0
Population,2022,Female,Dont smoke - gave up,95 years and over,Galway County,Number,48.0
Population,2022,Female,Dont smoke - gave up,All Ages,Leitrim,Number,3507.0
Population,2022,Female,Dont smoke - gave up,0 - 14 years,Leitrim,Number,24.0
Population,2022,Female,Dont smoke - gave up,15-19 years,Leitrim,Number,39.0
Population,2022,Female,Dont smoke - gave up,20-24 years,Leitrim,Number,42.0
Population,2022,Female,Dont smoke - gave up,25-29 years,Leitrim,Number,95.0
Population,2022,Female,Dont smoke - gave up,30-34 years,Leitrim,Number,192.0
Population,2022,Female,Dont smoke - gave up,35-39 years,Leitrim,Number,299.0
Population,2022,Female,Dont smoke - gave up,40-44 years,Leitrim,Number,383.0
Population,2022,Female,Dont smoke - gave up,45-49 years,Leitrim,Number,363.0
Population,2022,Female,Dont smoke - gave up,50-54 years,Leitrim,Number,369.0
Population,2022,Female,Dont smoke - gave up,55-59 years,Leitrim,Number,345.0
Population,2022,Female,Dont smoke - gave up,60-64 years,Leitrim,Number,337.0
Population,2022,Female,Dont smoke - gave up,65-69 years,Leitrim,Number,337.0
Population,2022,Female,Dont smoke - gave up,70-74 years,Leitrim,Number,273.0
Population,2022,Female,Dont smoke - gave up,75-79 years,Leitrim,Number,213.0
Population,2022,Female,Dont smoke - gave up,80-84 years,Leitrim,Number,93.0
Population,2022,Female,Dont smoke - gave up,85-89 years,Leitrim,Number,94.0
Population,2022,Female,Dont smoke - gave up,95 years and over,Leitrim,Number,9.0
Population,2022,Female,Dont smoke - gave up,All Ages,Mayo,Number,14152.0
Population,2022,Female,Dont smoke - gave up,0 - 14 years,Mayo,Number,72.0
Population,2022,Female,Dont smoke - gave up,15-19 years,Mayo,Number,89.0
Population,2022,Female,Dont smoke - gave up,20-24 years,Mayo,Number,212.0
Population,2022,Female,Dont smoke - gave up,25-29 years,Mayo,Number,372.0
Population,2022,Female,Dont smoke - gave up,30-34 years,Mayo,Number,739.0
Population,2022,Female,Dont smoke - gave up,35-39 years,Mayo,Number,1184.0
Population,2022,Female,Dont smoke - gave up,40-44 years,Mayo,Number,1461.0
Population,2022,Female,Dont smoke - gave up,45-49 years,Mayo,Number,1410.0
Population,2022,Female,Dont smoke - gave up,50-54 years,Mayo,Number,1446.0
Population,2022,Female,Dont smoke - gave up,55-59 years,Mayo,Number,1353.0
Population,2022,Female,Dont smoke - gave up,60-64 years,Mayo,Number,1426.0
Population,2022,Female,Dont smoke - gave up,65-69 years,Mayo,Number,1341.0
Population,2022,Female,Dont smoke - gave up,70-74 years,Mayo,Number,1158.0
Population,2022,Female,Dont smoke - gave up,75-79 years,Mayo,Number,848.0
Population,2022,Female,Dont smoke - gave up,80-84 years,Mayo,Number,560.0
Population,2022,Female,Dont smoke - gave up,85-89 years,Mayo,Number,438.0
Population,2022,Female,Dont smoke - gave up,95 years and over,Mayo,Number,43.0
Population,2022,Female,Dont smoke - gave up,All Ages,Roscommon,Number,6677.0
Population,2022,Female,Dont smoke - gave up,0 - 14 years,Roscommon,Number,48.0
Population,2022,Female,Dont smoke - gave up,15-19 years,Roscommon,Number,46.0
Population,2022,Female,Dont smoke - gave up,20-24 years,Roscommon,Number,91.0
Population,2022,Female,Dont smoke - gave up,25-29 years,Roscommon,Number,173.0
Population,2022,Female,Dont smoke - gave up,30-34 years,Roscommon,Number,327.0
Population,2022,Female,Dont smoke - gave up,35-39 years,Roscommon,Number,599.0
Population,2022,Female,Dont smoke - gave up,40-44 years,Roscommon,Number,723.0
Population,2022,Female,Dont smoke - gave up,45-49 years,Roscommon,Number,642.0
Population,2022,Female,Dont smoke - gave up,50-54 years,Roscommon,Number,679.0
Population,2022,Female,Dont smoke - gave up,55-59 years,Roscommon,Number,623.0
Population,2022,Female,Dont smoke - gave up,60-64 years,Roscommon,Number,673.0
Population,2022,Female,Dont smoke - gave up,65-69 years,Roscommon,Number,630.0
Population,2022,Female,Dont smoke - gave up,70-74 years,Roscommon,Number,546.0
Population,2022,Female,Dont smoke - gave up,75-79 years,Roscommon,Number,409.0
Population,2022,Female,Dont smoke - gave up,80-84 years,Roscommon,Number,249.0
Population,2022,Female,Dont smoke - gave up,85-89 years,Roscommon,Number,206.0
Population,2022,Female,Dont smoke - gave up,95 years and over,Roscommon,Number,13.0
Population,2022,Female,Dont smoke - gave up,All Ages,Sligo,Number,6742.0
Population,2022,Female,Dont smoke - gave up,0 - 14 years,Sligo,Number,48.0
Population,2022,Female,Dont smoke - gave up,15-19 years,Sligo,Number,59.0
Population,2022,Female,Dont smoke - gave up,20-24 years,Sligo,Number,126.0
Population,2022,Female,Dont smoke - gave up,25-29 years,Sligo,Number,223.0
Population,2022,Female,Dont smoke - gave up,30-34 years,Sligo,Number,346.0
Population,2022,Female,Dont smoke - gave up,35-39 years,Sligo,Number,578.0
Population,2022,Female,Dont smoke - gave up,40-44 years,Sligo,Number,740.0
Population,2022,Female,Dont smoke - gave up,45-49 years,Sligo,Number,662.0
Population,2022,Female,Dont smoke - gave up,50-54 years,Sligo,Number,631.0
Population,2022,Female,Dont smoke - gave up,55-59 years,Sligo,Number,597.0
Population,2022,Female,Dont smoke - gave up,60-64 years,Sligo,Number,649.0
Population,2022,Female,Dont smoke - gave up,65-69 years,Sligo,Number,652.0
Population,2022,Female,Dont smoke - gave up,70-74 years,Sligo,Number,540.0
Population,2022,Female,Dont smoke - gave up,75-79 years,Sligo,Number,447.0
Population,2022,Female,Dont smoke - gave up,80-84 years,Sligo,Number,234.0
Population,2022,Female,Dont smoke - gave up,85-89 years,Sligo,Number,198.0
Population,2022,Female,Dont smoke - gave up,95 years and over,Sligo,Number,12.0
Population,2022,Female,Dont smoke - gave up,All Ages,Cavan,Number,7162.0
Population,2022,Female,Dont smoke - gave up,0 - 14 years,Cavan,Number,77.0
Population,2022,Female,Dont smoke - gave up,15-19 years,Cavan,Number,68.0
Population,2022,Female,Dont smoke - gave up,20-24 years,Cavan,Number,140.0
Population,2022,Female,Dont smoke - gave up,25-29 years,Cavan,Number,257.0
Population,2022,Female,Dont smoke - gave up,30-34 years,Cavan,Number,464.0
Population,2022,Female,Dont smoke - gave up,35-39 years,Cavan,Number,727.0
Population,2022,Female,Dont smoke - gave up,40-44 years,Cavan,Number,800.0
Population,2022,Female,Dont smoke - gave up,45-49 years,Cavan,Number,731.0
Population,2022,Female,Dont smoke - gave up,50-54 years,Cavan,Number,729.0
Population,2022,Female,Dont smoke - gave up,55-59 years,Cavan,Number,654.0
Population,2022,Female,Dont smoke - gave up,60-64 years,Cavan,Number,670.0
Population,2022,Female,Dont smoke - gave up,65-69 years,Cavan,Number,635.0
Population,2022,Female,Dont smoke - gave up,70-74 years,Cavan,Number,476.0
Population,2022,Female,Dont smoke - gave up,75-79 years,Cavan,Number,359.0
Population,2022,Female,Dont smoke - gave up,80-84 years,Cavan,Number,190.0
Population,2022,Female,Dont smoke - gave up,85-89 years,Cavan,Number,178.0
Population,2022,Female,Dont smoke - gave up,95 years and over,Cavan,Number,7.0
Population,2022,Female,Dont smoke - gave up,All Ages,Donegal,Number,16113.0
Population,2022,Female,Dont smoke - gave up,0 - 14 years,Donegal,Number,108.0
Population,2022,Female,Dont smoke - gave up,15-19 years,Donegal,Number,149.0
Population,2022,Female,Dont smoke - gave up,20-24 years,Donegal,Number,243.0
Population,2022,Female,Dont smoke - gave up,25-29 years,Donegal,Number,446.0
Population,2022,Female,Dont smoke - gave up,30-34 years,Donegal,Number,790.0
Population,2022,Female,Dont smoke - gave up,35-39 years,Donegal,Number,1307.0
Population,2022,Female,Dont smoke - gave up,40-44 years,Donegal,Number,1684.0
Population,2022,Female,Dont smoke - gave up,45-49 years,Donegal,Number,1612.0
Population,2022,Female,Dont smoke - gave up,50-54 years,Donegal,Number,1665.0
Population,2022,Female,Dont smoke - gave up,55-59 years,Donegal,Number,1570.0
Population,2022,Female,Dont smoke - gave up,60-64 years,Donegal,Number,1637.0
Population,2022,Female,Dont smoke - gave up,65-69 years,Donegal,Number,1472.0
Population,2022,Female,Dont smoke - gave up,70-74 years,Donegal,Number,1323.0
Population,2022,Female,Dont smoke - gave up,75-79 years,Donegal,Number,1003.0
Population,2022,Female,Dont smoke - gave up,80-84 years,Donegal,Number,580.0
Population,2022,Female,Dont smoke - gave up,85-89 years,Donegal,Number,491.0
Population,2022,Female,Dont smoke - gave up,95 years and over,Donegal,Number,33.0
Population,2022,Female,Dont smoke - gave up,All Ages,Monaghan,Number,5505.0
Population,2022,Female,Dont smoke - gave up,0 - 14 years,Monaghan,Number,64.0
Population,2022,Female,Dont smoke - gave up,15-19 years,Monaghan,Number,63.0
Population,2022,Female,Dont smoke - gave up,20-24 years,Monaghan,Number,101.0
Population,2022,Female,Dont smoke - gave up,25-29 years,Monaghan,Number,136.0
Population,2022,Female,Dont smoke - gave up,30-34 years,Monaghan,Number,317.0
Population,2022,Female,Dont smoke - gave up,35-39 years,Monaghan,Number,515.0
Population,2022,Female,Dont smoke - gave up,40-44 years,Monaghan,Number,625.0
Population,2022,Female,Dont smoke - gave up,45-49 years,Monaghan,Number,604.0
Population,2022,Female,Dont smoke - gave up,50-54 years,Monaghan,Number,536.0
Population,2022,Female,Dont smoke - gave up,55-59 years,Monaghan,Number,482.0
Population,2022,Female,Dont smoke - gave up,60-64 years,Monaghan,Number,535.0
Population,2022,Female,Dont smoke - gave up,65-69 years,Monaghan,Number,490.0
Population,2022,Female,Dont smoke - gave up,70-74 years,Monaghan,Number,423.0
Population,2022,Female,Dont smoke - gave up,75-79 years,Monaghan,Number,298.0
Population,2022,Female,Dont smoke - gave up,80-84 years,Monaghan,Number,178.0
Population,2022,Female,Dont smoke - gave up,85-89 years,Monaghan,Number,127.0
Population,2022,Female,Dont smoke - gave up,95 years and over,Monaghan,Number,11.0
Population,2022,Female,Never smoked,All Ages,State,Number,1656464.0
Population,2022,Female,Never smoked,0 - 14 years,State,Number,442461.0
Population,2022,Female,Never smoked,15-19 years,State,Number,141741.0
Population,2022,Female,Never smoked,20-24 years,State,Number,105036.0
Population,2022,Female,Never smoked,25-29 years,State,Number,92044.0
Population,2022,Female,Never smoked,30-34 years,State,Number,98914.0
Population,2022,Female,Never smoked,35-39 years,State,Number,106762.0
Population,2022,Female,Never smoked,40-44 years,State,Number,110260.0
Population,2022,Female,Never smoked,45-49 years,State,Number,98873.0
Population,2022,Female,Never smoked,50-54 years,State,Number,86666.0
Population,2022,Female,Never smoked,55-59 years,State,Number,80207.0
Population,2022,Female,Never smoked,60-64 years,State,Number,68174.0
Population,2022,Female,Never smoked,65-69 years,State,Number,59853.0
Population,2022,Female,Never smoked,70-74 years,State,Number,54764.0
Population,2022,Female,Never smoked,75-79 years,State,Number,44504.0
Population,2022,Female,Never smoked,80-84 years,State,Number,32101.0
Population,2022,Female,Never smoked,85-89 years,State,Number,31203.0
Population,2022,Female,Never smoked,95 years and over,State,Number,2901.0
Population,2022,Female,Never smoked,All Ages,Carlow,Number,19341.0
Population,2022,Female,Never smoked,0 - 14 years,Carlow,Number,5494.0
Population,2022,Female,Never smoked,15-19 years,Carlow,Number,1772.0
Population,2022,Female,Never smoked,20-24 years,Carlow,Number,1162.0
Population,2022,Female,Never smoked,25-29 years,Carlow,Number,897.0
Population,2022,Female,Never smoked,30-34 years,Carlow,Number,992.0
Population,2022,Female,Never smoked,35-39 years,Carlow,Number,1186.0
Population,2022,Female,Never smoked,40-44 years,Carlow,Number,1257.0
Population,2022,Female,Never smoked,45-49 years,Carlow,Number,1134.0
Population,2022,Female,Never smoked,50-54 years,Carlow,Number,979.0
Population,2022,Female,Never smoked,55-59 years,Carlow,Number,984.0
Population,2022,Female,Never smoked,60-64 years,Carlow,Number,809.0
Population,2022,Female,Never smoked,65-69 years,Carlow,Number,760.0
Population,2022,Female,Never smoked,70-74 years,Carlow,Number,670.0
Population,2022,Female,Never smoked,75-79 years,Carlow,Number,503.0
Population,2022,Female,Never smoked,80-84 years,Carlow,Number,405.0
Population,2022,Female,Never smoked,85-89 years,Carlow,Number,314.0
Population,2022,Female,Never smoked,95 years and over,Carlow,Number,23.0
Population,2022,Female,Never smoked,All Ages,Dublin City,Number,171817.0
Population,2022,Female,Never smoked,0 - 14 years,Dublin City,Number,34466.0
Population,2022,Female,Never smoked,15-19 years,Dublin City,Number,11232.0
Population,2022,Female,Never smoked,20-24 years,Dublin City,Number,15445.0
Population,2022,Female,Never smoked,25-29 years,Dublin City,Number,18689.0
Population,2022,Female,Never smoked,30-34 years,Dublin City,Number,16823.0
Population,2022,Female,Never smoked,35-39 years,Dublin City,Number,13061.0
Population,2022,Female,Never smoked,40-44 years,Dublin City,Number,10967.0
Population,2022,Female,Never smoked,45-49 years,Dublin City,Number,8632.0
Population,2022,Female,Never smoked,50-54 years,Dublin City,Number,7740.0
Population,2022,Female,Never smoked,55-59 years,Dublin City,Number,7094.0
Population,2022,Female,Never smoked,60-64 years,Dublin City,Number,5981.0
Population,2022,Female,Never smoked,65-69 years,Dublin City,Number,4857.0
Population,2022,Female,Never smoked,70-74 years,Dublin City,Number,4573.0
Population,2022,Female,Never smoked,75-79 years,Dublin City,Number,4003.0
Population,2022,Female,Never smoked,80-84 years,Dublin City,Number,3711.0
Population,2022,Female,Never smoked,85-89 years,Dublin City,Number,4191.0
Population,2022,Female,Never smoked,95 years and over,Dublin City,Number,352.0
Population,2022,Female,Never smoked,All Ages,Dun Laoghaire-Rathdown,Number,84456.0
Population,2022,Female,Never smoked,0 - 14 years,Dun Laoghaire-Rathdown,Number,19587.0
Population,2022,Female,Never smoked,15-19 years,Dun Laoghaire-Rathdown,Number,6520.0
Population,2022,Female,Never smoked,20-24 years,Dun Laoghaire-Rathdown,Number,6331.0
Population,2022,Female,Never smoked,25-29 years,Dun Laoghaire-Rathdown,Number,5418.0
Population,2022,Female,Never smoked,30-34 years,Dun Laoghaire-Rathdown,Number,5581.0
Population,2022,Female,Never smoked,35-39 years,Dun Laoghaire-Rathdown,Number,5509.0
Population,2022,Female,Never smoked,40-44 years,Dun Laoghaire-Rathdown,Number,5672.0
Population,2022,Female,Never smoked,45-49 years,Dun Laoghaire-Rathdown,Number,4733.0
Population,2022,Female,Never smoked,50-54 years,Dun Laoghaire-Rathdown,Number,4370.0
Population,2022,Female,Never smoked,55-59 years,Dun Laoghaire-Rathdown,Number,4048.0
Population,2022,Female,Never smoked,60-64 years,Dun Laoghaire-Rathdown,Number,3551.0
Population,2022,Female,Never smoked,65-69 years,Dun Laoghaire-Rathdown,Number,3074.0
Population,2022,Female,Never smoked,70-74 years,Dun Laoghaire-Rathdown,Number,2893.0
Population,2022,Female,Never smoked,75-79 years,Dun Laoghaire-Rathdown,Number,2627.0
Population,2022,Female,Never smoked,80-84 years,Dun Laoghaire-Rathdown,Number,2159.0
Population,2022,Female,Never smoked,85-89 years,Dun Laoghaire-Rathdown,Number,2179.0
Population,2022,Female,Never smoked,95 years and over,Dun Laoghaire-Rathdown,Number,204.0
Population,2022,Female,Never smoked,All Ages,Fingal,Number,111543.0
Population,2022,Female,Never smoked,0 - 14 years,Fingal,Number,32043.0
Population,2022,Female,Never smoked,15-19 years,Fingal,Number,9874.0
Population,2022,Female,Never smoked,20-24 years,Fingal,Number,6764.0
Population,2022,Female,Never smoked,25-29 years,Fingal,Number,5933.0
Population,2022,Female,Never smoked,30-34 years,Fingal,Number,6933.0
Population,2022,Female,Never smoked,35-39 years,Fingal,Number,8234.0
Population,2022,Female,Never smoked,40-44 years,Fingal,Number,8778.0
Population,2022,Female,Never smoked,45-49 years,Fingal,Number,7773.0
Population,2022,Female,Never smoked,50-54 years,Fingal,Number,6045.0
Population,2022,Female,Never smoked,55-59 years,Fingal,Number,4761.0
Population,2022,Female,Never smoked,60-64 years,Fingal,Number,3808.0
Population,2022,Female,Never smoked,65-69 years,Fingal,Number,3145.0
Population,2022,Female,Never smoked,70-74 years,Fingal,Number,2843.0
Population,2022,Female,Never smoked,75-79 years,Fingal,Number,2141.0
Population,2022,Female,Never smoked,80-84 years,Fingal,Number,1288.0
Population,2022,Female,Never smoked,85-89 years,Fingal,Number,1085.0
Population,2022,Female,Never smoked,95 years and over,Fingal,Number,95.0
Population,2022,Female,Never smoked,All Ages,South Dublin,Number,99380.0
Population,2022,Female,Never smoked,0 - 14 years,South Dublin,Number,27595.0
Population,2022,Female,Never smoked,15-19 years,South Dublin,Number,8657.0
Population,2022,Female,Never smoked,20-24 years,South Dublin,Number,6545.0
Population,2022,Female,Never smoked,25-29 years,South Dublin,Number,5782.0
Population,2022,Female,Never smoked,30-34 years,South Dublin,Number,6366.0
Population,2022,Female,Never smoked,35-39 years,South Dublin,Number,7144.0
Population,2022,Female,Never smoked,40-44 years,South Dublin,Number,7220.0
Population,2022,Female,Never smoked,45-49 years,South Dublin,Number,5878.0
Population,2022,Female,Never smoked,50-54 years,South Dublin,Number,4862.0
Population,2022,Female,Never smoked,55-59 years,South Dublin,Number,4211.0
Population,2022,Female,Never smoked,60-64 years,South Dublin,Number,3618.0
Population,2022,Female,Never smoked,65-69 years,South Dublin,Number,3335.0
Population,2022,Female,Never smoked,70-74 years,South Dublin,Number,3051.0
Population,2022,Female,Never smoked,75-79 years,South Dublin,Number,2280.0
Population,2022,Female,Never smoked,80-84 years,South Dublin,Number,1498.0
Population,2022,Female,Never smoked,85-89 years,South Dublin,Number,1235.0
Population,2022,Female,Never smoked,95 years and over,South Dublin,Number,103.0
Population,2022,Female,Never smoked,All Ages,Kildare,Number,83285.0
Population,2022,Female,Never smoked,0 - 14 years,Kildare,Number,23946.0
Population,2022,Female,Never smoked,15-19 years,Kildare,Number,7643.0
Population,2022,Female,Never smoked,20-24 years,Kildare,Number,5147.0
Population,2022,Female,Never smoked,25-29 years,Kildare,Number,4117.0
Population,2022,Female,Never smoked,30-34 years,Kildare,Number,4919.0
Population,2022,Female,Never smoked,35-39 years,Kildare,Number,5774.0
Population,2022,Female,Never smoked,40-44 years,Kildare,Number,6061.0
Population,2022,Female,Never smoked,45-49 years,Kildare,Number,5453.0
Population,2022,Female,Never smoked,50-54 years,Kildare,Number,4581.0
Population,2022,Female,Never smoked,55-59 years,Kildare,Number,3920.0
Population,2022,Female,Never smoked,60-64 years,Kildare,Number,3054.0
Population,2022,Female,Never smoked,65-69 years,Kildare,Number,2627.0
Population,2022,Female,Never smoked,70-74 years,Kildare,Number,2292.0
Population,2022,Female,Never smoked,75-79 years,Kildare,Number,1676.0
Population,2022,Female,Never smoked,80-84 years,Kildare,Number,1046.0
Population,2022,Female,Never smoked,85-89 years,Kildare,Number,935.0
Population,2022,Female,Never smoked,95 years and over,Kildare,Number,94.0
Population,2022,Female,Never smoked,All Ages,Kilkenny,Number,34042.0
Population,2022,Female,Never smoked,0 - 14 years,Kilkenny,Number,9359.0
Population,2022,Female,Never smoked,15-19 years,Kilkenny,Number,3047.0
Population,2022,Female,Never smoked,20-24 years,Kilkenny,Number,1756.0
Population,2022,Female,Never smoked,25-29 years,Kilkenny,Number,1600.0
Population,2022,Female,Never smoked,30-34 years,Kilkenny,Number,1698.0
Population,2022,Female,Never smoked,35-39 years,Kilkenny,Number,2082.0
Population,2022,Female,Never smoked,40-44 years,Kilkenny,Number,2167.0
Population,2022,Female,Never smoked,45-49 years,Kilkenny,Number,2112.0
Population,2022,Female,Never smoked,50-54 years,Kilkenny,Number,1866.0
Population,2022,Female,Never smoked,55-59 years,Kilkenny,Number,1781.0
Population,2022,Female,Never smoked,60-64 years,Kilkenny,Number,1558.0
Population,2022,Female,Never smoked,65-69 years,Kilkenny,Number,1329.0
Population,2022,Female,Never smoked,70-74 years,Kilkenny,Number,1221.0
Population,2022,Female,Never smoked,75-79 years,Kilkenny,Number,1033.0
Population,2022,Female,Never smoked,80-84 years,Kilkenny,Number,682.0
Population,2022,Female,Never smoked,85-89 years,Kilkenny,Number,680.0
Population,2022,Female,Never smoked,95 years and over,Kilkenny,Number,71.0
Population,2022,Female,Never smoked,All Ages,Laois,Number,29595.0
Population,2022,Female,Never smoked,0 - 14 years,Laois,Number,8893.0
Population,2022,Female,Never smoked,15-19 years,Laois,Number,2826.0
Population,2022,Female,Never smoked,20-24 years,Laois,Number,1658.0
Population,2022,Female,Never smoked,25-29 years,Laois,Number,1281.0
Population,2022,Female,Never smoked,30-34 years,Laois,Number,1486.0
Population,2022,Female,Never smoked,35-39 years,Laois,Number,1974.0
Population,2022,Female,Never smoked,40-44 years,Laois,Number,2136.0
Population,2022,Female,Never smoked,45-49 years,Laois,Number,1789.0
Population,2022,Female,Never smoked,50-54 years,Laois,Number,1546.0
Population,2022,Female,Never smoked,55-59 years,Laois,Number,1366.0
Population,2022,Female,Never smoked,60-64 years,Laois,Number,1118.0
Population,2022,Female,Never smoked,65-69 years,Laois,Number,996.0
Population,2022,Female,Never smoked,70-74 years,Laois,Number,849.0
Population,2022,Female,Never smoked,75-79 years,Laois,Number,754.0
Population,2022,Female,Never smoked,80-84 years,Laois,Number,450.0
Population,2022,Female,Never smoked,85-89 years,Laois,Number,442.0
Population,2022,Female,Never smoked,95 years and over,Laois,Number,31.0
Population,2022,Female,Never smoked,All Ages,Longford,Number,13632.0
Population,2022,Female,Never smoked,0 - 14 years,Longford,Number,4018.0
Population,2022,Female,Never smoked,15-19 years,Longford,Number,1214.0
Population,2022,Female,Never smoked,20-24 years,Longford,Number,682.0
Population,2022,Female,Never smoked,25-29 years,Longford,Number,551.0
Population,2022,Female,Never smoked,30-34 years,Longford,Number,665.0
Population,2022,Female,Never smoked,35-39 years,Longford,Number,801.0
Population,2022,Female,Never smoked,40-44 years,Longford,Number,907.0
Population,2022,Female,Never smoked,45-49 years,Longford,Number,823.0
Population,2022,Female,Never smoked,50-54 years,Longford,Number,686.0
Population,2022,Female,Never smoked,55-59 years,Longford,Number,674.0
Population,2022,Female,Never smoked,60-64 years,Longford,Number,584.0
Population,2022,Female,Never smoked,65-69 years,Longford,Number,519.0
Population,2022,Female,Never smoked,70-74 years,Longford,Number,479.0
Population,2022,Female,Never smoked,75-79 years,Longford,Number,430.0
Population,2022,Female,Never smoked,80-84 years,Longford,Number,261.0
Population,2022,Female,Never smoked,85-89 years,Longford,Number,309.0
Population,2022,Female,Never smoked,95 years and over,Longford,Number,29.0
Population,2022,Female,Never smoked,All Ages,Louth,Number,44229.0
Population,2022,Female,Never smoked,0 - 14 years,Louth,Number,12550.0
Population,2022,Female,Never smoked,15-19 years,Louth,Number,4192.0
Population,2022,Female,Never smoked,20-24 years,Louth,Number,2801.0
Population,2022,Female,Never smoked,25-29 years,Louth,Number,2167.0
Population,2022,Female,Never smoked,30-34 years,Louth,Number,2430.0
Population,2022,Female,Never smoked,35-39 years,Louth,Number,2689.0
Population,2022,Female,Never smoked,40-44 years,Louth,Number,2861.0
Population,2022,Female,Never smoked,45-49 years,Louth,Number,2675.0
Population,2022,Female,Never smoked,50-54 years,Louth,Number,2432.0
Population,2022,Female,Never smoked,55-59 years,Louth,Number,2108.0
Population,2022,Female,Never smoked,60-64 years,Louth,Number,1668.0
Population,2022,Female,Never smoked,65-69 years,Louth,Number,1463.0
Population,2022,Female,Never smoked,70-74 years,Louth,Number,1325.0
Population,2022,Female,Never smoked,75-79 years,Louth,Number,1211.0
Population,2022,Female,Never smoked,80-84 years,Louth,Number,801.0
Population,2022,Female,Never smoked,85-89 years,Louth,Number,769.0
Population,2022,Female,Never smoked,95 years and over,Louth,Number,87.0
Population,2022,Female,Never smoked,All Ages,Meath,Number,74360.0
Population,2022,Female,Never smoked,0 - 14 years,Meath,Number,22617.0
Population,2022,Female,Never smoked,15-19 years,Meath,Number,6988.0
Population,2022,Female,Never smoked,20-24 years,Meath,Number,4283.0
Population,2022,Female,Never smoked,25-29 years,Meath,Number,3327.0
Population,2022,Female,Never smoked,30-34 years,Meath,Number,4100.0
Population,2022,Female,Never smoked,35-39 years,Meath,Number,4852.0
Population,2022,Female,Never smoked,40-44 years,Meath,Number,5328.0
Population,2022,Female,Never smoked,45-49 years,Meath,Number,4903.0
Population,2022,Female,Never smoked,50-54 years,Meath,Number,4164.0
Population,2022,Female,Never smoked,55-59 years,Meath,Number,3492.0
Population,2022,Female,Never smoked,60-64 years,Meath,Number,2666.0
Population,2022,Female,Never smoked,65-69 years,Meath,Number,2232.0
Population,2022,Female,Never smoked,70-74 years,Meath,Number,1956.0
Population,2022,Female,Never smoked,75-79 years,Meath,Number,1507.0
Population,2022,Female,Never smoked,80-84 years,Meath,Number,994.0
Population,2022,Female,Never smoked,85-89 years,Meath,Number,873.0
Population,2022,Female,Never smoked,95 years and over,Meath,Number,78.0
Population,2022,Female,Never smoked,All Ages,Offaly,Number,26326.0
Population,2022,Female,Never smoked,0 - 14 years,Offaly,Number,7439.0
Population,2022,Female,Never smoked,15-19 years,Offaly,Number,2411.0
Population,2022,Female,Never smoked,20-24 years,Offaly,Number,1537.0
Population,2022,Female,Never smoked,25-29 years,Offaly,Number,1182.0
Population,2022,Female,Never smoked,30-34 years,Offaly,Number,1299.0
Population,2022,Female,Never smoked,35-39 years,Offaly,Number,1493.0
Population,2022,Female,Never smoked,40-44 years,Offaly,Number,1760.0
Population,2022,Female,Never smoked,45-49 years,Offaly,Number,1600.0
Population,2022,Female,Never smoked,50-54 years,Offaly,Number,1423.0
Population,2022,Female,Never smoked,55-59 years,Offaly,Number,1348.0
Population,2022,Female,Never smoked,60-64 years,Offaly,Number,1161.0
Population,2022,Female,Never smoked,65-69 years,Offaly,Number,975.0
Population,2022,Female,Never smoked,70-74 years,Offaly,Number,934.0
Population,2022,Female,Never smoked,75-79 years,Offaly,Number,747.0
Population,2022,Female,Never smoked,80-84 years,Offaly,Number,509.0
Population,2022,Female,Never smoked,85-89 years,Offaly,Number,478.0
Population,2022,Female,Never smoked,95 years and over,Offaly,Number,30.0
Population,2022,Female,Never smoked,All Ages,Westmeath,Number,29991.0
Population,2022,Female,Never smoked,0 - 14 years,Westmeath,Number,8689.0
Population,2022,Female,Never smoked,15-19 years,Westmeath,Number,2632.0
Population,2022,Female,Never smoked,20-24 years,Westmeath,Number,1767.0
Population,2022,Female,Never smoked,25-29 years,Westmeath,Number,1463.0
Population,2022,Female,Never smoked,30-34 years,Westmeath,Number,1651.0
Population,2022,Female,Never smoked,35-39 years,Westmeath,Number,1924.0
Population,2022,Female,Never smoked,40-44 years,Westmeath,Number,1994.0
Population,2022,Female,Never smoked,45-49 years,Westmeath,Number,1725.0
Population,2022,Female,Never smoked,50-54 years,Westmeath,Number,1544.0
Population,2022,Female,Never smoked,55-59 years,Westmeath,Number,1499.0
Population,2022,Female,Never smoked,60-64 years,Westmeath,Number,1199.0
Population,2022,Female,Never smoked,65-69 years,Westmeath,Number,1103.0
Population,2022,Female,Never smoked,70-74 years,Westmeath,Number,931.0
Population,2022,Female,Never smoked,75-79 years,Westmeath,Number,798.0
Population,2022,Female,Never smoked,80-84 years,Westmeath,Number,551.0
Population,2022,Female,Never smoked,85-89 years,Westmeath,Number,476.0
Population,2022,Female,Never smoked,95 years and over,Westmeath,Number,45.0
Population,2022,Female,Never smoked,All Ages,Wexford,Number,50925.0
Population,2022,Female,Never smoked,0 - 14 years,Wexford,Number,14355.0
Population,2022,Female,Never smoked,15-19 years,Wexford,Number,4602.0
Population,2022,Female,Never smoked,20-24 years,Wexford,Number,2739.0
Population,2022,Female,Never smoked,25-29 years,Wexford,Number,2276.0
Population,2022,Female,Never smoked,30-34 years,Wexford,Number,2519.0
Population,2022,Female,Never smoked,35-39 years,Wexford,Number,2942.0
Population,2022,Female,Never smoked,40-44 years,Wexford,Number,3134.0
Population,2022,Female,Never smoked,45-49 years,Wexford,Number,2965.0
Population,2022,Female,Never smoked,50-54 years,Wexford,Number,2713.0
Population,2022,Female,Never smoked,55-59 years,Wexford,Number,2661.0
Population,2022,Female,Never smoked,60-64 years,Wexford,Number,2281.0
Population,2022,Female,Never smoked,65-69 years,Wexford,Number,2000.0
Population,2022,Female,Never smoked,70-74 years,Wexford,Number,1920.0
Population,2022,Female,Never smoked,75-79 years,Wexford,Number,1586.0
Population,2022,Female,Never smoked,80-84 years,Wexford,Number,1115.0
Population,2022,Female,Never smoked,85-89 years,Wexford,Number,1017.0
Population,2022,Female,Never smoked,95 years and over,Wexford,Number,100.0
Population,2022,Female,Never smoked,All Ages,Wicklow,Number,51058.0
Population,2022,Female,Never smoked,0 - 14 years,Wicklow,Number,14546.0
Population,2022,Female,Never smoked,15-19 years,Wicklow,Number,4510.0
Population,2022,Female,Never smoked,20-24 years,Wicklow,Number,2614.0
Population,2022,Female,Never smoked,25-29 years,Wicklow,Number,2276.0
Population,2022,Female,Never smoked,30-34 years,Wicklow,Number,2563.0
Population,2022,Female,Never smoked,35-39 years,Wicklow,Number,3198.0
Population,2022,Female,Never smoked,40-44 years,Wicklow,Number,3615.0
Population,2022,Female,Never smoked,45-49 years,Wicklow,Number,3266.0
Population,2022,Female,Never smoked,50-54 years,Wicklow,Number,2788.0
Population,2022,Female,Never smoked,55-59 years,Wicklow,Number,2526.0
Population,2022,Female,Never smoked,60-64 years,Wicklow,Number,2248.0
Population,2022,Female,Never smoked,65-69 years,Wicklow,Number,1850.0
Population,2022,Female,Never smoked,70-74 years,Wicklow,Number,1717.0
Population,2022,Female,Never smoked,75-79 years,Wicklow,Number,1427.0
Population,2022,Female,Never smoked,80-84 years,Wicklow,Number,941.0
Population,2022,Female,Never smoked,85-89 years,Wicklow,Number,895.0
Population,2022,Female,Never smoked,95 years and over,Wicklow,Number,78.0
Population,2022,Female,Never smoked,All Ages,Clare,Number,40454.0
Population,2022,Female,Never smoked,0 - 14 years,Clare,Number,10968.0
Population,2022,Female,Never smoked,15-19 years,Clare,Number,3802.0
Population,2022,Female,Never smoked,20-24 years,Clare,Number,2362.0
Population,2022,Female,Never smoked,25-29 years,Clare,Number,1739.0
Population,2022,Female,Never smoked,30-34 years,Clare,Number,1843.0
Population,2022,Female,Never smoked,35-39 years,Clare,Number,2232.0
Population,2022,Female,Never smoked,40-44 years,Clare,Number,2574.0
Population,2022,Female,Never smoked,45-49 years,Clare,Number,2466.0
Population,2022,Female,Never smoked,50-54 years,Clare,Number,2385.0
Population,2022,Female,Never smoked,55-59 years,Clare,Number,2172.0
Population,2022,Female,Never smoked,60-64 years,Clare,Number,1769.0
Population,2022,Female,Never smoked,65-69 years,Clare,Number,1667.0
Population,2022,Female,Never smoked,70-74 years,Clare,Number,1544.0
Population,2022,Female,Never smoked,75-79 years,Clare,Number,1222.0
Population,2022,Female,Never smoked,80-84 years,Clare,Number,811.0
Population,2022,Female,Never smoked,85-89 years,Clare,Number,811.0
Population,2022,Female,Never smoked,95 years and over,Clare,Number,87.0
Population,2022,Female,Never smoked,All Ages,Cork City,Number,70446.0
Population,2022,Female,Never smoked,0 - 14 years,Cork City,Number,16228.0
Population,2022,Female,Never smoked,15-19 years,Cork City,Number,5547.0
Population,2022,Female,Never smoked,20-24 years,Cork City,Number,6080.0
Population,2022,Female,Never smoked,25-29 years,Cork City,Number,5271.0
Population,2022,Female,Never smoked,30-34 years,Cork City,Number,5123.0
Population,2022,Female,Never smoked,35-39 years,Cork City,Number,4638.0
Population,2022,Female,Never smoked,40-44 years,Cork City,Number,4236.0
Population,2022,Female,Never smoked,45-49 years,Cork City,Number,3709.0
Population,2022,Female,Never smoked,50-54 years,Cork City,Number,3247.0
Population,2022,Female,Never smoked,55-59 years,Cork City,Number,3287.0
Population,2022,Female,Never smoked,60-64 years,Cork City,Number,2954.0
Population,2022,Female,Never smoked,65-69 years,Cork City,Number,2409.0
Population,2022,Female,Never smoked,70-74 years,Cork City,Number,2313.0
Population,2022,Female,Never smoked,75-79 years,Cork City,Number,2074.0
Population,2022,Female,Never smoked,80-84 years,Cork City,Number,1680.0
Population,2022,Female,Never smoked,85-89 years,Cork City,Number,1529.0
Population,2022,Female,Never smoked,95 years and over,Cork City,Number,121.0
Population,2022,Female,Never smoked,All Ages,Cork County,Number,120783.0
Population,2022,Female,Never smoked,0 - 14 years,Cork County,Number,34883.0
Population,2022,Female,Never smoked,15-19 years,Cork County,Number,10592.0
Population,2022,Female,Never smoked,20-24 years,Cork County,Number,6045.0
Population,2022,Female,Never smoked,25-29 years,Cork County,Number,4890.0
Population,2022,Female,Never smoked,30-34 years,Cork County,Number,5926.0
Population,2022,Female,Never smoked,35-39 years,Cork County,Number,7242.0
Population,2022,Female,Never smoked,40-44 years,Cork County,Number,8176.0
Population,2022,Female,Never smoked,45-49 years,Cork County,Number,7799.0
Population,2022,Female,Never smoked,50-54 years,Cork County,Number,6632.0
Population,2022,Female,Never smoked,55-59 years,Cork County,Number,6165.0
Population,2022,Female,Never smoked,60-64 years,Cork County,Number,5091.0
Population,2022,Female,Never smoked,65-69 years,Cork County,Number,4644.0
Population,2022,Female,Never smoked,70-74 years,Cork County,Number,4334.0
Population,2022,Female,Never smoked,75-79 years,Cork County,Number,3469.0
Population,2022,Female,Never smoked,80-84 years,Cork County,Number,2370.0
Population,2022,Female,Never smoked,85-89 years,Cork County,Number,2320.0
Population,2022,Female,Never smoked,95 years and over,Cork County,Number,205.0
Population,2022,Female,Never smoked,All Ages,Kerry,Number,49903.0
Population,2022,Female,Never smoked,0 - 14 years,Kerry,Number,12752.0
Population,2022,Female,Never smoked,15-19 years,Kerry,Number,4198.0
Population,2022,Female,Never smoked,20-24 years,Kerry,Number,2681.0
Population,2022,Female,Never smoked,25-29 years,Kerry,Number,2067.0
Population,2022,Female,Never smoked,30-34 years,Kerry,Number,2380.0
Population,2022,Female,Never smoked,35-39 years,Kerry,Number,2909.0
Population,2022,Female,Never smoked,40-44 years,Kerry,Number,3122.0
Population,2022,Female,Never smoked,45-49 years,Kerry,Number,2932.0
Population,2022,Female,Never smoked,50-54 years,Kerry,Number,2746.0
Population,2022,Female,Never smoked,55-59 years,Kerry,Number,2744.0
Population,2022,Female,Never smoked,60-64 years,Kerry,Number,2621.0
Population,2022,Female,Never smoked,65-69 years,Kerry,Number,2444.0
Population,2022,Female,Never smoked,70-74 years,Kerry,Number,2217.0
Population,2022,Female,Never smoked,75-79 years,Kerry,Number,1737.0
Population,2022,Female,Never smoked,80-84 years,Kerry,Number,1172.0
Population,2022,Female,Never smoked,85-89 years,Kerry,Number,1084.0
Population,2022,Female,Never smoked,95 years and over,Kerry,Number,97.0
Population,2022,Female,Never smoked,All Ages,Limerick City and County,Number,63988.0
Population,2022,Female,Never smoked,0 - 14 years,Limerick City and County,Number,16872.0
Population,2022,Female,Never smoked,15-19 years,Limerick City and County,Number,5462.0
Population,2022,Female,Never smoked,20-24 years,Limerick City and County,Number,4457.0
Population,2022,Female,Never smoked,25-29 years,Limerick City and County,Number,3729.0
Population,2022,Female,Never smoked,30-34 years,Limerick City and County,Number,3603.0
Population,2022,Female,Never smoked,35-39 years,Limerick City and County,Number,3865.0
Population,2022,Female,Never smoked,40-44 years,Limerick City and County,Number,3937.0
Population,2022,Female,Never smoked,45-49 years,Limerick City and County,Number,3578.0
Population,2022,Female,Never smoked,50-54 years,Limerick City and County,Number,3145.0
Population,2022,Female,Never smoked,55-59 years,Limerick City and County,Number,3049.0
Population,2022,Female,Never smoked,60-64 years,Limerick City and County,Number,2724.0
Population,2022,Female,Never smoked,65-69 years,Limerick City and County,Number,2479.0
Population,2022,Female,Never smoked,70-74 years,Limerick City and County,Number,2348.0
Population,2022,Female,Never smoked,75-79 years,Limerick City and County,Number,1967.0
Population,2022,Female,Never smoked,80-84 years,Limerick City and County,Number,1421.0
Population,2022,Female,Never smoked,85-89 years,Limerick City and County,Number,1222.0
Population,2022,Female,Never smoked,95 years and over,Limerick City and County,Number,130.0
Population,2022,Female,Never smoked,All Ages,Tipperary,Number,53170.0
Population,2022,Female,Never smoked,0 - 14 years,Tipperary,Number,14679.0
Population,2022,Female,Never smoked,15-19 years,Tipperary,Number,4749.0
Population,2022,Female,Never smoked,20-24 years,Tipperary,Number,2894.0
Population,2022,Female,Never smoked,25-29 years,Tipperary,Number,2245.0
Population,2022,Female,Never smoked,30-34 years,Tipperary,Number,2572.0
Population,2022,Female,Never smoked,35-39 years,Tipperary,Number,2963.0
Population,2022,Female,Never smoked,40-44 years,Tipperary,Number,3229.0
Population,2022,Female,Never smoked,45-49 years,Tipperary,Number,3127.0
Population,2022,Female,Never smoked,50-54 years,Tipperary,Number,2878.0
Population,2022,Female,Never smoked,55-59 years,Tipperary,Number,2766.0
Population,2022,Female,Never smoked,60-64 years,Tipperary,Number,2446.0
Population,2022,Female,Never smoked,65-69 years,Tipperary,Number,2216.0
Population,2022,Female,Never smoked,70-74 years,Tipperary,Number,2136.0
Population,2022,Female,Never smoked,75-79 years,Tipperary,Number,1693.0
Population,2022,Female,Never smoked,80-84 years,Tipperary,Number,1204.0
Population,2022,Female,Never smoked,85-89 years,Tipperary,Number,1263.0
Population,2022,Female,Never smoked,95 years and over,Tipperary,Number,110.0
Population,2022,Female,Never smoked,All Ages,Waterford City and County,Number,40006.0
Population,2022,Female,Never smoked,0 - 14 years,Waterford City and County,Number,10665.0
Population,2022,Female,Never smoked,15-19 years,Waterford City and County,Number,3576.0
Population,2022,Female,Never smoked,20-24 years,Waterford City and County,Number,2364.0
Population,2022,Female,Never smoked,25-29 years,Waterford City and County,Number,1922.0
Population,2022,Female,Never smoked,30-34 years,Waterford City and County,Number,2117.0
Population,2022,Female,Never smoked,35-39 years,Waterford City and County,Number,2341.0
Population,2022,Female,Never smoked,40-44 years,Waterford City and County,Number,2507.0
Population,2022,Female,Never smoked,45-49 years,Waterford City and County,Number,2352.0
Population,2022,Female,Never smoked,50-54 years,Waterford City and County,Number,2117.0
Population,2022,Female,Never smoked,55-59 years,Waterford City and County,Number,2101.0
Population,2022,Female,Never smoked,60-64 years,Waterford City and County,Number,1820.0
Population,2022,Female,Never smoked,65-69 years,Waterford City and County,Number,1606.0
Population,2022,Female,Never smoked,70-74 years,Waterford City and County,Number,1458.0
Population,2022,Female,Never smoked,75-79 years,Waterford City and County,Number,1272.0
Population,2022,Female,Never smoked,80-84 years,Waterford City and County,Number,889.0
Population,2022,Female,Never smoked,85-89 years,Waterford City and County,Number,826.0
Population,2022,Female,Never smoked,95 years and over,Waterford City and County,Number,73.0
Population,2022,Female,Never smoked,All Ages,Galway City,Number,25644.0
Population,2022,Female,Never smoked,0 - 14 years,Galway City,Number,5436.0
Population,2022,Female,Never smoked,15-19 years,Galway City,Number,2089.0
Population,2022,Female,Never smoked,20-24 years,Galway City,Number,3081.0
Population,2022,Female,Never smoked,25-29 years,Galway City,Number,2164.0
Population,2022,Female,Never smoked,30-34 years,Galway City,Number,1895.0
Population,2022,Female,Never smoked,35-39 years,Galway City,Number,1726.0
Population,2022,Female,Never smoked,40-44 years,Galway City,Number,1538.0
Population,2022,Female,Never smoked,45-49 years,Galway City,Number,1402.0
Population,2022,Female,Never smoked,50-54 years,Galway City,Number,1167.0
Population,2022,Female,Never smoked,55-59 years,Galway City,Number,1074.0
Population,2022,Female,Never smoked,60-64 years,Galway City,Number,913.0
Population,2022,Female,Never smoked,65-69 years,Galway City,Number,821.0
Population,2022,Female,Never smoked,70-74 years,Galway City,Number,737.0
Population,2022,Female,Never smoked,75-79 years,Galway City,Number,637.0
Population,2022,Female,Never smoked,80-84 years,Galway City,Number,490.0
Population,2022,Female,Never smoked,85-89 years,Galway City,Number,435.0
Population,2022,Female,Never smoked,95 years and over,Galway City,Number,39.0
Population,2022,Female,Never smoked,All Ages,Galway County,Number,63704.0
Population,2022,Female,Never smoked,0 - 14 years,Galway County,Number,18007.0
Population,2022,Female,Never smoked,15-19 years,Galway County,Number,5676.0
Population,2022,Female,Never smoked,20-24 years,Galway County,Number,3106.0
Population,2022,Female,Never smoked,25-29 years,Galway County,Number,2485.0
Population,2022,Female,Never smoked,30-34 years,Galway County,Number,3132.0
Population,2022,Female,Never smoked,35-39 years,Galway County,Number,3956.0
Population,2022,Female,Never smoked,40-44 years,Galway County,Number,4284.0
Population,2022,Female,Never smoked,45-49 years,Galway County,Number,4110.0
Population,2022,Female,Never smoked,50-54 years,Galway County,Number,3662.0
Population,2022,Female,Never smoked,55-59 years,Galway County,Number,3345.0
Population,2022,Female,Never smoked,60-64 years,Galway County,Number,2781.0
Population,2022,Female,Never smoked,65-69 years,Galway County,Number,2553.0
Population,2022,Female,Never smoked,70-74 years,Galway County,Number,2233.0
Population,2022,Female,Never smoked,75-79 years,Galway County,Number,1686.0
Population,2022,Female,Never smoked,80-84 years,Galway County,Number,1242.0
Population,2022,Female,Never smoked,85-89 years,Galway County,Number,1295.0
Population,2022,Female,Never smoked,95 years and over,Galway County,Number,151.0
Population,2022,Female,Never smoked,All Ages,Leitrim,Number,11273.0
Population,2022,Female,Never smoked,0 - 14 years,Leitrim,Number,3201.0
Population,2022,Female,Never smoked,15-19 years,Leitrim,Number,953.0
Population,2022,Female,Never smoked,20-24 years,Leitrim,Number,522.0
Population,2022,Female,Never smoked,25-29 years,Leitrim,Number,419.0
Population,2022,Female,Never smoked,30-34 years,Leitrim,Number,610.0
Population,2022,Female,Never smoked,35-39 years,Leitrim,Number,614.0
Population,2022,Female,Never smoked,40-44 years,Leitrim,Number,705.0
Population,2022,Female,Never smoked,45-49 years,Leitrim,Number,649.0
Population,2022,Female,Never smoked,50-54 years,Leitrim,Number,603.0
Population,2022,Female,Never smoked,55-59 years,Leitrim,Number,600.0
Population,2022,Female,Never smoked,60-64 years,Leitrim,Number,517.0
Population,2022,Female,Never smoked,65-69 years,Leitrim,Number,539.0
Population,2022,Female,Never smoked,70-74 years,Leitrim,Number,441.0
Population,2022,Female,Never smoked,75-79 years,Leitrim,Number,329.0
Population,2022,Female,Never smoked,80-84 years,Leitrim,Number,286.0
Population,2022,Female,Never smoked,85-89 years,Leitrim,Number,255.0
Population,2022,Female,Never smoked,95 years and over,Leitrim,Number,30.0
Population,2022,Female,Never smoked,All Ages,Mayo,Number,44540.0
Population,2022,Female,Never smoked,0 - 14 years,Mayo,Number,11683.0
Population,2022,Female,Never smoked,15-19 years,Mayo,Number,3849.0
Population,2022,Female,Never smoked,20-24 years,Mayo,Number,2230.0
Population,2022,Female,Never smoked,25-29 years,Mayo,Number,1803.0
Population,2022,Female,Never smoked,30-34 years,Mayo,Number,2134.0
Population,2022,Female,Never smoked,35-39 years,Mayo,Number,2564.0
Population,2022,Female,Never smoked,40-44 years,Mayo,Number,2722.0
Population,2022,Female,Never smoked,45-49 years,Mayo,Number,2487.0
Population,2022,Female,Never smoked,50-54 years,Mayo,Number,2392.0
Population,2022,Female,Never smoked,55-59 years,Mayo,Number,2539.0
Population,2022,Female,Never smoked,60-64 years,Mayo,Number,2352.0
Population,2022,Female,Never smoked,65-69 years,Mayo,Number,2172.0
Population,2022,Female,Never smoked,70-74 years,Mayo,Number,1919.0
Population,2022,Female,Never smoked,75-79 years,Mayo,Number,1426.0
Population,2022,Female,Never smoked,80-84 years,Mayo,Number,1044.0
Population,2022,Female,Never smoked,85-89 years,Mayo,Number,1112.0
Population,2022,Female,Never smoked,95 years and over,Mayo,Number,112.0
Population,2022,Female,Never smoked,All Ages,Roscommon,Number,22625.0
Population,2022,Female,Never smoked,0 - 14 years,Roscommon,Number,6239.0
Population,2022,Female,Never smoked,15-19 years,Roscommon,Number,2016.0
Population,2022,Female,Never smoked,20-24 years,Roscommon,Number,1140.0
Population,2022,Female,Never smoked,25-29 years,Roscommon,Number,919.0
Population,2022,Female,Never smoked,30-34 years,Roscommon,Number,1046.0
Population,2022,Female,Never smoked,35-39 years,Roscommon,Number,1305.0
Population,2022,Female,Never smoked,40-44 years,Roscommon,Number,1430.0
Population,2022,Female,Never smoked,45-49 years,Roscommon,Number,1343.0
Population,2022,Female,Never smoked,50-54 years,Roscommon,Number,1203.0
Population,2022,Female,Never smoked,55-59 years,Roscommon,Number,1220.0
Population,2022,Female,Never smoked,60-64 years,Roscommon,Number,1115.0
Population,2022,Female,Never smoked,65-69 years,Roscommon,Number,1009.0
Population,2022,Female,Never smoked,70-74 years,Roscommon,Number,861.0
Population,2022,Female,Never smoked,75-79 years,Roscommon,Number,662.0
Population,2022,Female,Never smoked,80-84 years,Roscommon,Number,496.0
Population,2022,Female,Never smoked,85-89 years,Roscommon,Number,571.0
Population,2022,Female,Never smoked,95 years and over,Roscommon,Number,50.0
Population,2022,Female,Never smoked,All Ages,Sligo,Number,22861.0
Population,2022,Female,Never smoked,0 - 14 years,Sligo,Number,5874.0
Population,2022,Female,Never smoked,15-19 years,Sligo,Number,1988.0
Population,2022,Female,Never smoked,20-24 years,Sligo,Number,1316.0
Population,2022,Female,Never smoked,25-29 years,Sligo,Number,951.0
Population,2022,Female,Never smoked,30-34 years,Sligo,Number,1108.0
Population,2022,Female,Never smoked,35-39 years,Sligo,Number,1336.0
Population,2022,Female,Never smoked,40-44 years,Sligo,Number,1429.0
Population,2022,Female,Never smoked,45-49 years,Sligo,Number,1392.0
Population,2022,Female,Never smoked,50-54 years,Sligo,Number,1212.0
Population,2022,Female,Never smoked,55-59 years,Sligo,Number,1288.0
Population,2022,Female,Never smoked,60-64 years,Sligo,Number,1192.0
Population,2022,Female,Never smoked,65-69 years,Sligo,Number,1044.0
Population,2022,Female,Never smoked,70-74 years,Sligo,Number,937.0
Population,2022,Female,Never smoked,75-79 years,Sligo,Number,727.0
Population,2022,Female,Never smoked,80-84 years,Sligo,Number,500.0
Population,2022,Female,Never smoked,85-89 years,Sligo,Number,518.0
Population,2022,Female,Never smoked,95 years and over,Sligo,Number,49.0
Population,2022,Female,Never smoked,All Ages,Cavan,Number,26256.0
Population,2022,Female,Never smoked,0 - 14 years,Cavan,Number,7714.0
Population,2022,Female,Never smoked,15-19 years,Cavan,Number,2429.0
Population,2022,Female,Never smoked,20-24 years,Cavan,Number,1392.0
Population,2022,Female,Never smoked,25-29 years,Cavan,Number,1160.0
Population,2022,Female,Never smoked,30-34 years,Cavan,Number,1345.0
Population,2022,Female,Never smoked,35-39 years,Cavan,Number,1671.0
Population,2022,Female,Never smoked,40-44 years,Cavan,Number,1693.0
Population,2022,Female,Never smoked,45-49 years,Cavan,Number,1505.0
Population,2022,Female,Never smoked,50-54 years,Cavan,Number,1386.0
Population,2022,Female,Never smoked,55-59 years,Cavan,Number,1326.0
Population,2022,Female,Never smoked,60-64 years,Cavan,Number,1070.0
Population,2022,Female,Never smoked,65-69 years,Cavan,Number,980.0
Population,2022,Female,Never smoked,70-74 years,Cavan,Number,867.0
Population,2022,Female,Never smoked,75-79 years,Cavan,Number,693.0
Population,2022,Female,Never smoked,80-84 years,Cavan,Number,448.0
Population,2022,Female,Never smoked,85-89 years,Cavan,Number,521.0
Population,2022,Female,Never smoked,95 years and over,Cavan,Number,56.0
Population,2022,Female,Never smoked,All Ages,Donegal,Number,54970.0
Population,2022,Female,Never smoked,0 - 14 years,Donegal,Number,15324.0
Population,2022,Female,Never smoked,15-19 years,Donegal,Number,4809.0
Population,2022,Female,Never smoked,20-24 years,Donegal,Number,2997.0
Population,2022,Female,Never smoked,25-29 years,Donegal,Number,2331.0
Population,2022,Female,Never smoked,30-34 years,Donegal,Number,2902.0
Population,2022,Female,Never smoked,35-39 years,Donegal,Number,3167.0
Population,2022,Female,Never smoked,40-44 years,Donegal,Number,3421.0
Population,2022,Female,Never smoked,45-49 years,Donegal,Number,3307.0
Population,2022,Female,Never smoked,50-54 years,Donegal,Number,3043.0
Population,2022,Female,Never smoked,55-59 years,Donegal,Number,2930.0
Population,2022,Female,Never smoked,60-64 years,Donegal,Number,2542.0
Population,2022,Female,Never smoked,65-69 years,Donegal,Number,2196.0
Population,2022,Female,Never smoked,70-74 years,Donegal,Number,1988.0
Population,2022,Female,Never smoked,75-79 years,Donegal,Number,1590.0
Population,2022,Female,Never smoked,80-84 years,Donegal,Number,1189.0
Population,2022,Female,Never smoked,85-89 years,Donegal,Number,1110.0
Population,2022,Female,Never smoked,95 years and over,Donegal,Number,124.0
Population,2022,Female,Never smoked,All Ages,Monaghan,Number,21861.0
Population,2022,Female,Never smoked,0 - 14 years,Monaghan,Number,6339.0
Population,2022,Female,Never smoked,15-19 years,Monaghan,Number,1886.0
Population,2022,Female,Never smoked,20-24 years,Monaghan,Number,1138.0
Population,2022,Female,Never smoked,25-29 years,Monaghan,Number,990.0
Population,2022,Female,Never smoked,30-34 years,Monaghan,Number,1153.0
Population,2022,Female,Never smoked,35-39 years,Monaghan,Number,1370.0
Population,2022,Female,Never smoked,40-44 years,Monaghan,Number,1400.0
Population,2022,Female,Never smoked,45-49 years,Monaghan,Number,1254.0
Population,2022,Female,Never smoked,50-54 years,Monaghan,Number,1109.0
Population,2022,Female,Never smoked,55-59 years,Monaghan,Number,1128.0
Population,2022,Female,Never smoked,60-64 years,Monaghan,Number,963.0
Population,2022,Female,Never smoked,65-69 years,Monaghan,Number,809.0
Population,2022,Female,Never smoked,70-74 years,Monaghan,Number,777.0
Population,2022,Female,Never smoked,75-79 years,Monaghan,Number,597.0
Population,2022,Female,Never smoked,80-84 years,Monaghan,Number,448.0
Population,2022,Female,Never smoked,85-89 years,Monaghan,Number,453.0
Population,2022,Female,Never smoked,95 years and over,Monaghan,Number,47.0
Population,2022,Female,Not stated,All Ages,State,Number,186636.0
Population,2022,Female,Not stated,0 - 14 years,State,Number,48097.0
Population,2022,Female,Not stated,15-19 years,State,Number,11106.0
Population,2022,Female,Not stated,20-24 years,State,Number,11173.0
Population,2022,Female,Not stated,25-29 years,State,Number,10551.0
Population,2022,Female,Not stated,30-34 years,State,Number,13394.0
Population,2022,Female,Not stated,35-39 years,State,Number,15032.0
Population,2022,Female,Not stated,40-44 years,State,Number,14631.0
Population,2022,Female,Not stated,45-49 years,State,Number,11525.0
Population,2022,Female,Not stated,50-54 years,State,Number,9628.0
Population,2022,Female,Not stated,55-59 years,State,Number,8049.0
Population,2022,Female,Not stated,60-64 years,State,Number,7264.0
Population,2022,Female,Not stated,65-69 years,State,Number,6501.0
Population,2022,Female,Not stated,70-74 years,State,Number,6026.0
Population,2022,Female,Not stated,75-79 years,State,Number,4939.0
Population,2022,Female,Not stated,80-84 years,State,Number,3577.0
Population,2022,Female,Not stated,85-89 years,State,Number,4464.0
Population,2022,Female,Not stated,95 years and over,State,Number,679.0
Population,2022,Female,Not stated,All Ages,Carlow,Number,2188.0
Population,2022,Female,Not stated,0 - 14 years,Carlow,Number,522.0
Population,2022,Female,Not stated,15-19 years,Carlow,Number,154.0
Population,2022,Female,Not stated,20-24 years,Carlow,Number,152.0
Population,2022,Female,Not stated,25-29 years,Carlow,Number,119.0
Population,2022,Female,Not stated,30-34 years,Carlow,Number,139.0
Population,2022,Female,Not stated,35-39 years,Carlow,Number,178.0
Population,2022,Female,Not stated,40-44 years,Carlow,Number,167.0
Population,2022,Female,Not stated,45-49 years,Carlow,Number,142.0
Population,2022,Female,Not stated,50-54 years,Carlow,Number,122.0
Population,2022,Female,Not stated,55-59 years,Carlow,Number,93.0
Population,2022,Female,Not stated,60-64 years,Carlow,Number,87.0
Population,2022,Female,Not stated,65-69 years,Carlow,Number,72.0
Population,2022,Female,Not stated,70-74 years,Carlow,Number,88.0
Population,2022,Female,Not stated,75-79 years,Carlow,Number,67.0
Population,2022,Female,Not stated,80-84 years,Carlow,Number,35.0
Population,2022,Female,Not stated,85-89 years,Carlow,Number,45.0
Population,2022,Female,Not stated,95 years and over,Carlow,Number,6.0
Population,2022,Female,Not stated,All Ages,Dublin City,Number,40333.0
Population,2022,Female,Not stated,0 - 14 years,Dublin City,Number,8691.0
Population,2022,Female,Not stated,15-19 years,Dublin City,Number,2586.0
Population,2022,Female,Not stated,20-24 years,Dublin City,Number,2814.0
Population,2022,Female,Not stated,25-29 years,Dublin City,Number,2824.0
Population,2022,Female,Not stated,30-34 years,Dublin City,Number,3627.0
Population,2022,Female,Not stated,35-39 years,Dublin City,Number,3801.0
Population,2022,Female,Not stated,40-44 years,Dublin City,Number,3502.0
Population,2022,Female,Not stated,45-49 years,Dublin City,Number,2675.0
Population,2022,Female,Not stated,50-54 years,Dublin City,Number,2110.0
Population,2022,Female,Not stated,55-59 years,Dublin City,Number,1682.0
Population,2022,Female,Not stated,60-64 years,Dublin City,Number,1419.0
Population,2022,Female,Not stated,65-69 years,Dublin City,Number,1202.0
Population,2022,Female,Not stated,70-74 years,Dublin City,Number,1029.0
Population,2022,Female,Not stated,75-79 years,Dublin City,Number,841.0
Population,2022,Female,Not stated,80-84 years,Dublin City,Number,571.0
Population,2022,Female,Not stated,85-89 years,Dublin City,Number,822.0
Population,2022,Female,Not stated,95 years and over,Dublin City,Number,137.0
Population,2022,Female,Not stated,All Ages,Dun Laoghaire-Rathdown,Number,4437.0
Population,2022,Female,Not stated,0 - 14 years,Dun Laoghaire-Rathdown,Number,1045.0
Population,2022,Female,Not stated,15-19 years,Dun Laoghaire-Rathdown,Number,230.0
Population,2022,Female,Not stated,20-24 years,Dun Laoghaire-Rathdown,Number,277.0
Population,2022,Female,Not stated,25-29 years,Dun Laoghaire-Rathdown,Number,221.0
Population,2022,Female,Not stated,30-34 years,Dun Laoghaire-Rathdown,Number,249.0
Population,2022,Female,Not stated,35-39 years,Dun Laoghaire-Rathdown,Number,322.0
Population,2022,Female,Not stated,40-44 years,Dun Laoghaire-Rathdown,Number,307.0
Population,2022,Female,Not stated,45-49 years,Dun Laoghaire-Rathdown,Number,273.0
Population,2022,Female,Not stated,50-54 years,Dun Laoghaire-Rathdown,Number,219.0
Population,2022,Female,Not stated,55-59 years,Dun Laoghaire-Rathdown,Number,214.0
Population,2022,Female,Not stated,60-64 years,Dun Laoghaire-Rathdown,Number,166.0
Population,2022,Female,Not stated,65-69 years,Dun Laoghaire-Rathdown,Number,181.0
Population,2022,Female,Not stated,70-74 years,Dun Laoghaire-Rathdown,Number,170.0
Population,2022,Female,Not stated,75-79 years,Dun Laoghaire-Rathdown,Number,154.0
Population,2022,Female,Not stated,80-84 years,Dun Laoghaire-Rathdown,Number,153.0
Population,2022,Female,Not stated,85-89 years,Dun Laoghaire-Rathdown,Number,223.0
Population,2022,Female,Not stated,95 years and over,Dun Laoghaire-Rathdown,Number,33.0
Population,2022,Female,Not stated,All Ages,Fingal,Number,12829.0
Population,2022,Female,Not stated,0 - 14 years,Fingal,Number,3768.0
Population,2022,Female,Not stated,15-19 years,Fingal,Number,765.0
Population,2022,Female,Not stated,20-24 years,Fingal,Number,718.0
Population,2022,Female,Not stated,25-29 years,Fingal,Number,707.0
Population,2022,Female,Not stated,30-34 years,Fingal,Number,969.0
Population,2022,Female,Not stated,35-39 years,Fingal,Number,1049.0
Population,2022,Female,Not stated,40-44 years,Fingal,Number,1073.0
Population,2022,Female,Not stated,45-49 years,Fingal,Number,789.0
Population,2022,Female,Not stated,50-54 years,Fingal,Number,626.0
Population,2022,Female,Not stated,55-59 years,Fingal,Number,464.0
Population,2022,Female,Not stated,60-64 years,Fingal,Number,402.0
Population,2022,Female,Not stated,65-69 years,Fingal,Number,310.0
Population,2022,Female,Not stated,70-74 years,Fingal,Number,346.0
Population,2022,Female,Not stated,75-79 years,Fingal,Number,274.0
Population,2022,Female,Not stated,80-84 years,Fingal,Number,218.0
Population,2022,Female,Not stated,85-89 years,Fingal,Number,308.0
Population,2022,Female,Not stated,95 years and over,Fingal,Number,43.0
Population,2022,Female,Not stated,All Ages,South Dublin,Number,11237.0
Population,2022,Female,Not stated,0 - 14 years,South Dublin,Number,3251.0
Population,2022,Female,Not stated,15-19 years,South Dublin,Number,711.0
Population,2022,Female,Not stated,20-24 years,South Dublin,Number,679.0
Population,2022,Female,Not stated,25-29 years,South Dublin,Number,642.0
Population,2022,Female,Not stated,30-34 years,South Dublin,Number,773.0
Population,2022,Female,Not stated,35-39 years,South Dublin,Number,879.0
Population,2022,Female,Not stated,40-44 years,South Dublin,Number,921.0
Population,2022,Female,Not stated,45-49 years,South Dublin,Number,705.0
Population,2022,Female,Not stated,50-54 years,South Dublin,Number,508.0
Population,2022,Female,Not stated,55-59 years,South Dublin,Number,414.0
Population,2022,Female,Not stated,60-64 years,South Dublin,Number,390.0
Population,2022,Female,Not stated,65-69 years,South Dublin,Number,361.0
Population,2022,Female,Not stated,70-74 years,South Dublin,Number,341.0
Population,2022,Female,Not stated,75-79 years,South Dublin,Number,262.0
Population,2022,Female,Not stated,80-84 years,South Dublin,Number,180.0
Population,2022,Female,Not stated,85-89 years,South Dublin,Number,
Population,2022,Female,Not stated,95 years and over,South Dublin,Number,
Population,2022,Female,Not stated,All Ages,Kildare,Number,6482.0
Population,2022,Female,Not stated,0 - 14 years,Kildare,Number,1820.0
Population,2022,Female,Not stated,15-19 years,Kildare,Number,429.0
Population,2022,Female,Not stated,20-24 years,Kildare,Number,352.0
Population,2022,Female,Not stated,25-29 years,Kildare,Number,326.0
Population,2022,Female,Not stated,30-34 years,Kildare,Number,388.0
Population,2022,Female,Not stated,35-39 years,Kildare,Number,455.0
Population,2022,Female,Not stated,40-44 years,Kildare,Number,451.0
Population,2022,Female,Not stated,45-49 years,Kildare,Number,434.0
Population,2022,Female,Not stated,50-54 years,Kildare,Number,349.0
Population,2022,Female,Not stated,55-59 years,Kildare,Number,289.0
Population,2022,Female,Not stated,60-64 years,Kildare,Number,263.0
Population,2022,Female,Not stated,65-69 years,Kildare,Number,263.0
Population,2022,Female,Not stated,70-74 years,Kildare,Number,212.0
Population,2022,Female,Not stated,75-79 years,Kildare,Number,170.0
Population,2022,Female,Not stated,80-84 years,Kildare,Number,140.0
Population,2022,Female,Not stated,85-89 years,Kildare,Number,
Population,2022,Female,Not stated,95 years and over,Kildare,Number,
Population,2022,Female,Not stated,All Ages,Kilkenny,Number,2749.0
Population,2022,Female,Not stated,0 - 14 years,Kilkenny,Number,770.0
Population,2022,Female,Not stated,15-19 years,Kilkenny,Number,144.0
Population,2022,Female,Not stated,20-24 years,Kilkenny,Number,117.0
Population,2022,Female,Not stated,25-29 years,Kilkenny,Number,124.0
Population,2022,Female,Not stated,30-34 years,Kilkenny,Number,140.0
Population,2022,Female,Not stated,35-39 years,Kilkenny,Number,177.0
Population,2022,Female,Not stated,40-44 years,Kilkenny,Number,189.0
Population,2022,Female,Not stated,45-49 years,Kilkenny,Number,148.0
Population,2022,Female,Not stated,50-54 years,Kilkenny,Number,122.0
Population,2022,Female,Not stated,55-59 years,Kilkenny,Number,120.0
Population,2022,Female,Not stated,60-64 years,Kilkenny,Number,105.0
Population,2022,Female,Not stated,65-69 years,Kilkenny,Number,114.0
Population,2022,Female,Not stated,70-74 years,Kilkenny,Number,97.0
Population,2022,Female,Not stated,75-79 years,Kilkenny,Number,104.0
Population,2022,Female,Not stated,80-84 years,Kilkenny,Number,100.0
Population,2022,Female,Not stated,85-89 years,Kilkenny,Number,158.0
Population,2022,Female,Not stated,95 years and over,Kilkenny,Number,20.0
Population,2022,Female,Not stated,All Ages,Laois,Number,2595.0
Population,2022,Female,Not stated,0 - 14 years,Laois,Number,880.0
Population,2022,Female,Not stated,15-19 years,Laois,Number,171.0
Population,2022,Female,Not stated,20-24 years,Laois,Number,146.0
Population,2022,Female,Not stated,25-29 years,Laois,Number,107.0
Population,2022,Female,Not stated,30-34 years,Laois,Number,178.0
Population,2022,Female,Not stated,35-39 years,Laois,Number,189.0
Population,2022,Female,Not stated,40-44 years,Laois,Number,172.0
Population,2022,Female,Not stated,45-49 years,Laois,Number,147.0
Population,2022,Female,Not stated,50-54 years,Laois,Number,126.0
Population,2022,Female,Not stated,55-59 years,Laois,Number,104.0
Population,2022,Female,Not stated,60-64 years,Laois,Number,96.0
Population,2022,Female,Not stated,65-69 years,Laois,Number,89.0
Population,2022,Female,Not stated,70-74 years,Laois,Number,73.0
Population,2022,Female,Not stated,75-79 years,Laois,Number,59.0
Population,2022,Female,Not stated,80-84 years,Laois,Number,32.0
Population,2022,Female,Not stated,85-89 years,Laois,Number,
Population,2022,Female,Not stated,95 years and over,Laois,Number,
Population,2022,Female,Not stated,All Ages,Longford,Number,3002.0
Population,2022,Female,Not stated,0 - 14 years,Longford,Number,660.0
Population,2022,Female,Not stated,15-19 years,Longford,Number,188.0
Population,2022,Female,Not stated,20-24 years,Longford,Number,237.0
Population,2022,Female,Not stated,25-29 years,Longford,Number,249.0
Population,2022,Female,Not stated,30-34 years,Longford,Number,244.0
Population,2022,Female,Not stated,35-39 years,Longford,Number,253.0
Population,2022,Female,Not stated,40-44 years,Longford,Number,239.0
Population,2022,Female,Not stated,45-49 years,Longford,Number,207.0
Population,2022,Female,Not stated,50-54 years,Longford,Number,189.0
Population,2022,Female,Not stated,55-59 years,Longford,Number,129.0
Population,2022,Female,Not stated,60-64 years,Longford,Number,106.0
Population,2022,Female,Not stated,65-69 years,Longford,Number,91.0
Population,2022,Female,Not stated,70-74 years,Longford,Number,89.0
Population,2022,Female,Not stated,75-79 years,Longford,Number,60.0
Population,2022,Female,Not stated,80-84 years,Longford,Number,29.0
Population,2022,Female,Not stated,85-89 years,Longford,Number,
Population,2022,Female,Not stated,95 years and over,Longford,Number,
Population,2022,Female,Not stated,All Ages,Louth,Number,5225.0
Population,2022,Female,Not stated,0 - 14 years,Louth,Number,1504.0
Population,2022,Female,Not stated,15-19 years,Louth,Number,336.0
Population,2022,Female,Not stated,20-24 years,Louth,Number,307.0
Population,2022,Female,Not stated,25-29 years,Louth,Number,257.0
Population,2022,Female,Not stated,30-34 years,Louth,Number,338.0
Population,2022,Female,Not stated,35-39 years,Louth,Number,406.0
Population,2022,Female,Not stated,40-44 years,Louth,Number,422.0
Population,2022,Female,Not stated,45-49 years,Louth,Number,325.0
Population,2022,Female,Not stated,50-54 years,Louth,Number,245.0
Population,2022,Female,Not stated,55-59 years,Louth,Number,236.0
Population,2022,Female,Not stated,60-64 years,Louth,Number,185.0
Population,2022,Female,Not stated,65-69 years,Louth,Number,131.0
Population,2022,Female,Not stated,70-74 years,Louth,Number,157.0
Population,2022,Female,Not stated,75-79 years,Louth,Number,115.0
Population,2022,Female,Not stated,80-84 years,Louth,Number,102.0
Population,2022,Female,Not stated,85-89 years,Louth,Number,130.0
Population,2022,Female,Not stated,95 years and over,Louth,Number,29.0
Population,2022,Female,Not stated,All Ages,Meath,Number,5468.0
Population,2022,Female,Not stated,0 - 14 years,Meath,Number,1769.0
Population,2022,Female,Not stated,15-19 years,Meath,Number,307.0
Population,2022,Female,Not stated,20-24 years,Meath,Number,297.0
Population,2022,Female,Not stated,25-29 years,Meath,Number,245.0
Population,2022,Female,Not stated,30-34 years,Meath,Number,321.0
Population,2022,Female,Not stated,35-39 years,Meath,Number,363.0
Population,2022,Female,Not stated,40-44 years,Meath,Number,359.0
Population,2022,Female,Not stated,45-49 years,Meath,Number,335.0
Population,2022,Female,Not stated,50-54 years,Meath,Number,277.0
Population,2022,Female,Not stated,55-59 years,Meath,Number,211.0
Population,2022,Female,Not stated,60-64 years,Meath,Number,204.0
Population,2022,Female,Not stated,65-69 years,Meath,Number,167.0
Population,2022,Female,Not stated,70-74 years,Meath,Number,173.0
Population,2022,Female,Not stated,75-79 years,Meath,Number,149.0
Population,2022,Female,Not stated,80-84 years,Meath,Number,117.0
Population,2022,Female,Not stated,85-89 years,Meath,Number,144.0
Population,2022,Female,Not stated,95 years and over,Meath,Number,30.0
Population,2022,Female,Not stated,All Ages,Offaly,Number,2583.0
Population,2022,Female,Not stated,0 - 14 years,Offaly,Number,791.0
Population,2022,Female,Not stated,15-19 years,Offaly,Number,129.0
Population,2022,Female,Not stated,20-24 years,Offaly,Number,150.0
Population,2022,Female,Not stated,25-29 years,Offaly,Number,123.0
Population,2022,Female,Not stated,30-34 years,Offaly,Number,140.0
Population,2022,Female,Not stated,35-39 years,Offaly,Number,159.0
Population,2022,Female,Not stated,40-44 years,Offaly,Number,173.0
Population,2022,Female,Not stated,45-49 years,Offaly,Number,125.0
Population,2022,Female,Not stated,50-54 years,Offaly,Number,120.0
Population,2022,Female,Not stated,55-59 years,Offaly,Number,109.0
Population,2022,Female,Not stated,60-64 years,Offaly,Number,104.0
Population,2022,Female,Not stated,65-69 years,Offaly,Number,95.0
Population,2022,Female,Not stated,70-74 years,Offaly,Number,101.0
Population,2022,Female,Not stated,75-79 years,Offaly,Number,90.0
Population,2022,Female,Not stated,80-84 years,Offaly,Number,66.0
Population,2022,Female,Not stated,85-89 years,Offaly,Number,90.0
Population,2022,Female,Not stated,95 years and over,Offaly,Number,18.0
Population,2022,Female,Not stated,All Ages,Westmeath,Number,3903.0
Population,2022,Female,Not stated,0 - 14 years,Westmeath,Number,950.0
Population,2022,Female,Not stated,15-19 years,Westmeath,Number,221.0
Population,2022,Female,Not stated,20-24 years,Westmeath,Number,207.0
Population,2022,Female,Not stated,25-29 years,Westmeath,Number,219.0
Population,2022,Female,Not stated,30-34 years,Westmeath,Number,259.0
Population,2022,Female,Not stated,35-39 years,Westmeath,Number,327.0
Population,2022,Female,Not stated,40-44 years,Westmeath,Number,261.0
Population,2022,Female,Not stated,45-49 years,Westmeath,Number,234.0
Population,2022,Female,Not stated,50-54 years,Westmeath,Number,195.0
Population,2022,Female,Not stated,55-59 years,Westmeath,Number,181.0
Population,2022,Female,Not stated,60-64 years,Westmeath,Number,145.0
Population,2022,Female,Not stated,65-69 years,Westmeath,Number,160.0
Population,2022,Female,Not stated,70-74 years,Westmeath,Number,140.0
Population,2022,Female,Not stated,75-79 years,Westmeath,Number,121.0
Population,2022,Female,Not stated,80-84 years,Westmeath,Number,97.0
Population,2022,Female,Not stated,85-89 years,Westmeath,Number,161.0
Population,2022,Female,Not stated,95 years and over,Westmeath,Number,25.0
Population,2022,Female,Not stated,All Ages,Wexford,Number,4730.0
Population,2022,Female,Not stated,0 - 14 years,Wexford,Number,1347.0
Population,2022,Female,Not stated,15-19 years,Wexford,Number,276.0
Population,2022,Female,Not stated,20-24 years,Wexford,Number,228.0
Population,2022,Female,Not stated,25-29 years,Wexford,Number,216.0
Population,2022,Female,Not stated,30-34 years,Wexford,Number,290.0
Population,2022,Female,Not stated,35-39 years,Wexford,Number,326.0
Population,2022,Female,Not stated,40-44 years,Wexford,Number,345.0
Population,2022,Female,Not stated,45-49 years,Wexford,Number,255.0
Population,2022,Female,Not stated,50-54 years,Wexford,Number,248.0
Population,2022,Female,Not stated,55-59 years,Wexford,Number,205.0
Population,2022,Female,Not stated,60-64 years,Wexford,Number,208.0
Population,2022,Female,Not stated,65-69 years,Wexford,Number,223.0
Population,2022,Female,Not stated,70-74 years,Wexford,Number,181.0
Population,2022,Female,Not stated,75-79 years,Wexford,Number,164.0
Population,2022,Female,Not stated,80-84 years,Wexford,Number,104.0
Population,2022,Female,Not stated,85-89 years,Wexford,Number,
Population,2022,Female,Not stated,95 years and over,Wexford,Number,
Population,2022,Female,Not stated,All Ages,Wicklow,Number,4134.0
Population,2022,Female,Not stated,0 - 14 years,Wicklow,Number,1064.0
Population,2022,Female,Not stated,15-19 years,Wicklow,Number,240.0
Population,2022,Female,Not stated,20-24 years,Wicklow,Number,191.0
Population,2022,Female,Not stated,25-29 years,Wicklow,Number,210.0
Population,2022,Female,Not stated,30-34 years,Wicklow,Number,221.0
Population,2022,Female,Not stated,35-39 years,Wicklow,Number,300.0
Population,2022,Female,Not stated,40-44 years,Wicklow,Number,347.0
Population,2022,Female,Not stated,45-49 years,Wicklow,Number,268.0
Population,2022,Female,Not stated,50-54 years,Wicklow,Number,225.0
Population,2022,Female,Not stated,55-59 years,Wicklow,Number,196.0
Population,2022,Female,Not stated,60-64 years,Wicklow,Number,189.0
Population,2022,Female,Not stated,65-69 years,Wicklow,Number,166.0
Population,2022,Female,Not stated,70-74 years,Wicklow,Number,143.0
Population,2022,Female,Not stated,75-79 years,Wicklow,Number,150.0
Population,2022,Female,Not stated,80-84 years,Wicklow,Number,85.0
Population,2022,Female,Not stated,85-89 years,Wicklow,Number,117.0
Population,2022,Female,Not stated,95 years and over,Wicklow,Number,22.0
Population,2022,Female,Not stated,All Ages,Clare,Number,4907.0
Population,2022,Female,Not stated,0 - 14 years,Clare,Number,1328.0
Population,2022,Female,Not stated,15-19 years,Clare,Number,265.0
Population,2022,Female,Not stated,20-24 years,Clare,Number,295.0
Population,2022,Female,Not stated,25-29 years,Clare,Number,242.0
Population,2022,Female,Not stated,30-34 years,Clare,Number,308.0
Population,2022,Female,Not stated,35-39 years,Clare,Number,396.0
Population,2022,Female,Not stated,40-44 years,Clare,Number,392.0
Population,2022,Female,Not stated,45-49 years,Clare,Number,300.0
Population,2022,Female,Not stated,50-54 years,Clare,Number,289.0
Population,2022,Female,Not stated,55-59 years,Clare,Number,215.0
Population,2022,Female,Not stated,60-64 years,Clare,Number,207.0
Population,2022,Female,Not stated,65-69 years,Clare,Number,182.0
Population,2022,Female,Not stated,70-74 years,Clare,Number,170.0
Population,2022,Female,Not stated,75-79 years,Clare,Number,118.0
Population,2022,Female,Not stated,80-84 years,Clare,Number,80.0
Population,2022,Female,Not stated,85-89 years,Clare,Number,98.0
Population,2022,Female,Not stated,95 years and over,Clare,Number,22.0
Population,2022,Female,Not stated,All Ages,Cork City,Number,9043.0
Population,2022,Female,Not stated,0 - 14 years,Cork City,Number,1897.0
Population,2022,Female,Not stated,15-19 years,Cork City,Number,466.0
Population,2022,Female,Not stated,20-24 years,Cork City,Number,540.0
Population,2022,Female,Not stated,25-29 years,Cork City,Number,607.0
Population,2022,Female,Not stated,30-34 years,Cork City,Number,774.0
Population,2022,Female,Not stated,35-39 years,Cork City,Number,877.0
Population,2022,Female,Not stated,40-44 years,Cork City,Number,785.0
Population,2022,Female,Not stated,45-49 years,Cork City,Number,571.0
Population,2022,Female,Not stated,50-54 years,Cork City,Number,453.0
Population,2022,Female,Not stated,55-59 years,Cork City,Number,410.0
Population,2022,Female,Not stated,60-64 years,Cork City,Number,367.0
Population,2022,Female,Not stated,65-69 years,Cork City,Number,318.0
Population,2022,Female,Not stated,70-74 years,Cork City,Number,303.0
Population,2022,Female,Not stated,75-79 years,Cork City,Number,265.0
Population,2022,Female,Not stated,80-84 years,Cork City,Number,179.0
Population,2022,Female,Not stated,85-89 years,Cork City,Number,206.0
Population,2022,Female,Not stated,95 years and over,Cork City,Number,25.0
Population,2022,Female,Not stated,All Ages,Cork County,Number,8484.0
Population,2022,Female,Not stated,0 - 14 years,Cork County,Number,2422.0
Population,2022,Female,Not stated,15-19 years,Cork County,Number,488.0
Population,2022,Female,Not stated,20-24 years,Cork County,Number,394.0
Population,2022,Female,Not stated,25-29 years,Cork County,Number,362.0
Population,2022,Female,Not stated,30-34 years,Cork County,Number,497.0
Population,2022,Female,Not stated,35-39 years,Cork County,Number,599.0
Population,2022,Female,Not stated,40-44 years,Cork County,Number,593.0
Population,2022,Female,Not stated,45-49 years,Cork County,Number,468.0
Population,2022,Female,Not stated,50-54 years,Cork County,Number,457.0
Population,2022,Female,Not stated,55-59 years,Cork County,Number,397.0
Population,2022,Female,Not stated,60-64 years,Cork County,Number,385.0
Population,2022,Female,Not stated,65-69 years,Cork County,Number,334.0
Population,2022,Female,Not stated,70-74 years,Cork County,Number,306.0
Population,2022,Female,Not stated,75-79 years,Cork County,Number,287.0
Population,2022,Female,Not stated,80-84 years,Cork County,Number,191.0
Population,2022,Female,Not stated,85-89 years,Cork County,Number,
Population,2022,Female,Not stated,95 years and over,Cork County,Number,
Population,2022,Female,Not stated,All Ages,Kerry,Number,4881.0
Population,2022,Female,Not stated,0 - 14 years,Kerry,Number,1269.0
Population,2022,Female,Not stated,15-19 years,Kerry,Number,272.0
Population,2022,Female,Not stated,20-24 years,Kerry,Number,250.0
Population,2022,Female,Not stated,25-29 years,Kerry,Number,244.0
Population,2022,Female,Not stated,30-34 years,Kerry,Number,273.0
Population,2022,Female,Not stated,35-39 years,Kerry,Number,325.0
Population,2022,Female,Not stated,40-44 years,Kerry,Number,357.0
Population,2022,Female,Not stated,45-49 years,Kerry,Number,273.0
Population,2022,Female,Not stated,50-54 years,Kerry,Number,261.0
Population,2022,Female,Not stated,55-59 years,Kerry,Number,220.0
Population,2022,Female,Not stated,60-64 years,Kerry,Number,222.0
Population,2022,Female,Not stated,65-69 years,Kerry,Number,213.0
Population,2022,Female,Not stated,70-74 years,Kerry,Number,198.0
Population,2022,Female,Not stated,75-79 years,Kerry,Number,179.0
Population,2022,Female,Not stated,80-84 years,Kerry,Number,145.0
Population,2022,Female,Not stated,85-89 years,Kerry,Number,
Population,2022,Female,Not stated,95 years and over,Kerry,Number,
Population,2022,Female,Not stated,All Ages,Limerick City and County,Number,10267.0
Population,2022,Female,Not stated,0 - 14 years,Limerick City and County,Number,2262.0
Population,2022,Female,Not stated,15-19 years,Limerick City and County,Number,606.0
Population,2022,Female,Not stated,20-24 years,Limerick City and County,Number,621.0
Population,2022,Female,Not stated,25-29 years,Limerick City and County,Number,644.0
Population,2022,Female,Not stated,30-34 years,Limerick City and County,Number,785.0
Population,2022,Female,Not stated,35-39 years,Limerick City and County,Number,943.0
Population,2022,Female,Not stated,40-44 years,Limerick City and County,Number,908.0
Population,2022,Female,Not stated,45-49 years,Limerick City and County,Number,672.0
Population,2022,Female,Not stated,50-54 years,Limerick City and County,Number,540.0
Population,2022,Female,Not stated,55-59 years,Limerick City and County,Number,469.0
Population,2022,Female,Not stated,60-64 years,Limerick City and County,Number,432.0
Population,2022,Female,Not stated,65-69 years,Limerick City and County,Number,372.0
Population,2022,Female,Not stated,70-74 years,Limerick City and County,Number,341.0
Population,2022,Female,Not stated,75-79 years,Limerick City and County,Number,262.0
Population,2022,Female,Not stated,80-84 years,Limerick City and County,Number,191.0
Population,2022,Female,Not stated,85-89 years,Limerick City and County,Number,198.0
Population,2022,Female,Not stated,95 years and over,Limerick City and County,Number,21.0
Population,2022,Female,Not stated,All Ages,Tipperary,Number,4897.0
Population,2022,Female,Not stated,0 - 14 years,Tipperary,Number,1418.0
Population,2022,Female,Not stated,15-19 years,Tipperary,Number,255.0
Population,2022,Female,Not stated,20-24 years,Tipperary,Number,307.0
Population,2022,Female,Not stated,25-29 years,Tipperary,Number,221.0
Population,2022,Female,Not stated,30-34 years,Tipperary,Number,321.0
Population,2022,Female,Not stated,35-39 years,Tipperary,Number,345.0
Population,2022,Female,Not stated,40-44 years,Tipperary,Number,366.0
Population,2022,Female,Not stated,45-49 years,Tipperary,Number,283.0
Population,2022,Female,Not stated,50-54 years,Tipperary,Number,250.0
Population,2022,Female,Not stated,55-59 years,Tipperary,Number,237.0
Population,2022,Female,Not stated,60-64 years,Tipperary,Number,198.0
Population,2022,Female,Not stated,65-69 years,Tipperary,Number,170.0
Population,2022,Female,Not stated,70-74 years,Tipperary,Number,165.0
Population,2022,Female,Not stated,75-79 years,Tipperary,Number,143.0
Population,2022,Female,Not stated,80-84 years,Tipperary,Number,106.0
Population,2022,Female,Not stated,85-89 years,Tipperary,Number,102.0
Population,2022,Female,Not stated,95 years and over,Tipperary,Number,10.0
Population,2022,Female,Not stated,All Ages,Waterford City and County,Number,4749.0
Population,2022,Female,Not stated,0 - 14 years,Waterford City and County,Number,1182.0
Population,2022,Female,Not stated,15-19 years,Waterford City and County,Number,269.0
Population,2022,Female,Not stated,20-24 years,Waterford City and County,Number,261.0
Population,2022,Female,Not stated,25-29 years,Waterford City and County,Number,260.0
Population,2022,Female,Not stated,30-34 years,Waterford City and County,Number,345.0
Population,2022,Female,Not stated,35-39 years,Waterford City and County,Number,401.0
Population,2022,Female,Not stated,40-44 years,Waterford City and County,Number,363.0
Population,2022,Female,Not stated,45-49 years,Waterford City and County,Number,317.0
Population,2022,Female,Not stated,50-54 years,Waterford City and County,Number,221.0
Population,2022,Female,Not stated,55-59 years,Waterford City and County,Number,199.0
Population,2022,Female,Not stated,60-64 years,Waterford City and County,Number,194.0
Population,2022,Female,Not stated,65-69 years,Waterford City and County,Number,158.0
Population,2022,Female,Not stated,70-74 years,Waterford City and County,Number,176.0
Population,2022,Female,Not stated,75-79 years,Waterford City and County,Number,138.0
Population,2022,Female,Not stated,80-84 years,Waterford City and County,Number,114.0
Population,2022,Female,Not stated,85-89 years,Waterford City and County,Number,134.0
Population,2022,Female,Not stated,95 years and over,Waterford City and County,Number,17.0
Population,2022,Female,Not stated,All Ages,Galway City,Number,4994.0
Population,2022,Female,Not stated,0 - 14 years,Galway City,Number,937.0
Population,2022,Female,Not stated,15-19 years,Galway City,Number,309.0
Population,2022,Female,Not stated,20-24 years,Galway City,Number,474.0
Population,2022,Female,Not stated,25-29 years,Galway City,Number,379.0
Population,2022,Female,Not stated,30-34 years,Galway City,Number,435.0
Population,2022,Female,Not stated,35-39 years,Galway City,Number,451.0
Population,2022,Female,Not stated,40-44 years,Galway City,Number,447.0
Population,2022,Female,Not stated,45-49 years,Galway City,Number,339.0
Population,2022,Female,Not stated,50-54 years,Galway City,Number,256.0
Population,2022,Female,Not stated,55-59 years,Galway City,Number,213.0
Population,2022,Female,Not stated,60-64 years,Galway City,Number,187.0
Population,2022,Female,Not stated,65-69 years,Galway City,Number,170.0
Population,2022,Female,Not stated,70-74 years,Galway City,Number,121.0
Population,2022,Female,Not stated,75-79 years,Galway City,Number,125.0
Population,2022,Female,Not stated,80-84 years,Galway City,Number,70.0
Population,2022,Female,Not stated,85-89 years,Galway City,Number,68.0
Population,2022,Female,Not stated,95 years and over,Galway City,Number,13.0
Population,2022,Female,Not stated,All Ages,Galway County,Number,5304.0
Population,2022,Female,Not stated,0 - 14 years,Galway County,Number,1516.0
Population,2022,Female,Not stated,15-19 years,Galway County,Number,306.0
Population,2022,Female,Not stated,20-24 years,Galway County,Number,273.0
Population,2022,Female,Not stated,25-29 years,Galway County,Number,247.0
Population,2022,Female,Not stated,30-34 years,Galway County,Number,339.0
Population,2022,Female,Not stated,35-39 years,Galway County,Number,352.0
Population,2022,Female,Not stated,40-44 years,Galway County,Number,358.0
Population,2022,Female,Not stated,45-49 years,Galway County,Number,295.0
Population,2022,Female,Not stated,50-54 years,Galway County,Number,296.0
Population,2022,Female,Not stated,55-59 years,Galway County,Number,257.0
Population,2022,Female,Not stated,60-64 years,Galway County,Number,229.0
Population,2022,Female,Not stated,65-69 years,Galway County,Number,233.0
Population,2022,Female,Not stated,70-74 years,Galway County,Number,218.0
Population,2022,Female,Not stated,75-79 years,Galway County,Number,147.0
Population,2022,Female,Not stated,80-84 years,Galway County,Number,102.0
Population,2022,Female,Not stated,85-89 years,Galway County,Number,119.0
Population,2022,Female,Not stated,95 years and over,Galway County,Number,17.0
Population,2022,Female,Not stated,All Ages,Leitrim,Number,935.0
Population,2022,Female,Not stated,0 - 14 years,Leitrim,Number,296.0
Population,2022,Female,Not stated,15-19 years,Leitrim,Number,52.0
Population,2022,Female,Not stated,20-24 years,Leitrim,Number,43.0
Population,2022,Female,Not stated,25-29 years,Leitrim,Number,41.0
Population,2022,Female,Not stated,30-34 years,Leitrim,Number,47.0
Population,2022,Female,Not stated,35-39 years,Leitrim,Number,58.0
Population,2022,Female,Not stated,40-44 years,Leitrim,Number,55.0
Population,2022,Female,Not stated,45-49 years,Leitrim,Number,42.0
Population,2022,Female,Not stated,50-54 years,Leitrim,Number,58.0
Population,2022,Female,Not stated,55-59 years,Leitrim,Number,57.0
Population,2022,Female,Not stated,60-64 years,Leitrim,Number,38.0
Population,2022,Female,Not stated,65-69 years,Leitrim,Number,41.0
Population,2022,Female,Not stated,70-74 years,Leitrim,Number,38.0
Population,2022,Female,Not stated,75-79 years,Leitrim,Number,30.0
Population,2022,Female,Not stated,80-84 years,Leitrim,Number,18.0
Population,2022,Female,Not stated,85-89 years,Leitrim,Number,14.0
Population,2022,Female,Not stated,95 years and over,Leitrim,Number,7.0
Population,2022,Female,Not stated,All Ages,Mayo,Number,3572.0
Population,2022,Female,Not stated,0 - 14 years,Mayo,Number,1024.0
Population,2022,Female,Not stated,15-19 years,Mayo,Number,175.0
Population,2022,Female,Not stated,20-24 years,Mayo,Number,167.0
Population,2022,Female,Not stated,25-29 years,Mayo,Number,142.0
Population,2022,Female,Not stated,30-34 years,Mayo,Number,208.0
Population,2022,Female,Not stated,35-39 years,Mayo,Number,230.0
Population,2022,Female,Not stated,40-44 years,Mayo,Number,229.0
Population,2022,Female,Not stated,45-49 years,Mayo,Number,189.0
Population,2022,Female,Not stated,50-54 years,Mayo,Number,191.0
Population,2022,Female,Not stated,55-59 years,Mayo,Number,158.0
Population,2022,Female,Not stated,60-64 years,Mayo,Number,188.0
Population,2022,Female,Not stated,65-69 years,Mayo,Number,155.0
Population,2022,Female,Not stated,70-74 years,Mayo,Number,165.0
Population,2022,Female,Not stated,75-79 years,Mayo,Number,126.0
Population,2022,Female,Not stated,80-84 years,Mayo,Number,89.0
Population,2022,Female,Not stated,85-89 years,Mayo,Number,126.0
Population,2022,Female,Not stated,95 years and over,Mayo,Number,10.0
Population,2022,Female,Not stated,All Ages,Roscommon,Number,1915.0
Population,2022,Female,Not stated,0 - 14 years,Roscommon,Number,569.0
Population,2022,Female,Not stated,15-19 years,Roscommon,Number,101.0
Population,2022,Female,Not stated,20-24 years,Roscommon,Number,106.0
Population,2022,Female,Not stated,25-29 years,Roscommon,Number,83.0
Population,2022,Female,Not stated,30-34 years,Roscommon,Number,118.0
Population,2022,Female,Not stated,35-39 years,Roscommon,Number,125.0
Population,2022,Female,Not stated,40-44 years,Roscommon,Number,126.0
Population,2022,Female,Not stated,45-49 years,Roscommon,Number,84.0
Population,2022,Female,Not stated,50-54 years,Roscommon,Number,93.0
Population,2022,Female,Not stated,55-59 years,Roscommon,Number,87.0
Population,2022,Female,Not stated,60-64 years,Roscommon,Number,77.0
Population,2022,Female,Not stated,65-69 years,Roscommon,Number,90.0
Population,2022,Female,Not stated,70-74 years,Roscommon,Number,75.0
Population,2022,Female,Not stated,75-79 years,Roscommon,Number,65.0
Population,2022,Female,Not stated,80-84 years,Roscommon,Number,45.0
Population,2022,Female,Not stated,85-89 years,Roscommon,Number,59.0
Population,2022,Female,Not stated,95 years and over,Roscommon,Number,12.0
Population,2022,Female,Not stated,All Ages,Sligo,Number,2222.0
Population,2022,Female,Not stated,0 - 14 years,Sligo,Number,525.0
Population,2022,Female,Not stated,15-19 years,Sligo,Number,114.0
Population,2022,Female,Not stated,20-24 years,Sligo,Number,146.0
Population,2022,Female,Not stated,25-29 years,Sligo,Number,117.0
Population,2022,Female,Not stated,30-34 years,Sligo,Number,148.0
Population,2022,Female,Not stated,35-39 years,Sligo,Number,173.0
Population,2022,Female,Not stated,40-44 years,Sligo,Number,151.0
Population,2022,Female,Not stated,45-49 years,Sligo,Number,143.0
Population,2022,Female,Not stated,50-54 years,Sligo,Number,121.0
Population,2022,Female,Not stated,55-59 years,Sligo,Number,104.0
Population,2022,Female,Not stated,60-64 years,Sligo,Number,102.0
Population,2022,Female,Not stated,65-69 years,Sligo,Number,104.0
Population,2022,Female,Not stated,70-74 years,Sligo,Number,94.0
Population,2022,Female,Not stated,75-79 years,Sligo,Number,64.0
Population,2022,Female,Not stated,80-84 years,Sligo,Number,43.0
Population,2022,Female,Not stated,85-89 years,Sligo,Number,60.0
Population,2022,Female,Not stated,95 years and over,Sligo,Number,13.0
Population,2022,Female,Not stated,All Ages,Cavan,Number,2530.0
Population,2022,Female,Not stated,0 - 14 years,Cavan,Number,838.0
Population,2022,Female,Not stated,15-19 years,Cavan,Number,140.0
Population,2022,Female,Not stated,20-24 years,Cavan,Number,132.0
Population,2022,Female,Not stated,25-29 years,Cavan,Number,101.0
Population,2022,Female,Not stated,30-34 years,Cavan,Number,120.0
Population,2022,Female,Not stated,35-39 years,Cavan,Number,169.0
Population,2022,Female,Not stated,40-44 years,Cavan,Number,172.0
Population,2022,Female,Not stated,45-49 years,Cavan,Number,150.0
Population,2022,Female,Not stated,50-54 years,Cavan,Number,118.0
Population,2022,Female,Not stated,55-59 years,Cavan,Number,105.0
Population,2022,Female,Not stated,60-64 years,Cavan,Number,119.0
Population,2022,Female,Not stated,65-69 years,Cavan,Number,96.0
Population,2022,Female,Not stated,70-74 years,Cavan,Number,86.0
Population,2022,Female,Not stated,75-79 years,Cavan,Number,61.0
Population,2022,Female,Not stated,80-84 years,Cavan,Number,60.0
Population,2022,Female,Not stated,85-89 years,Cavan,Number,56.0
Population,2022,Female,Not stated,95 years and over,Cavan,Number,7.0
Population,2022,Female,Not stated,All Ages,Donegal,Number,4428.0
Population,2022,Female,Not stated,0 - 14 years,Donegal,Number,1245.0
Population,2022,Female,Not stated,15-19 years,Donegal,Number,310.0
Population,2022,Female,Not stated,20-24 years,Donegal,Number,218.0
Population,2022,Female,Not stated,25-29 years,Donegal,Number,195.0
Population,2022,Female,Not stated,30-34 years,Donegal,Number,291.0
Population,2022,Female,Not stated,35-39 years,Donegal,Number,291.0
Population,2022,Female,Not stated,40-44 years,Donegal,Number,297.0
Population,2022,Female,Not stated,45-49 years,Donegal,Number,253.0
Population,2022,Female,Not stated,50-54 years,Donegal,Number,261.0
Population,2022,Female,Not stated,55-59 years,Donegal,Number,220.0
Population,2022,Female,Not stated,60-64 years,Donegal,Number,188.0
Population,2022,Female,Not stated,65-69 years,Donegal,Number,177.0
Population,2022,Female,Not stated,70-74 years,Donegal,Number,168.0
Population,2022,Female,Not stated,75-79 years,Donegal,Number,120.0
Population,2022,Female,Not stated,80-84 years,Donegal,Number,90.0
Population,2022,Female,Not stated,85-89 years,Donegal,Number,91.0
Population,2022,Female,Not stated,95 years and over,Donegal,Number,13.0
Population,2022,Female,Not stated,All Ages,Monaghan,Number,1613.0
Population,2022,Female,Not stated,0 - 14 years,Monaghan,Number,537.0
Population,2022,Female,Not stated,15-19 years,Monaghan,Number,91.0
Population,2022,Female,Not stated,20-24 years,Monaghan,Number,74.0
Population,2022,Female,Not stated,25-29 years,Monaghan,Number,77.0
Population,2022,Female,Not stated,30-34 years,Monaghan,Number,109.0
Population,2022,Female,Not stated,35-39 years,Monaghan,Number,113.0
Population,2022,Female,Not stated,40-44 years,Monaghan,Number,104.0
Population,2022,Female,Not stated,45-49 years,Monaghan,Number,84.0
Population,2022,Female,Not stated,50-54 years,Monaghan,Number,82.0
Population,2022,Female,Not stated,55-59 years,Monaghan,Number,54.0
Population,2022,Female,Not stated,60-64 years,Monaghan,Number,62.0
Population,2022,Female,Not stated,65-69 years,Monaghan,Number,63.0
Population,2022,Female,Not stated,70-74 years,Monaghan,Number,62.0
Population,2022,Female,Not stated,75-79 years,Monaghan,Number,29.0
Population,2022,Female,Not stated,80-84 years,Monaghan,Number,25.0
Population,2022,Female,Not stated,85-89 years,Monaghan,Number,41.0
Population,2022,Female,Not stated,95 years and over,Monaghan,Number,6.0
